step,loss,lr,psnr_in,psnr_out,secs,entropy
50,0.132145,2.000e-04,,,4,
100,0.094378,2.000e-04,,,6,
150,0.111453,2.000e-04,,,9,
200,0.083760,2.000e-04,,,11,
250,0.081992,2.000e-04,,,13,
300,0.075455,2.000e-04,,,15,
350,0.087315,2.000e-04,,,17,
400,0.077473,2.000e-04,,,19,
450,0.088278,2.000e-04,,,21,
500,0.076011,2.000e-04,,,23,
550,0.061128,2.000e-04,,,25,
600,0.071753,2.000e-04,,,27,
650,0.088671,2.000e-04,,,29,
700,0.052402,2.000e-04,,,31,
750,0.062068,2.000e-04,,,33,
800,0.053582,2.000e-04,,,35,
850,0.066378,2.000e-04,,,37,
900,0.057419,2.000e-04,,,39,
950,0.066883,2.000e-04,,,41,
1000,0.061719,2.000e-04,,,43,
1050,0.058378,2.000e-04,,,45,
1100,0.059118,2.000e-04,,,48,
1150,0.050779,2.000e-04,,,50,
1200,0.058954,2.000e-04,,,52,
1250,0.068924,2.000e-04,,,54,
1300,0.054422,2.000e-04,,,56,
1350,0.047366,2.000e-04,,,58,
1400,0.064884,2.000e-04,,,60,
1450,0.057502,2.000e-04,,,62,
1500,0.055723,2.000e-04,,,64,
1550,0.078660,2.000e-04,,,66,
1600,0.050962,2.000e-04,,,68,
1650,0.062595,2.000e-04,,,71,
1700,0.044247,2.000e-04,,,73,
1750,0.044437,2.000e-04,,,75,
1800,0.042953,2.000e-04,,,77,
1850,0.052715,2.000e-04,,,79,
1900,0.066261,2.000e-04,,,81,
1950,0.046608,2.000e-04,,,83,
2000,0.050733,2.000e-04,,,85,
2000,,,21.501,25.310,86,
2050,0.058762,1.999e-04,,,88,
2100,0.042425,1.999e-04,,,90,
2150,0.039316,1.999e-04,,,92,
2200,0.054074,1.999e-04,,,94,
2250,0.035450,1.999e-04,,,96,
2300,0.053602,1.999e-04,,,98,
2350,0.037808,1.999e-04,,,100,
2400,0.049221,1.999e-04,,,102,
2450,0.042307,1.999e-04,,,105,
2500,0.049232,1.999e-04,,,107,
2550,0.057659,1.999e-04,,,109,
2600,0.056782,1.999e-04,,,111,
2650,0.048563,1.999e-04,,,113,
2700,0.043381,1.999e-04,,,115,
2750,0.055712,1.999e-04,,,117,
2800,0.040997,1.999e-04,,,119,
2850,0.040779,1.999e-04,,,121,
2900,0.042068,1.999e-04,,,123,
2950,0.065125,1.999e-04,,,125,
3000,0.043830,1.999e-04,,,128,
3050,0.035122,1.999e-04,,,130,
3100,0.060408,1.999e-04,,,132,
3150,0.038176,1.999e-04,,,134,
3200,0.039731,1.999e-04,,,136,
3250,0.032774,1.999e-04,,,138,
3300,0.035860,1.999e-04,,,140,
3350,0.046874,1.999e-04,,,142,
3400,0.041468,1.999e-04,,,144,
3450,0.046476,1.999e-04,,,146,
3500,0.047556,1.998e-04,,,149,
3550,0.027512,1.998e-04,,,151,
3600,0.042638,1.998e-04,,,153,
3650,0.041777,1.998e-04,,,155,
3700,0.030166,1.998e-04,,,157,
3750,0.039229,1.998e-04,,,159,
3800,0.047924,1.998e-04,,,161,
3850,0.044492,1.998e-04,,,163,
3900,0.044173,1.998e-04,,,165,
3950,0.039515,1.998e-04,,,167,
4000,0.049223,1.998e-04,,,169,
4000,,,21.501,25.936,169,
4050,0.036526,1.998e-04,,,172,
4100,0.044322,1.998e-04,,,174,
4150,0.035222,1.998e-04,,,176,
4200,0.043614,1.998e-04,,,178,
4250,0.044769,1.998e-04,,,180,
4300,0.031223,1.998e-04,,,182,
4350,0.035506,1.998e-04,,,184,
4400,0.040867,1.998e-04,,,186,
4450,0.037577,1.998e-04,,,188,
4500,0.034255,1.998e-04,,,190,
4550,0.051003,1.997e-04,,,193,
4600,0.032267,1.997e-04,,,195,
4650,0.053663,1.997e-04,,,197,
4700,0.033188,1.997e-04,,,199,
4750,0.029994,1.997e-04,,,201,
4800,0.039957,1.997e-04,,,203,
4850,0.042327,1.997e-04,,,205,
4900,0.055851,1.997e-04,,,207,
4950,0.039204,1.997e-04,,,209,
5000,0.041243,1.997e-04,,,212,
5050,0.042728,1.997e-04,,,214,
5100,0.035341,1.997e-04,,,216,
5150,0.040262,1.997e-04,,,218,
5200,0.042541,1.997e-04,,,220,
5250,0.035189,1.997e-04,,,222,
5300,0.031118,1.997e-04,,,224,
5350,0.037275,1.996e-04,,,226,
5400,0.048758,1.996e-04,,,228,
5450,0.038240,1.996e-04,,,230,
5500,0.033355,1.996e-04,,,232,
5550,0.036466,1.996e-04,,,234,
5600,0.044558,1.996e-04,,,237,
5650,0.037449,1.996e-04,,,239,
5700,0.040080,1.996e-04,,,241,
5750,0.033475,1.996e-04,,,243,
5800,0.039371,1.996e-04,,,245,
5850,0.047123,1.996e-04,,,247,
5900,0.045068,1.996e-04,,,249,
5950,0.040477,1.996e-04,,,251,
6000,0.030108,1.996e-04,,,253,
6000,,,21.501,29.960,253,
6050,0.043491,1.996e-04,,,255,
6100,0.049872,1.995e-04,,,257,
6150,0.031302,1.995e-04,,,259,
6200,0.024811,1.995e-04,,,262,
6250,0.044023,1.995e-04,,,264,
6300,0.036236,1.995e-04,,,266,
6350,0.037786,1.995e-04,,,268,
6400,0.032345,1.995e-04,,,270,
6450,0.037365,1.995e-04,,,272,
6500,0.039288,1.995e-04,,,274,
6550,0.032791,1.995e-04,,,276,
6600,0.050806,1.995e-04,,,278,
6650,0.027877,1.995e-04,,,281,
6700,0.036838,1.994e-04,,,283,
6750,0.051579,1.994e-04,,,285,
6800,0.029531,1.994e-04,,,287,
6850,0.036661,1.994e-04,,,289,
6900,0.037965,1.994e-04,,,291,
6950,0.031021,1.994e-04,,,293,
7000,0.039826,1.994e-04,,,295,
7050,0.040760,1.994e-04,,,297,
7100,0.036352,1.994e-04,,,299,
7150,0.047194,1.994e-04,,,301,
7200,0.038814,1.994e-04,,,303,
7250,0.034161,1.994e-04,,,306,
7300,0.033718,1.993e-04,,,308,
7350,0.028995,1.993e-04,,,310,
7400,0.031635,1.993e-04,,,312,
7450,0.029711,1.993e-04,,,314,
7500,0.037969,1.993e-04,,,316,
7550,0.036150,1.993e-04,,,318,
7600,0.046483,1.993e-04,,,320,
7650,0.041208,1.993e-04,,,322,
7700,0.035713,1.993e-04,,,324,
7750,0.034158,1.993e-04,,,326,
7800,0.038617,1.993e-04,,,329,
7850,0.030949,1.992e-04,,,331,
7900,0.035460,1.992e-04,,,333,
7950,0.056351,1.992e-04,,,335,
8000,0.032662,1.992e-04,,,337,
8000,,,21.501,30.122,337,
8050,0.046559,1.992e-04,,,339,
8100,0.024624,1.992e-04,,,341,
8150,0.032562,1.992e-04,,,343,
8200,0.037100,1.992e-04,,,345,
8250,0.035421,1.992e-04,,,348,
8300,0.041248,1.992e-04,,,350,
8350,0.039033,1.991e-04,,,352,
8400,0.040955,1.991e-04,,,354,
8450,0.036309,1.991e-04,,,356,
8500,0.040680,1.991e-04,,,358,
8550,0.035336,1.991e-04,,,360,
8600,0.029264,1.991e-04,,,362,
8650,0.029235,1.991e-04,,,364,
8700,0.031621,1.991e-04,,,366,
8750,0.040536,1.991e-04,,,368,
8800,0.039581,1.991e-04,,,370,
8850,0.040833,1.990e-04,,,373,
8900,0.038149,1.990e-04,,,375,
8950,0.041892,1.990e-04,,,377,
9000,0.047777,1.990e-04,,,379,
9050,0.036778,1.990e-04,,,381,
9100,0.038008,1.990e-04,,,383,
9150,0.030618,1.990e-04,,,385,
9200,0.033811,1.990e-04,,,387,
9250,0.037729,1.990e-04,,,389,
9300,0.039268,1.989e-04,,,391,
9350,0.029508,1.989e-04,,,394,
9400,0.034770,1.989e-04,,,396,
9450,0.030820,1.989e-04,,,398,
9500,0.035285,1.989e-04,,,400,
9550,0.047268,1.989e-04,,,402,
9600,0.031761,1.989e-04,,,404,
9650,0.035053,1.989e-04,,,406,
9700,0.030448,1.988e-04,,,408,
9750,0.043492,1.988e-04,,,411,
9800,0.024688,1.988e-04,,,413,
9850,0.028336,1.988e-04,,,415,
9900,0.028784,1.988e-04,,,417,
9950,0.036515,1.988e-04,,,419,
10000,0.029439,1.988e-04,,,421,
10000,,,21.501,30.551,421,
10050,0.036209,1.988e-04,,,423,
10100,0.033843,1.988e-04,,,425,
10150,0.027854,1.987e-04,,,427,
10200,0.032208,1.987e-04,,,429,
10250,0.052744,1.987e-04,,,431,
10300,0.040373,1.987e-04,,,434,
10350,0.036051,1.987e-04,,,436,
10400,0.029698,1.987e-04,,,438,
10450,0.038362,1.987e-04,,,440,
10500,0.028270,1.986e-04,,,442,
10550,0.036799,1.986e-04,,,444,
10600,0.031015,1.986e-04,,,446,
10650,0.041890,1.986e-04,,,448,
10700,0.036098,1.986e-04,,,450,
10750,0.034316,1.986e-04,,,452,
10800,0.034224,1.986e-04,,,454,
10850,0.034535,1.986e-04,,,457,
10900,0.044928,1.985e-04,,,459,
10950,0.032046,1.985e-04,,,461,
11000,0.035760,1.985e-04,,,463,
11050,0.030275,1.985e-04,,,465,
11100,0.031937,1.985e-04,,,467,
11150,0.036439,1.985e-04,,,469,
11200,0.039596,1.985e-04,,,471,
11250,0.042993,1.985e-04,,,473,
11300,0.034406,1.984e-04,,,475,
11350,0.033189,1.984e-04,,,477,
11400,0.024788,1.984e-04,,,479,
11450,0.041116,1.984e-04,,,482,
11500,0.032057,1.984e-04,,,484,
11550,0.055632,1.984e-04,,,486,
11600,0.037387,1.984e-04,,,488,
11650,0.039824,1.983e-04,,,490,
11700,0.038575,1.983e-04,,,492,
11750,0.032997,1.983e-04,,,494,
11800,0.037184,1.983e-04,,,496,
11850,0.038064,1.983e-04,,,498,
11900,0.038016,1.983e-04,,,500,
11950,0.029515,1.983e-04,,,502,
12000,0.051336,1.982e-04,,,504,
12000,,,21.501,29.389,505,
12050,0.031565,1.982e-04,,,507,
12100,0.038803,1.982e-04,,,509,
12150,0.029678,1.982e-04,,,511,
12200,0.044741,1.982e-04,,,513,
12250,0.033470,1.982e-04,,,515,
12300,0.030179,1.981e-04,,,517,
12350,0.035636,1.981e-04,,,519,
12400,0.037598,1.981e-04,,,521,
12450,0.027646,1.981e-04,,,523,
12500,0.031671,1.981e-04,,,525,
12550,0.030760,1.981e-04,,,527,
12600,0.036962,1.981e-04,,,530,
12650,0.027946,1.980e-04,,,532,
12700,0.038973,1.980e-04,,,534,
12750,0.040882,1.980e-04,,,536,
12800,0.039722,1.980e-04,,,538,
12850,0.043664,1.980e-04,,,540,
12900,0.033617,1.980e-04,,,542,
12950,0.039110,1.979e-04,,,544,
13000,0.034235,1.979e-04,,,546,
13050,0.044622,1.979e-04,,,548,
13100,0.029029,1.979e-04,,,551,
13150,0.032862,1.979e-04,,,553,
13200,0.032981,1.979e-04,,,555,
13250,0.031155,1.979e-04,,,557,
13300,0.034156,1.978e-04,,,559,
13350,0.030986,1.978e-04,,,561,
13400,0.037975,1.978e-04,,,563,
13450,0.035270,1.978e-04,,,565,
13500,0.036736,1.978e-04,,,567,
13550,0.030775,1.978e-04,,,569,
13600,0.036646,1.977e-04,,,571,
13650,0.048606,1.977e-04,,,573,
13700,0.027614,1.977e-04,,,576,
13750,0.037898,1.977e-04,,,578,
13800,0.032181,1.977e-04,,,580,
13850,0.030926,1.977e-04,,,582,
13900,0.036643,1.976e-04,,,584,
13950,0.026655,1.976e-04,,,586,
14000,0.040030,1.976e-04,,,588,
14000,,,21.501,29.267,588,
14050,0.032540,1.976e-04,,,590,
14100,0.030014,1.976e-04,,,592,
14150,0.028177,1.976e-04,,,594,
14200,0.038449,1.975e-04,,,596,
14250,0.024571,1.975e-04,,,598,
14300,0.034564,1.975e-04,,,601,
14350,0.035549,1.975e-04,,,603,
14400,0.033536,1.975e-04,,,605,
14450,0.041315,1.974e-04,,,607,
14500,0.042156,1.974e-04,,,609,
14550,0.027103,1.974e-04,,,611,
14600,0.041863,1.974e-04,,,613,
14650,0.033867,1.974e-04,,,615,
14700,0.031824,1.974e-04,,,617,
14750,0.031893,1.973e-04,,,620,
14800,0.031086,1.973e-04,,,622,
14850,0.028420,1.973e-04,,,624,
14900,0.032091,1.973e-04,,,626,
14950,0.031832,1.973e-04,,,628,
15000,0.029852,1.973e-04,,,630,
15050,0.029490,1.972e-04,,,632,
15100,0.037762,1.972e-04,,,634,
15150,0.027923,1.972e-04,,,636,
15200,0.028300,1.972e-04,,,638,
15250,0.021194,1.972e-04,,,640,
15300,0.034066,1.971e-04,,,642,
15350,0.030318,1.971e-04,,,645,
15400,0.021556,1.971e-04,,,647,
15450,0.038686,1.971e-04,,,649,
15500,0.032445,1.971e-04,,,651,
15550,0.032216,1.970e-04,,,653,
15600,0.031902,1.970e-04,,,655,
15650,0.033474,1.970e-04,,,657,
15700,0.022010,1.970e-04,,,659,
15750,0.040419,1.970e-04,,,661,
15800,0.034740,1.970e-04,,,663,
15850,0.033925,1.969e-04,,,665,
15900,0.035476,1.969e-04,,,668,
15950,0.024668,1.969e-04,,,670,
16000,0.032406,1.969e-04,,,672,
16000,,,21.501,30.537,672,
16050,0.033473,1.969e-04,,,674,
16100,0.041181,1.968e-04,,,676,
16150,0.034929,1.968e-04,,,678,
16200,0.028029,1.968e-04,,,680,
16250,0.032088,1.968e-04,,,682,
16300,0.037915,1.968e-04,,,684,
16350,0.031274,1.967e-04,,,686,
16400,0.033068,1.967e-04,,,689,
16450,0.025265,1.967e-04,,,691,
16500,0.026681,1.967e-04,,,693,
16550,0.041891,1.967e-04,,,695,
16600,0.028141,1.966e-04,,,697,
16650,0.043728,1.966e-04,,,699,
16700,0.034467,1.966e-04,,,701,
16750,0.033094,1.966e-04,,,703,
16800,0.040612,1.966e-04,,,705,
16850,0.035566,1.965e-04,,,707,
16900,0.037146,1.965e-04,,,709,
16950,0.036894,1.965e-04,,,712,
17000,0.032233,1.965e-04,,,714,
17050,0.028793,1.965e-04,,,716,
17100,0.032837,1.964e-04,,,718,
17150,0.042412,1.964e-04,,,720,
17200,0.038826,1.964e-04,,,722,
17250,0.035554,1.964e-04,,,724,
17300,0.036320,1.963e-04,,,726,
17350,0.035272,1.963e-04,,,728,
17400,0.033751,1.963e-04,,,730,
17450,0.035748,1.963e-04,,,732,
17500,0.034277,1.963e-04,,,735,
17550,0.036162,1.962e-04,,,737,
17600,0.029555,1.962e-04,,,739,
17650,0.033299,1.962e-04,,,741,
17700,0.024540,1.962e-04,,,743,
17750,0.038034,1.962e-04,,,745,
17800,0.035178,1.961e-04,,,747,
17850,0.029308,1.961e-04,,,749,
17900,0.037550,1.961e-04,,,751,
17950,0.033862,1.961e-04,,,753,
18000,0.037596,1.960e-04,,,756,
18000,,,21.501,29.782,756,
18050,0.041791,1.960e-04,,,758,
18100,0.025782,1.960e-04,,,760,
18150,0.031381,1.960e-04,,,762,
18200,0.033224,1.960e-04,,,764,
18250,0.027793,1.959e-04,,,766,
18300,0.034179,1.959e-04,,,768,
18350,0.046354,1.959e-04,,,770,
18400,0.029807,1.959e-04,,,772,
18450,0.032662,1.959e-04,,,774,
18500,0.040650,1.958e-04,,,777,
18550,0.028967,1.958e-04,,,779,
18600,0.030707,1.958e-04,,,781,
18650,0.029260,1.958e-04,,,783,
18700,0.034582,1.957e-04,,,785,
18750,0.037168,1.957e-04,,,787,
18800,0.039141,1.957e-04,,,789,
18850,0.036757,1.957e-04,,,791,
18900,0.019822,1.956e-04,,,793,
18950,0.026771,1.956e-04,,,795,
19000,0.032494,1.956e-04,,,797,
19050,0.044321,1.956e-04,,,800,
19100,0.028584,1.956e-04,,,802,
19150,0.029292,1.955e-04,,,804,
19200,0.048623,1.955e-04,,,806,
19250,0.028717,1.955e-04,,,808,
19300,0.031849,1.955e-04,,,810,
19350,0.039730,1.954e-04,,,812,
19400,0.045911,1.954e-04,,,814,
19450,0.039488,1.954e-04,,,816,
19500,0.029743,1.954e-04,,,819,
19550,0.030741,1.953e-04,,,821,
19600,0.026617,1.953e-04,,,823,
19650,0.028101,1.953e-04,,,825,
19700,0.035417,1.953e-04,,,827,
19750,0.020340,1.953e-04,,,829,
19800,0.032913,1.952e-04,,,831,
19850,0.048072,1.952e-04,,,833,
19900,0.033156,1.952e-04,,,835,
19950,0.039385,1.952e-04,,,837,
20000,0.038270,1.951e-04,,,839,
20000,,,21.501,28.801,839,
20050,0.034816,1.951e-04,,,842,
20100,0.039453,1.951e-04,,,844,
20150,0.036003,1.951e-04,,,846,
20200,0.034314,1.950e-04,,,848,
20250,0.038212,1.950e-04,,,850,
20300,0.036141,1.950e-04,,,852,
20350,0.028828,1.950e-04,,,854,
20400,0.029420,1.949e-04,,,856,
20450,0.033049,1.949e-04,,,858,
20500,0.035396,1.949e-04,,,860,
20550,0.040263,1.949e-04,,,863,
20600,0.032437,1.948e-04,,,865,
20650,0.029991,1.948e-04,,,867,
20700,0.028074,1.948e-04,,,869,
20750,0.038066,1.948e-04,,,871,
20800,0.026471,1.947e-04,,,873,
20850,0.028857,1.947e-04,,,875,
20900,0.031711,1.947e-04,,,877,
20950,0.031317,1.947e-04,,,879,
21000,0.036140,1.946e-04,,,882,
21050,0.036082,1.946e-04,,,884,
21100,0.040532,1.946e-04,,,886,
21150,0.035782,1.946e-04,,,888,
21200,0.027003,1.945e-04,,,890,
21250,0.037663,1.945e-04,,,892,
21300,0.024354,1.945e-04,,,894,
21350,0.029872,1.945e-04,,,896,
21400,0.030535,1.944e-04,,,898,
21450,0.042576,1.944e-04,,,900,
21500,0.034502,1.944e-04,,,903,
21550,0.027874,1.944e-04,,,905,
21600,0.033974,1.943e-04,,,907,
21650,0.025097,1.943e-04,,,909,
21700,0.024631,1.943e-04,,,911,
21750,0.026238,1.942e-04,,,913,
21800,0.034701,1.942e-04,,,915,
21850,0.033231,1.942e-04,,,917,
21900,0.046716,1.942e-04,,,919,
21950,0.026467,1.941e-04,,,921,
22000,0.027679,1.941e-04,,,923,
22000,,,21.501,30.082,923,
22050,0.039533,1.941e-04,,,926,
22100,0.021860,1.941e-04,,,928,
22150,0.034626,1.940e-04,,,930,
22200,0.037448,1.940e-04,,,932,
22250,0.026129,1.940e-04,,,934,
22300,0.040308,1.940e-04,,,936,
22350,0.029881,1.939e-04,,,938,
22400,0.032199,1.939e-04,,,940,
22450,0.033044,1.939e-04,,,942,
22500,0.027402,1.939e-04,,,945,
22550,0.034671,1.938e-04,,,947,
22600,0.036618,1.938e-04,,,949,
22650,0.033031,1.938e-04,,,951,
22700,0.029030,1.937e-04,,,953,
22750,0.032508,1.937e-04,,,955,
22800,0.033376,1.937e-04,,,957,
22850,0.028658,1.937e-04,,,959,
22900,0.031705,1.936e-04,,,961,
22950,0.030721,1.936e-04,,,963,
23000,0.029221,1.936e-04,,,966,
23050,0.030216,1.935e-04,,,968,
23100,0.033211,1.935e-04,,,970,
23150,0.036442,1.935e-04,,,972,
23200,0.029825,1.935e-04,,,974,
23250,0.041354,1.934e-04,,,976,
23300,0.032613,1.934e-04,,,978,
23350,0.034090,1.934e-04,,,980,
23400,0.040958,1.934e-04,,,982,
23450,0.033697,1.933e-04,,,984,
23500,0.019399,1.933e-04,,,986,
23550,0.028952,1.933e-04,,,989,
23600,0.032325,1.932e-04,,,991,
23650,0.032947,1.932e-04,,,993,
23700,0.030944,1.932e-04,,,995,
23750,0.033524,1.932e-04,,,997,
23800,0.031626,1.931e-04,,,999,
23850,0.039762,1.931e-04,,,1001,
23900,0.047306,1.931e-04,,,1003,
23950,0.046098,1.930e-04,,,1005,
24000,0.035822,1.930e-04,,,1007,
24000,,,21.501,30.816,1007,
24050,0.028955,1.930e-04,,,1010,
24100,0.035089,1.930e-04,,,1012,
24150,0.032215,1.929e-04,,,1014,
24200,0.028071,1.929e-04,,,1016,
24250,0.032267,1.929e-04,,,1018,
24300,0.037074,1.928e-04,,,1020,
24350,0.040309,1.928e-04,,,1022,
24400,0.040575,1.928e-04,,,1024,
24450,0.042105,1.928e-04,,,1026,
24500,0.037220,1.927e-04,,,1028,
24550,0.032045,1.927e-04,,,1031,
24600,0.034710,1.927e-04,,,1033,
24650,0.035885,1.926e-04,,,1035,
24700,0.032698,1.926e-04,,,1037,
24750,0.027720,1.926e-04,,,1039,
24800,0.037222,1.925e-04,,,1041,
24850,0.040349,1.925e-04,,,1043,
24900,0.034030,1.925e-04,,,1045,
24950,0.030179,1.925e-04,,,1047,
25000,0.030348,1.924e-04,,,1049,
25050,0.032124,1.924e-04,,,1051,
25100,0.030669,1.924e-04,,,1053,
25150,0.036333,1.923e-04,,,1056,
25200,0.036456,1.923e-04,,,1058,
25250,0.027039,1.923e-04,,,1060,
25300,0.027899,1.922e-04,,,1062,
25350,0.034057,1.922e-04,,,1064,
25400,0.031698,1.922e-04,,,1066,
25450,0.032467,1.922e-04,,,1068,
25500,0.037442,1.921e-04,,,1070,
25550,0.030343,1.921e-04,,,1072,
25600,0.027140,1.921e-04,,,1074,
25650,0.034720,1.920e-04,,,1077,
25700,0.046343,1.920e-04,,,1079,
25750,0.034032,1.920e-04,,,1081,
25800,0.029774,1.919e-04,,,1083,
25850,0.034401,1.919e-04,,,1085,
25900,0.032024,1.919e-04,,,1087,
25950,0.030679,1.918e-04,,,1089,
26000,0.036394,1.918e-04,,,1091,
26000,,,21.501,30.458,1091,
26050,0.033045,1.918e-04,,,1093,
26100,0.029048,1.918e-04,,,1096,
26150,0.040586,1.917e-04,,,1098,
26200,0.038248,1.917e-04,,,1100,
26250,0.036056,1.917e-04,,,1102,
26300,0.024425,1.916e-04,,,1104,
26350,0.018304,1.916e-04,,,1106,
26400,0.031221,1.916e-04,,,1108,
26450,0.032070,1.915e-04,,,1110,
26500,0.028840,1.915e-04,,,1112,
26550,0.031952,1.915e-04,,,1114,
26600,0.033747,1.914e-04,,,1117,
26650,0.026867,1.914e-04,,,1119,
26700,0.034057,1.914e-04,,,1121,
26750,0.034023,1.913e-04,,,1123,
26800,0.032177,1.913e-04,,,1125,
26850,0.029804,1.913e-04,,,1127,
26900,0.030390,1.912e-04,,,1129,
26950,0.038047,1.912e-04,,,1131,
27000,0.041711,1.912e-04,,,1133,
27050,0.046090,1.912e-04,,,1135,
27100,0.028097,1.911e-04,,,1137,
27150,0.029281,1.911e-04,,,1139,
27200,0.035819,1.911e-04,,,1142,
27250,0.032776,1.910e-04,,,1144,
27300,0.035699,1.910e-04,,,1146,
27350,0.023999,1.910e-04,,,1148,
27400,0.028895,1.909e-04,,,1150,
27450,0.030161,1.909e-04,,,1152,
27500,0.037551,1.909e-04,,,1154,
27550,0.032211,1.908e-04,,,1156,
27600,0.044055,1.908e-04,,,1158,
27650,0.024956,1.908e-04,,,1160,
27700,0.035593,1.907e-04,,,1163,
27750,0.028390,1.907e-04,,,1165,
27800,0.034919,1.907e-04,,,1167,
27850,0.030666,1.906e-04,,,1169,
27900,0.042244,1.906e-04,,,1171,
27950,0.024580,1.906e-04,,,1173,
28000,0.041676,1.905e-04,,,1175,
28000,,,21.501,29.929,1175,
28050,0.031519,1.905e-04,,,1177,
28100,0.027037,1.905e-04,,,1179,
28150,0.031780,1.904e-04,,,1181,
28200,0.030760,1.904e-04,,,1184,
28250,0.025216,1.904e-04,,,1186,
28300,0.037367,1.903e-04,,,1188,
28350,0.033516,1.903e-04,,,1190,
28400,0.032646,1.903e-04,,,1192,
28450,0.026617,1.902e-04,,,1194,
28500,0.040290,1.902e-04,,,1196,
28550,0.031375,1.902e-04,,,1198,
28600,0.030240,1.901e-04,,,1200,
28650,0.038820,1.901e-04,,,1202,
28700,0.036050,1.901e-04,,,1205,
28750,0.046246,1.900e-04,,,1207,
28800,0.035654,1.900e-04,,,1209,
28850,0.033921,1.900e-04,,,1211,
28900,0.034924,1.899e-04,,,1213,
28950,0.033916,1.899e-04,,,1215,
29000,0.034233,1.899e-04,,,1217,
29050,0.042481,1.898e-04,,,1219,
29100,0.029664,1.898e-04,,,1221,
29150,0.030962,1.898e-04,,,1223,
29200,0.035291,1.897e-04,,,1225,
29250,0.044735,1.897e-04,,,1228,
29300,0.036495,1.896e-04,,,1230,
29350,0.033536,1.896e-04,,,1232,
29400,0.031580,1.896e-04,,,1234,
29450,0.030925,1.895e-04,,,1236,
29500,0.031504,1.895e-04,,,1238,
29550,0.031337,1.895e-04,,,1240,
29600,0.031270,1.894e-04,,,1242,
29650,0.027898,1.894e-04,,,1244,
29700,0.035825,1.894e-04,,,1246,
29750,0.023739,1.893e-04,,,1248,
29800,0.042102,1.893e-04,,,1251,
29850,0.030661,1.893e-04,,,1253,
29900,0.027958,1.892e-04,,,1255,
29950,0.040376,1.892e-04,,,1257,
30000,0.037417,1.892e-04,,,1259,
30000,,,21.501,30.583,1259,
30050,0.025696,1.891e-04,,,1261,
30100,0.040142,1.891e-04,,,1263,
30150,0.035284,1.890e-04,,,1265,
30200,0.033636,1.890e-04,,,1267,
30250,0.037792,1.890e-04,,,1269,
30300,0.032088,1.889e-04,,,1271,
30350,0.024612,1.889e-04,,,1273,
30400,0.038464,1.889e-04,,,1276,
30450,0.035356,1.888e-04,,,1278,
30500,0.032484,1.888e-04,,,1280,
30550,0.032609,1.888e-04,,,1282,
30600,0.033258,1.887e-04,,,1284,
30650,0.028681,1.887e-04,,,1286,
30700,0.026769,1.887e-04,,,1288,
30750,0.041321,1.886e-04,,,1290,
30800,0.027355,1.886e-04,,,1292,
30850,0.039084,1.885e-04,,,1294,
30900,0.036032,1.885e-04,,,1297,
30950,0.034214,1.885e-04,,,1299,
31000,0.025970,1.884e-04,,,1301,
31050,0.036651,1.884e-04,,,1303,
31100,0.024919,1.884e-04,,,1305,
31150,0.030602,1.883e-04,,,1307,
31200,0.020318,1.883e-04,,,1309,
31250,0.034483,1.883e-04,,,1311,
31300,0.035972,1.882e-04,,,1313,
31350,0.031672,1.882e-04,,,1315,
31400,0.033699,1.881e-04,,,1317,
31450,0.034288,1.881e-04,,,1319,
31500,0.023407,1.881e-04,,,1321,
31550,0.036315,1.880e-04,,,1324,
31600,0.029539,1.880e-04,,,1326,
31650,0.021785,1.880e-04,,,1328,
31700,0.030328,1.879e-04,,,1330,
31750,0.030705,1.879e-04,,,1332,
31800,0.024653,1.878e-04,,,1334,
31850,0.030511,1.878e-04,,,1336,
31900,0.032793,1.878e-04,,,1338,
31950,0.027947,1.877e-04,,,1340,
32000,0.032642,1.877e-04,,,1342,
32000,,,21.501,31.064,1342,
32050,0.021155,1.877e-04,,,1345,
32100,0.038811,1.876e-04,,,1347,
32150,0.029190,1.876e-04,,,1349,
32200,0.040673,1.875e-04,,,1351,
32250,0.034406,1.875e-04,,,1353,
32300,0.032187,1.875e-04,,,1355,
32350,0.030044,1.874e-04,,,1357,
32400,0.024704,1.874e-04,,,1359,
32450,0.038138,1.874e-04,,,1361,
32500,0.041669,1.873e-04,,,1363,
32550,0.029591,1.873e-04,,,1365,
32600,0.036360,1.872e-04,,,1368,
32650,0.029552,1.872e-04,,,1370,
32700,0.032901,1.872e-04,,,1372,
32750,0.038248,1.871e-04,,,1374,
32800,0.036240,1.871e-04,,,1376,
32850,0.034967,1.870e-04,,,1378,
32900,0.044034,1.870e-04,,,1380,
32950,0.028744,1.870e-04,,,1382,
33000,0.035119,1.869e-04,,,1384,
33050,0.029193,1.869e-04,,,1386,
33100,0.024512,1.869e-04,,,1388,
33150,0.033480,1.868e-04,,,1390,
33200,0.035078,1.868e-04,,,1393,
33250,0.035259,1.867e-04,,,1395,
33300,0.023532,1.867e-04,,,1397,
33350,0.043238,1.867e-04,,,1399,
33400,0.028974,1.866e-04,,,1401,
33450,0.035111,1.866e-04,,,1403,
33500,0.038818,1.865e-04,,,1405,
33550,0.025225,1.865e-04,,,1407,
33600,0.031011,1.865e-04,,,1409,
33650,0.028687,1.864e-04,,,1411,
33700,0.025401,1.864e-04,,,1414,
33750,0.038926,1.863e-04,,,1416,
33800,0.028779,1.863e-04,,,1418,
33850,0.031211,1.863e-04,,,1420,
33900,0.024648,1.862e-04,,,1422,
33950,0.039579,1.862e-04,,,1424,
34000,0.033577,1.861e-04,,,1426,
34000,,,21.501,30.271,1426,
34050,0.031734,1.861e-04,,,1428,
34100,0.033896,1.861e-04,,,1430,
34150,0.029434,1.860e-04,,,1432,
34200,0.037898,1.860e-04,,,1434,
34250,0.027512,1.859e-04,,,1437,
34300,0.026784,1.859e-04,,,1439,
34350,0.037605,1.859e-04,,,1441,
34400,0.036719,1.858e-04,,,1443,
34450,0.039133,1.858e-04,,,1445,
34500,0.028377,1.857e-04,,,1447,
34550,0.024174,1.857e-04,,,1449,
34600,0.028619,1.857e-04,,,1451,
34650,0.028331,1.856e-04,,,1453,
34700,0.042309,1.856e-04,,,1455,
34750,0.022826,1.855e-04,,,1457,
34800,0.040896,1.855e-04,,,1460,
34850,0.032426,1.855e-04,,,1462,
34900,0.035786,1.854e-04,,,1464,
34950,0.037386,1.854e-04,,,1466,
35000,0.036764,1.853e-04,,,1468,
35050,0.033193,1.853e-04,,,1470,
35100,0.033202,1.853e-04,,,1472,
35150,0.028616,1.852e-04,,,1474,
35200,0.032840,1.852e-04,,,1476,
35250,0.023989,1.851e-04,,,1479,
35300,0.043398,1.851e-04,,,1481,
35350,0.027583,1.851e-04,,,1483,
35400,0.039027,1.850e-04,,,1485,
35450,0.042341,1.850e-04,,,1487,
35500,0.036714,1.849e-04,,,1489,
35550,0.028970,1.849e-04,,,1491,
35600,0.028357,1.848e-04,,,1493,
35650,0.038325,1.848e-04,,,1495,
35700,0.030056,1.848e-04,,,1497,
35750,0.032228,1.847e-04,,,1499,
35800,0.037777,1.847e-04,,,1501,
35850,0.026669,1.846e-04,,,1503,
35900,0.031835,1.846e-04,,,1506,
35950,0.026412,1.846e-04,,,1508,
36000,0.032366,1.845e-04,,,1510,
36000,,,21.501,30.684,1510,
36050,0.027058,1.845e-04,,,1512,
36100,0.023919,1.844e-04,,,1514,
36150,0.030042,1.844e-04,,,1516,
36200,0.038344,1.843e-04,,,1518,
36250,0.040901,1.843e-04,,,1520,
36300,0.033799,1.843e-04,,,1522,
36350,0.036167,1.842e-04,,,1524,
36400,0.033859,1.842e-04,,,1527,
36450,0.033191,1.841e-04,,,1529,
36500,0.038833,1.841e-04,,,1531,
36550,0.034374,1.840e-04,,,1533,
36600,0.031137,1.840e-04,,,1535,
36650,0.036492,1.840e-04,,,1537,
36700,0.035652,1.839e-04,,,1539,
36750,0.041410,1.839e-04,,,1541,
36800,0.026964,1.838e-04,,,1543,
36850,0.041170,1.838e-04,,,1546,
36900,0.026265,1.837e-04,,,1548,
36950,0.022586,1.837e-04,,,1550,
37000,0.029990,1.837e-04,,,1552,
37050,0.031221,1.836e-04,,,1554,
37100,0.035487,1.836e-04,,,1556,
37150,0.031250,1.835e-04,,,1558,
37200,0.030918,1.835e-04,,,1560,
37250,0.024936,1.834e-04,,,1562,
37300,0.027385,1.834e-04,,,1564,
37350,0.031438,1.834e-04,,,1566,
37400,0.025870,1.833e-04,,,1569,
37450,0.026891,1.833e-04,,,1571,
37500,0.037480,1.832e-04,,,1573,
37550,0.032849,1.832e-04,,,1575,
37600,0.029831,1.831e-04,,,1577,
37650,0.030867,1.831e-04,,,1579,
37700,0.022112,1.831e-04,,,1581,
37750,0.024494,1.830e-04,,,1583,
37800,0.027478,1.830e-04,,,1585,
37850,0.027967,1.829e-04,,,1587,
37900,0.031195,1.829e-04,,,1589,
37950,0.024400,1.828e-04,,,1591,
38000,0.032889,1.828e-04,,,1593,
38000,,,21.501,31.207,1593,
38050,0.038784,1.828e-04,,,1596,
38100,0.029436,1.827e-04,,,1598,
38150,0.028494,1.827e-04,,,1600,
38200,0.028589,1.826e-04,,,1602,
38250,0.028822,1.826e-04,,,1604,
38300,0.026373,1.825e-04,,,1606,
38350,0.032241,1.825e-04,,,1608,
38400,0.034821,1.824e-04,,,1610,
38450,0.041676,1.824e-04,,,1612,
38500,0.028832,1.824e-04,,,1614,
38550,0.023852,1.823e-04,,,1617,
38600,0.027680,1.823e-04,,,1619,
38650,0.033757,1.822e-04,,,1621,
38700,0.034643,1.822e-04,,,1623,
38750,0.030473,1.821e-04,,,1625,
38800,0.031870,1.821e-04,,,1627,
38850,0.031822,1.820e-04,,,1629,
38900,0.032954,1.820e-04,,,1631,
38950,0.023898,1.820e-04,,,1633,
39000,0.033236,1.819e-04,,,1635,
39050,0.035873,1.819e-04,,,1637,
39100,0.027959,1.818e-04,,,1639,
39150,0.036398,1.818e-04,,,1642,
39200,0.026693,1.817e-04,,,1644,
39250,0.034506,1.817e-04,,,1646,
39300,0.036767,1.816e-04,,,1648,
39350,0.037866,1.816e-04,,,1650,
39400,0.028865,1.815e-04,,,1652,
39450,0.026632,1.815e-04,,,1654,
39500,0.024069,1.815e-04,,,1656,
39550,0.033542,1.814e-04,,,1658,
39600,0.031265,1.814e-04,,,1660,
39650,0.033064,1.813e-04,,,1662,
39700,0.035581,1.813e-04,,,1664,
39750,0.040894,1.812e-04,,,1666,
39800,0.035988,1.812e-04,,,1669,
39850,0.031158,1.811e-04,,,1671,
39900,0.026559,1.811e-04,,,1673,
39950,0.029358,1.810e-04,,,1675,
40000,0.039373,1.810e-04,,,1677,
40000,,,21.501,31.089,1677,
40050,0.033784,1.810e-04,,,1679,
40100,0.030990,1.809e-04,,,1681,
40150,0.037854,1.809e-04,,,1683,
40200,0.022051,1.808e-04,,,1685,
40250,0.034645,1.808e-04,,,1687,
40300,0.027930,1.807e-04,,,1690,
40350,0.039980,1.807e-04,,,1692,
40400,0.029884,1.806e-04,,,1694,
40450,0.044388,1.806e-04,,,1696,
40500,0.031303,1.805e-04,,,1698,
40550,0.029540,1.805e-04,,,1700,
40600,0.037079,1.804e-04,,,1702,
40650,0.032542,1.804e-04,,,1704,
40700,0.019527,1.803e-04,,,1706,
40750,0.029311,1.803e-04,,,1708,
40800,0.029128,1.803e-04,,,1710,
40850,0.021296,1.802e-04,,,1713,
40900,0.038297,1.802e-04,,,1715,
40950,0.028258,1.801e-04,,,1717,
41000,0.029084,1.801e-04,,,1719,
41050,0.030388,1.800e-04,,,1721,
41100,0.034768,1.800e-04,,,1723,
41150,0.032823,1.799e-04,,,1725,
41200,0.028358,1.799e-04,,,1727,
41250,0.042951,1.798e-04,,,1729,
41300,0.030354,1.798e-04,,,1731,
41350,0.029020,1.797e-04,,,1734,
41400,0.048159,1.797e-04,,,1736,
41450,0.030303,1.796e-04,,,1738,
41500,0.027395,1.796e-04,,,1740,
41550,0.026592,1.795e-04,,,1742,
41600,0.042383,1.795e-04,,,1744,
41650,0.037133,1.795e-04,,,1746,
41700,0.020606,1.794e-04,,,1748,
41750,0.035938,1.794e-04,,,1750,
41800,0.041128,1.793e-04,,,1752,
41850,0.029150,1.793e-04,,,1755,
41900,0.036682,1.792e-04,,,1757,
41950,0.032709,1.792e-04,,,1759,
42000,0.023129,1.791e-04,,,1761,
42000,,,21.501,31.347,1761,
42050,0.040222,1.791e-04,,,1763,
42100,0.019904,1.790e-04,,,1765,
42150,0.032795,1.790e-04,,,1767,
42200,0.031564,1.789e-04,,,1769,
42250,0.031737,1.789e-04,,,1771,
42300,0.027000,1.788e-04,,,1773,
42350,0.037980,1.788e-04,,,1776,
42400,0.033618,1.787e-04,,,1778,
42450,0.040735,1.787e-04,,,1780,
42500,0.037745,1.786e-04,,,1782,
42550,0.036806,1.786e-04,,,1784,
42600,0.025336,1.785e-04,,,1786,
42650,0.039335,1.785e-04,,,1788,
42700,0.028689,1.784e-04,,,1790,
42750,0.034302,1.784e-04,,,1792,
42800,0.038061,1.783e-04,,,1795,
42850,0.029391,1.783e-04,,,1797,
42900,0.025716,1.783e-04,,,1799,
42950,0.029752,1.782e-04,,,1801,
43000,0.024543,1.782e-04,,,1803,
43050,0.025843,1.781e-04,,,1805,
43100,0.027477,1.781e-04,,,1807,
43150,0.028269,1.780e-04,,,1809,
43200,0.031484,1.780e-04,,,1811,
43250,0.035042,1.779e-04,,,1814,
43300,0.036056,1.779e-04,,,1816,
43350,0.038103,1.778e-04,,,1818,
43400,0.032142,1.778e-04,,,1820,
43450,0.040637,1.777e-04,,,1822,
43500,0.039912,1.777e-04,,,1824,
43550,0.024083,1.776e-04,,,1826,
43600,0.037216,1.776e-04,,,1828,
43650,0.034045,1.775e-04,,,1830,
43700,0.023547,1.775e-04,,,1832,
43750,0.037092,1.774e-04,,,1834,
43800,0.042558,1.774e-04,,,1837,
43850,0.030148,1.773e-04,,,1839,
43900,0.030683,1.773e-04,,,1841,
43950,0.028640,1.772e-04,,,1843,
44000,0.043415,1.772e-04,,,1845,
44000,,,21.501,30.994,1845,
44050,0.031885,1.771e-04,,,1847,
44100,0.029720,1.771e-04,,,1849,
44150,0.025212,1.770e-04,,,1851,
44200,0.038947,1.770e-04,,,1853,
44250,0.029970,1.769e-04,,,1856,
44300,0.023049,1.769e-04,,,1858,
44350,0.028856,1.768e-04,,,1860,
44400,0.044098,1.768e-04,,,1862,
44450,0.029530,1.767e-04,,,1864,
44500,0.031268,1.767e-04,,,1866,
44550,0.030247,1.766e-04,,,1868,
44600,0.027206,1.766e-04,,,1870,
44650,0.030641,1.765e-04,,,1872,
44700,0.035819,1.765e-04,,,1874,
44750,0.046098,1.764e-04,,,1877,
44800,0.028316,1.764e-04,,,1879,
44850,0.028046,1.763e-04,,,1881,
44900,0.039528,1.763e-04,,,1883,
44950,0.030088,1.762e-04,,,1885,
45000,0.035301,1.762e-04,,,1887,
45050,0.027979,1.761e-04,,,1889,
45100,0.024306,1.761e-04,,,1891,
45150,0.039719,1.760e-04,,,1893,
45200,0.032559,1.760e-04,,,1895,
45250,0.025048,1.759e-04,,,1898,
45300,0.031676,1.759e-04,,,1900,
45350,0.027760,1.758e-04,,,1902,
45400,0.036645,1.758e-04,,,1904,
45450,0.033024,1.757e-04,,,1906,
45500,0.023326,1.757e-04,,,1908,
45550,0.032064,1.756e-04,,,1910,
45600,0.034836,1.755e-04,,,1912,
45650,0.042013,1.755e-04,,,1914,
45700,0.037963,1.754e-04,,,1916,
45750,0.037483,1.754e-04,,,1918,
45800,0.037125,1.753e-04,,,1920,
45850,0.027495,1.753e-04,,,1922,
45900,0.033015,1.752e-04,,,1925,
45950,0.038565,1.752e-04,,,1927,
46000,0.036260,1.751e-04,,,1929,
46000,,,21.501,30.619,1929,
46050,0.028693,1.751e-04,,,1931,
46100,0.027669,1.750e-04,,,1933,
46150,0.038507,1.750e-04,,,1935,
46200,0.035118,1.749e-04,,,1937,
46250,0.028801,1.749e-04,,,1939,
46300,0.026375,1.748e-04,,,1941,
46350,0.032711,1.748e-04,,,1944,
46400,0.026164,1.747e-04,,,1946,
46450,0.042491,1.747e-04,,,1948,
46500,0.030077,1.746e-04,,,1950,
46550,0.041208,1.746e-04,,,1952,
46600,0.036852,1.745e-04,,,1955,
46650,0.035675,1.745e-04,,,1957,
46700,0.033081,1.744e-04,,,1959,
46750,0.038447,1.744e-04,,,1961,
46800,0.027341,1.743e-04,,,1963,
46850,0.028483,1.743e-04,,,1965,
46900,0.029072,1.742e-04,,,1967,
46950,0.027420,1.741e-04,,,1970,
47000,0.038413,1.741e-04,,,1972,
47050,0.029681,1.740e-04,,,1974,
47100,0.024081,1.740e-04,,,1976,
47150,0.028474,1.739e-04,,,1978,
47200,0.039390,1.739e-04,,,1980,
47250,0.028301,1.738e-04,,,1982,
47300,0.018154,1.738e-04,,,1984,
47350,0.040242,1.737e-04,,,1986,
47400,0.033597,1.737e-04,,,1988,
47450,0.028957,1.736e-04,,,1990,
47500,0.032484,1.736e-04,,,1992,
47550,0.023687,1.735e-04,,,1995,
47600,0.035978,1.735e-04,,,1997,
47650,0.036589,1.734e-04,,,1999,
47700,0.025564,1.734e-04,,,2001,
47750,0.027007,1.733e-04,,,2003,
47800,0.034110,1.732e-04,,,2005,
47850,0.033524,1.732e-04,,,2007,
47900,0.029531,1.731e-04,,,2009,
47950,0.022470,1.731e-04,,,2011,
48000,0.031474,1.730e-04,,,2013,
48000,,,21.501,31.157,2013,
48050,0.031771,1.730e-04,,,2016,
48100,0.022671,1.729e-04,,,2018,
48150,0.028783,1.729e-04,,,2020,
48200,0.036747,1.728e-04,,,2022,
48250,0.028822,1.728e-04,,,2024,
48300,0.032647,1.727e-04,,,2026,
48350,0.026631,1.727e-04,,,2028,
48400,0.028757,1.726e-04,,,2030,
48450,0.032651,1.725e-04,,,2032,
48500,0.030400,1.725e-04,,,2034,
48550,0.023803,1.724e-04,,,2036,
48600,0.029971,1.724e-04,,,2038,
48650,0.035282,1.723e-04,,,2040,
48700,0.038494,1.723e-04,,,2043,
48750,0.035042,1.722e-04,,,2045,
48800,0.029014,1.722e-04,,,2047,
48850,0.030133,1.721e-04,,,2049,
48900,0.039213,1.721e-04,,,2051,
48950,0.029488,1.720e-04,,,2053,
49000,0.044145,1.720e-04,,,2055,
49050,0.028927,1.719e-04,,,2057,
49100,0.039960,1.718e-04,,,2059,
49150,0.031329,1.718e-04,,,2061,
49200,0.038184,1.717e-04,,,2063,
49250,0.034171,1.717e-04,,,2065,
49300,0.027873,1.716e-04,,,2067,
49350,0.025415,1.716e-04,,,2070,
49400,0.037755,1.715e-04,,,2072,
49450,0.031741,1.715e-04,,,2074,
49500,0.038266,1.714e-04,,,2076,
49550,0.032661,1.714e-04,,,2078,
49600,0.022474,1.713e-04,,,2080,
49650,0.034685,1.712e-04,,,2082,
49700,0.031922,1.712e-04,,,2084,
49750,0.028632,1.711e-04,,,2086,
49800,0.032787,1.711e-04,,,2088,
49850,0.028391,1.710e-04,,,2090,
49900,0.036138,1.710e-04,,,2093,
49950,0.027650,1.709e-04,,,2095,
50000,0.039757,1.709e-04,,,2097,
50000,,,21.501,30.922,2097,
50050,0.031139,1.708e-04,,,2099,
50100,0.026972,1.707e-04,,,2101,
50150,0.042164,1.707e-04,,,2103,
50200,0.032488,1.706e-04,,,2105,
50250,0.034693,1.706e-04,,,2107,
50300,0.034753,1.705e-04,,,2109,
50350,0.042402,1.705e-04,,,2111,
50400,0.035557,1.704e-04,,,2113,
50450,0.034027,1.704e-04,,,2116,
50500,0.037977,1.703e-04,,,2118,
50550,0.040227,1.702e-04,,,2120,
50600,0.033878,1.702e-04,,,2122,
50650,0.022130,1.701e-04,,,2124,
50700,0.034247,1.701e-04,,,2126,
50750,0.024959,1.700e-04,,,2128,
50800,0.032049,1.700e-04,,,2130,
50850,0.043930,1.699e-04,,,2132,
50900,0.029834,1.699e-04,,,2134,
50950,0.028869,1.698e-04,,,2136,
51000,0.033853,1.697e-04,,,2138,
51050,0.029265,1.697e-04,,,2140,
51100,0.033104,1.696e-04,,,2143,
51150,0.029636,1.696e-04,,,2145,
51200,0.029591,1.695e-04,,,2147,
51250,0.027323,1.695e-04,,,2149,
51300,0.030027,1.694e-04,,,2151,
51350,0.034914,1.693e-04,,,2153,
51400,0.029267,1.693e-04,,,2155,
51450,0.033955,1.692e-04,,,2157,
51500,0.027074,1.692e-04,,,2159,
51550,0.027149,1.691e-04,,,2161,
51600,0.042046,1.691e-04,,,2163,
51650,0.030672,1.690e-04,,,2166,
51700,0.027090,1.690e-04,,,2168,
51750,0.029241,1.689e-04,,,2170,
51800,0.024779,1.688e-04,,,2172,
51850,0.035772,1.688e-04,,,2174,
51900,0.025565,1.687e-04,,,2176,
51950,0.030795,1.687e-04,,,2178,
52000,0.033600,1.686e-04,,,2180,
52000,,,21.501,31.332,2180,
52050,0.029964,1.686e-04,,,2182,
52100,0.037191,1.685e-04,,,2184,
52150,0.028953,1.684e-04,,,2187,
52200,0.018056,1.684e-04,,,2189,
52250,0.036806,1.683e-04,,,2191,
52300,0.031032,1.683e-04,,,2193,
52350,0.025679,1.682e-04,,,2195,
52400,0.028197,1.682e-04,,,2197,
52450,0.026792,1.681e-04,,,2199,
52500,0.029539,1.680e-04,,,2201,
52550,0.040598,1.680e-04,,,2203,
52600,0.036045,1.679e-04,,,2205,
52650,0.042194,1.679e-04,,,2208,
52700,0.035211,1.678e-04,,,2210,
52750,0.032520,1.678e-04,,,2212,
52800,0.031343,1.677e-04,,,2214,
52850,0.033420,1.676e-04,,,2216,
52900,0.032802,1.676e-04,,,2218,
52950,0.028419,1.675e-04,,,2220,
53000,0.027926,1.675e-04,,,2222,
53050,0.038079,1.674e-04,,,2224,
53100,0.028081,1.673e-04,,,2227,
53150,0.035507,1.673e-04,,,2229,
53200,0.030267,1.672e-04,,,2231,
53250,0.032473,1.672e-04,,,2233,
53300,0.030307,1.671e-04,,,2235,
53350,0.046650,1.671e-04,,,2237,
53400,0.031464,1.670e-04,,,2239,
53450,0.034247,1.669e-04,,,2241,
53500,0.039950,1.669e-04,,,2243,
53550,0.041117,1.668e-04,,,2245,
53600,0.039966,1.668e-04,,,2248,
53650,0.029428,1.667e-04,,,2250,
53700,0.036731,1.667e-04,,,2252,
53750,0.022870,1.666e-04,,,2254,
53800,0.027155,1.665e-04,,,2256,
53850,0.033667,1.665e-04,,,2258,
53900,0.027048,1.664e-04,,,2260,
53950,0.032070,1.664e-04,,,2262,
54000,0.028741,1.663e-04,,,2264,
54000,,,21.501,30.745,2264,
54050,0.028497,1.662e-04,,,2266,
54100,0.038531,1.662e-04,,,2269,
54150,0.027131,1.661e-04,,,2271,
54200,0.031445,1.661e-04,,,2273,
54250,0.031583,1.660e-04,,,2275,
54300,0.032863,1.659e-04,,,2277,
54350,0.035230,1.659e-04,,,2279,
54400,0.026785,1.658e-04,,,2281,
54450,0.030853,1.658e-04,,,2283,
54500,0.033338,1.657e-04,,,2286,
54550,0.025581,1.657e-04,,,2288,
54600,0.024357,1.656e-04,,,2290,
54650,0.035399,1.655e-04,,,2292,
54700,0.039171,1.655e-04,,,2294,
54750,0.036647,1.654e-04,,,2296,
54800,0.033678,1.654e-04,,,2298,
54850,0.019159,1.653e-04,,,2300,
54900,0.024786,1.652e-04,,,2302,
54950,0.025866,1.652e-04,,,2304,
55000,0.027991,1.651e-04,,,2306,
55050,0.039349,1.651e-04,,,2309,
55100,0.028671,1.650e-04,,,2311,
55150,0.034163,1.649e-04,,,2313,
55200,0.030099,1.649e-04,,,2315,
55250,0.028459,1.648e-04,,,2317,
55300,0.025592,1.648e-04,,,2319,
55350,0.034464,1.647e-04,,,2321,
55400,0.035005,1.646e-04,,,2323,
55450,0.036662,1.646e-04,,,2325,
55500,0.024312,1.645e-04,,,2327,
55550,0.042347,1.645e-04,,,2330,
55600,0.031174,1.644e-04,,,2332,
55650,0.024051,1.643e-04,,,2334,
55700,0.020904,1.643e-04,,,2336,
55750,0.034532,1.642e-04,,,2338,
55800,0.026664,1.642e-04,,,2340,
55850,0.030727,1.641e-04,,,2342,
55900,0.027298,1.640e-04,,,2344,
55950,0.036354,1.640e-04,,,2346,
56000,0.033072,1.639e-04,,,2348,
56000,,,21.501,30.086,2348,
56050,0.027746,1.639e-04,,,2351,
56100,0.023357,1.638e-04,,,2353,
56150,0.043723,1.637e-04,,,2355,
56200,0.036613,1.637e-04,,,2357,
56250,0.035396,1.636e-04,,,2359,
56300,0.028575,1.636e-04,,,2361,
56350,0.035601,1.635e-04,,,2363,
56400,0.038000,1.634e-04,,,2365,
56450,0.031312,1.634e-04,,,2367,
56500,0.035598,1.633e-04,,,2370,
56550,0.039847,1.633e-04,,,2372,
56600,0.034895,1.632e-04,,,2374,
56650,0.035468,1.631e-04,,,2376,
56700,0.039851,1.631e-04,,,2378,
56750,0.035364,1.630e-04,,,2380,
56800,0.028726,1.630e-04,,,2382,
56850,0.030018,1.629e-04,,,2384,
56900,0.034863,1.628e-04,,,2386,
56950,0.031769,1.628e-04,,,2388,
57000,0.035383,1.627e-04,,,2390,
57050,0.032366,1.627e-04,,,2392,
57100,0.026565,1.626e-04,,,2395,
57150,0.035907,1.625e-04,,,2397,
57200,0.035195,1.625e-04,,,2399,
57250,0.026781,1.624e-04,,,2401,
57300,0.031554,1.623e-04,,,2403,
57350,0.032535,1.623e-04,,,2405,
57400,0.027719,1.622e-04,,,2407,
57450,0.030133,1.622e-04,,,2409,
57500,0.023886,1.621e-04,,,2411,
57550,0.032954,1.620e-04,,,2413,
57600,0.031591,1.620e-04,,,2415,
57650,0.032390,1.619e-04,,,2418,
57700,0.035223,1.619e-04,,,2420,
57750,0.029157,1.618e-04,,,2422,
57800,0.036986,1.617e-04,,,2424,
57850,0.020798,1.617e-04,,,2426,
57900,0.030317,1.616e-04,,,2428,
57950,0.033498,1.615e-04,,,2430,
58000,0.029310,1.615e-04,,,2432,
58000,,,21.501,31.530,2432,
58050,0.032779,1.614e-04,,,2434,
58100,0.028698,1.614e-04,,,2437,
58150,0.033595,1.613e-04,,,2439,
58200,0.032816,1.612e-04,,,2441,
58250,0.019553,1.612e-04,,,2443,
58300,0.031581,1.611e-04,,,2445,
58350,0.033792,1.611e-04,,,2447,
58400,0.025321,1.610e-04,,,2449,
58450,0.032004,1.609e-04,,,2451,
58500,0.034720,1.609e-04,,,2453,
58550,0.028173,1.608e-04,,,2455,
58600,0.024009,1.607e-04,,,2458,
58650,0.035571,1.607e-04,,,2460,
58700,0.034385,1.606e-04,,,2462,
58750,0.038196,1.606e-04,,,2464,
58800,0.040438,1.605e-04,,,2466,
58850,0.033131,1.604e-04,,,2468,
58900,0.029280,1.604e-04,,,2470,
58950,0.034567,1.603e-04,,,2472,
59000,0.026780,1.602e-04,,,2474,
59050,0.024694,1.602e-04,,,2476,
59100,0.044593,1.601e-04,,,2478,
59150,0.029168,1.601e-04,,,2481,
59200,0.030264,1.600e-04,,,2483,
59250,0.030084,1.599e-04,,,2485,
59300,0.023332,1.599e-04,,,2487,
59350,0.029107,1.598e-04,,,2489,
59400,0.026867,1.597e-04,,,2491,
59450,0.028878,1.597e-04,,,2493,
59500,0.031071,1.596e-04,,,2495,
59550,0.042474,1.596e-04,,,2497,
59600,0.021802,1.595e-04,,,2500,
59650,0.024474,1.594e-04,,,2502,
59700,0.033631,1.594e-04,,,2504,
59750,0.027424,1.593e-04,,,2506,
59800,0.030804,1.592e-04,,,2508,
59850,0.022863,1.592e-04,,,2510,
59900,0.030073,1.591e-04,,,2512,
59950,0.025807,1.590e-04,,,2514,
60000,0.036198,1.590e-04,,,2516,
60000,,,21.501,30.422,2516,
60050,0.025180,1.589e-04,,,2518,
60100,0.029186,1.589e-04,,,2520,
60150,0.033135,1.588e-04,,,2523,
60200,0.036245,1.587e-04,,,2525,
60250,0.033674,1.587e-04,,,2527,
60300,0.031259,1.586e-04,,,2529,
60350,0.029169,1.585e-04,,,2531,
60400,0.033400,1.585e-04,,,2533,
60450,0.034498,1.584e-04,,,2535,
60500,0.032533,1.584e-04,,,2537,
60550,0.034168,1.583e-04,,,2539,
60600,0.026115,1.582e-04,,,2541,
60650,0.024643,1.582e-04,,,2543,
60700,0.029112,1.581e-04,,,2546,
60750,0.033263,1.580e-04,,,2548,
60800,0.031032,1.580e-04,,,2550,
60850,0.027072,1.579e-04,,,2552,
60900,0.031906,1.578e-04,,,2554,
60950,0.031321,1.578e-04,,,2556,
61000,0.027441,1.577e-04,,,2558,
61050,0.024335,1.576e-04,,,2560,
61100,0.034519,1.576e-04,,,2562,
61150,0.024319,1.575e-04,,,2565,
61200,0.038461,1.575e-04,,,2567,
61250,0.037486,1.574e-04,,,2569,
61300,0.036776,1.573e-04,,,2571,
61350,0.038087,1.573e-04,,,2573,
61400,0.024883,1.572e-04,,,2575,
61450,0.031439,1.571e-04,,,2577,
61500,0.024336,1.571e-04,,,2579,
61550,0.032581,1.570e-04,,,2581,
61600,0.024994,1.569e-04,,,2583,
61650,0.033077,1.569e-04,,,2585,
61700,0.028950,1.568e-04,,,2587,
61750,0.038783,1.568e-04,,,2589,
61800,0.038002,1.567e-04,,,2592,
61850,0.049080,1.566e-04,,,2594,
61900,0.035673,1.566e-04,,,2596,
61950,0.043602,1.565e-04,,,2598,
62000,0.034609,1.564e-04,,,2600,
62000,,,21.501,30.814,2600,
62050,0.032098,1.564e-04,,,2602,
62100,0.033245,1.563e-04,,,2604,
62150,0.031580,1.562e-04,,,2606,
62200,0.032448,1.562e-04,,,2608,
62250,0.027390,1.561e-04,,,2610,
62300,0.034052,1.560e-04,,,2612,
62350,0.030448,1.560e-04,,,2615,
62400,0.024504,1.559e-04,,,2617,
62450,0.021587,1.558e-04,,,2619,
62500,0.034980,1.558e-04,,,2621,
62550,0.037201,1.557e-04,,,2623,
62600,0.044085,1.556e-04,,,2625,
62650,0.040734,1.556e-04,,,2627,
62700,0.033833,1.555e-04,,,2629,
62750,0.025360,1.555e-04,,,2631,
62800,0.032415,1.554e-04,,,2633,
62850,0.028610,1.553e-04,,,2636,
62900,0.030218,1.553e-04,,,2638,
62950,0.037197,1.552e-04,,,2640,
63000,0.034328,1.551e-04,,,2642,
63050,0.029162,1.551e-04,,,2644,
63100,0.032611,1.550e-04,,,2646,
63150,0.031927,1.549e-04,,,2648,
63200,0.025546,1.549e-04,,,2650,
63250,0.030676,1.548e-04,,,2652,
63300,0.030335,1.547e-04,,,2654,
63350,0.022432,1.547e-04,,,2656,
63400,0.038734,1.546e-04,,,2658,
63450,0.034544,1.545e-04,,,2661,
63500,0.024495,1.545e-04,,,2663,
63550,0.022739,1.544e-04,,,2665,
63600,0.032137,1.543e-04,,,2667,
63650,0.028948,1.543e-04,,,2669,
63700,0.027928,1.542e-04,,,2671,
63750,0.035395,1.541e-04,,,2673,
63800,0.030601,1.541e-04,,,2675,
63850,0.033834,1.540e-04,,,2677,
63900,0.034550,1.539e-04,,,2679,
63950,0.028207,1.539e-04,,,2681,
64000,0.031806,1.538e-04,,,2683,
64000,,,21.501,31.338,2683,
64050,0.030188,1.537e-04,,,2686,
64100,0.033568,1.537e-04,,,2688,
64150,0.031027,1.536e-04,,,2690,
64200,0.029812,1.536e-04,,,2692,
64250,0.037283,1.535e-04,,,2694,
64300,0.025096,1.534e-04,,,2696,
64350,0.032364,1.534e-04,,,2698,
64400,0.031103,1.533e-04,,,2700,
64450,0.026851,1.532e-04,,,2702,
64500,0.030432,1.532e-04,,,2705,
64550,0.032092,1.531e-04,,,2707,
64600,0.026925,1.530e-04,,,2709,
64650,0.034221,1.530e-04,,,2711,
64700,0.034672,1.529e-04,,,2713,
64750,0.043577,1.528e-04,,,2715,
64800,0.045941,1.528e-04,,,2717,
64850,0.031010,1.527e-04,,,2719,
64900,0.037058,1.526e-04,,,2721,
64950,0.025434,1.526e-04,,,2723,
65000,0.029491,1.525e-04,,,2725,
65050,0.028048,1.524e-04,,,2727,
65100,0.037563,1.524e-04,,,2730,
65150,0.029484,1.523e-04,,,2732,
65200,0.035792,1.522e-04,,,2734,
65250,0.025078,1.522e-04,,,2736,
65300,0.034706,1.521e-04,,,2738,
65350,0.027576,1.520e-04,,,2740,
65400,0.024195,1.520e-04,,,2742,
65450,0.029181,1.519e-04,,,2744,
65500,0.027756,1.518e-04,,,2746,
65550,0.036564,1.518e-04,,,2748,
65600,0.035825,1.517e-04,,,2750,
65650,0.036784,1.516e-04,,,2753,
65700,0.035935,1.516e-04,,,2755,
65750,0.025894,1.515e-04,,,2757,
65800,0.035138,1.514e-04,,,2759,
65850,0.031809,1.514e-04,,,2761,
65900,0.026830,1.513e-04,,,2763,
65950,0.027009,1.512e-04,,,2765,
66000,0.031753,1.511e-04,,,2767,
66000,,,21.501,31.337,2767,
66050,0.031390,1.511e-04,,,2769,
66100,0.032795,1.510e-04,,,2771,
66150,0.034134,1.509e-04,,,2773,
66200,0.031196,1.509e-04,,,2776,
66250,0.021727,1.508e-04,,,2778,
66300,0.035859,1.507e-04,,,2780,
66350,0.026509,1.507e-04,,,2782,
66400,0.027347,1.506e-04,,,2784,
66450,0.023578,1.505e-04,,,2786,
66500,0.034142,1.505e-04,,,2788,
66550,0.029205,1.504e-04,,,2790,
66600,0.032439,1.503e-04,,,2792,
66650,0.031674,1.503e-04,,,2794,
66700,0.039238,1.502e-04,,,2796,
66750,0.027802,1.501e-04,,,2798,
66800,0.022662,1.501e-04,,,2801,
66850,0.029473,1.500e-04,,,2803,
66900,0.032540,1.499e-04,,,2805,
66950,0.023614,1.499e-04,,,2807,
67000,0.026635,1.498e-04,,,2809,
67050,0.032366,1.497e-04,,,2811,
67100,0.034866,1.497e-04,,,2813,
67150,0.028888,1.496e-04,,,2815,
67200,0.026601,1.495e-04,,,2817,
67250,0.036321,1.495e-04,,,2819,
67300,0.033362,1.494e-04,,,2822,
67350,0.033734,1.493e-04,,,2824,
67400,0.034634,1.493e-04,,,2826,
67450,0.026547,1.492e-04,,,2828,
67500,0.042769,1.491e-04,,,2830,
67550,0.030581,1.490e-04,,,2832,
67600,0.038771,1.490e-04,,,2834,
67650,0.031053,1.489e-04,,,2836,
67700,0.034403,1.488e-04,,,2838,
67750,0.024777,1.488e-04,,,2840,
67800,0.031714,1.487e-04,,,2842,
67850,0.029061,1.486e-04,,,2844,
67900,0.026162,1.486e-04,,,2847,
67950,0.032457,1.485e-04,,,2849,
68000,0.029924,1.484e-04,,,2851,
68000,,,21.501,31.428,2851,
68050,0.033483,1.484e-04,,,2853,
68100,0.026251,1.483e-04,,,2855,
68150,0.032577,1.482e-04,,,2857,
68200,0.042664,1.482e-04,,,2859,
68250,0.033186,1.481e-04,,,2861,
68300,0.031770,1.480e-04,,,2863,
68350,0.028460,1.480e-04,,,2865,
68400,0.027666,1.479e-04,,,2867,
68450,0.033997,1.478e-04,,,2869,
68500,0.043720,1.477e-04,,,2871,
68550,0.032967,1.477e-04,,,2874,
68600,0.018688,1.476e-04,,,2876,
68650,0.036228,1.475e-04,,,2878,
68700,0.030750,1.475e-04,,,2880,
68750,0.032909,1.474e-04,,,2882,
68800,0.034169,1.473e-04,,,2884,
68850,0.027231,1.473e-04,,,2886,
68900,0.028571,1.472e-04,,,2888,
68950,0.031824,1.471e-04,,,2890,
69000,0.030800,1.471e-04,,,2892,
69050,0.029090,1.470e-04,,,2895,
69100,0.038810,1.469e-04,,,2897,
69150,0.027755,1.469e-04,,,2899,
69200,0.019552,1.468e-04,,,2901,
69250,0.040443,1.467e-04,,,2903,
69300,0.025130,1.466e-04,,,2905,
69350,0.032805,1.466e-04,,,2907,
69400,0.025237,1.465e-04,,,2909,
69450,0.029247,1.464e-04,,,2911,
69500,0.026566,1.464e-04,,,2913,
69550,0.028846,1.463e-04,,,2915,
69600,0.032634,1.462e-04,,,2917,
69650,0.025080,1.462e-04,,,2919,
69700,0.037105,1.461e-04,,,2921,
69750,0.026171,1.460e-04,,,2923,
69800,0.025412,1.460e-04,,,2926,
69850,0.028195,1.459e-04,,,2928,
69900,0.041675,1.458e-04,,,2930,
69950,0.026330,1.457e-04,,,2932,
70000,0.032832,1.457e-04,,,2934,
70000,,,21.501,31.321,2934,
70050,0.037973,1.456e-04,,,2936,
70100,0.030058,1.455e-04,,,2938,
70150,0.025734,1.455e-04,,,2940,
70200,0.040374,1.454e-04,,,2942,
70250,0.032093,1.453e-04,,,2944,
70300,0.027232,1.453e-04,,,2946,
70350,0.030634,1.452e-04,,,2948,
70400,0.035300,1.451e-04,,,2951,
70450,0.042603,1.450e-04,,,2953,
70500,0.030277,1.450e-04,,,2955,
70550,0.024710,1.449e-04,,,2957,
70600,0.030554,1.448e-04,,,2959,
70650,0.038051,1.448e-04,,,2961,
70700,0.047433,1.447e-04,,,2963,
70750,0.027457,1.446e-04,,,2965,
70800,0.033698,1.446e-04,,,2967,
70850,0.028375,1.445e-04,,,2969,
70900,0.036973,1.444e-04,,,2971,
70950,0.034134,1.443e-04,,,2974,
71000,0.029958,1.443e-04,,,2976,
71050,0.023210,1.442e-04,,,2978,
71100,0.025070,1.441e-04,,,2980,
71150,0.033453,1.441e-04,,,2982,
71200,0.029901,1.440e-04,,,2984,
71250,0.038557,1.439e-04,,,2986,
71300,0.035722,1.439e-04,,,2988,
71350,0.036831,1.438e-04,,,2990,
71400,0.020070,1.437e-04,,,2992,
71450,0.036912,1.436e-04,,,2994,
71500,0.036836,1.436e-04,,,2996,
71550,0.028179,1.435e-04,,,2998,
71600,0.035069,1.434e-04,,,3000,
71650,0.036982,1.434e-04,,,3003,
71700,0.025779,1.433e-04,,,3005,
71750,0.029481,1.432e-04,,,3007,
71800,0.028310,1.431e-04,,,3009,
71850,0.026506,1.431e-04,,,3011,
71900,0.036910,1.430e-04,,,3013,
71950,0.028328,1.429e-04,,,3015,
72000,0.032112,1.429e-04,,,3017,
72000,,,21.501,31.603,3017,
72050,0.026946,1.428e-04,,,3019,
72100,0.032365,1.427e-04,,,3021,
72150,0.032638,1.427e-04,,,3024,
72200,0.039294,1.426e-04,,,3026,
72250,0.032649,1.425e-04,,,3028,
72300,0.023296,1.424e-04,,,3030,
72350,0.030788,1.424e-04,,,3032,
72400,0.035313,1.423e-04,,,3034,
72450,0.035356,1.422e-04,,,3036,
72500,0.030540,1.422e-04,,,3038,
72550,0.039776,1.421e-04,,,3040,
72600,0.022798,1.420e-04,,,3042,
72650,0.034736,1.419e-04,,,3044,
72700,0.027091,1.419e-04,,,3046,
72750,0.037180,1.418e-04,,,3048,
72800,0.032669,1.417e-04,,,3050,
72850,0.026092,1.417e-04,,,3053,
72900,0.034995,1.416e-04,,,3055,
72950,0.027113,1.415e-04,,,3057,
73000,0.033809,1.414e-04,,,3059,
73050,0.030696,1.414e-04,,,3061,
73100,0.025641,1.413e-04,,,3063,
73150,0.035734,1.412e-04,,,3065,
73200,0.035310,1.412e-04,,,3067,
73250,0.025799,1.411e-04,,,3069,
73300,0.027256,1.410e-04,,,3071,
73350,0.036236,1.409e-04,,,3073,
73400,0.032264,1.409e-04,,,3075,
73450,0.028736,1.408e-04,,,3077,
73500,0.036527,1.407e-04,,,3079,
73550,0.029323,1.407e-04,,,3082,
73600,0.026466,1.406e-04,,,3084,
73650,0.028966,1.405e-04,,,3086,
73700,0.034249,1.404e-04,,,3088,
73750,0.026702,1.404e-04,,,3090,
73800,0.024507,1.403e-04,,,3092,
73850,0.035934,1.402e-04,,,3094,
73900,0.024640,1.402e-04,,,3096,
73950,0.027734,1.401e-04,,,3098,
74000,0.022522,1.400e-04,,,3101,
74000,,,21.501,31.506,3101,
74050,0.040491,1.399e-04,,,3103,
74100,0.032367,1.399e-04,,,3105,
74150,0.024242,1.398e-04,,,3107,
74200,0.039133,1.397e-04,,,3109,
74250,0.028692,1.397e-04,,,3111,
74300,0.033603,1.396e-04,,,3113,
74350,0.026483,1.395e-04,,,3115,
74400,0.039236,1.394e-04,,,3117,
74450,0.026217,1.394e-04,,,3119,
74500,0.031994,1.393e-04,,,3121,
74550,0.031132,1.392e-04,,,3123,
74600,0.025803,1.392e-04,,,3125,
74650,0.031192,1.391e-04,,,3128,
74700,0.023517,1.390e-04,,,3130,
74750,0.031235,1.389e-04,,,3132,
74800,0.027814,1.389e-04,,,3134,
74850,0.029085,1.388e-04,,,3136,
74900,0.044329,1.387e-04,,,3138,
74950,0.026614,1.386e-04,,,3140,
75000,0.031796,1.386e-04,,,3142,
75050,0.047821,1.385e-04,,,3144,
75100,0.032422,1.384e-04,,,3146,
75150,0.024425,1.384e-04,,,3148,
75200,0.032820,1.383e-04,,,3150,
75250,0.027381,1.382e-04,,,3153,
75300,0.022290,1.381e-04,,,3155,
75350,0.038225,1.381e-04,,,3157,
75400,0.039319,1.380e-04,,,3159,
75450,0.026113,1.379e-04,,,3161,
75500,0.028419,1.379e-04,,,3163,
75550,0.024762,1.378e-04,,,3165,
75600,0.023124,1.377e-04,,,3167,
75650,0.029275,1.376e-04,,,3169,
75700,0.029557,1.376e-04,,,3171,
75750,0.028774,1.375e-04,,,3173,
75800,0.027435,1.374e-04,,,3176,
75850,0.029528,1.373e-04,,,3178,
75900,0.025447,1.373e-04,,,3180,
75950,0.023229,1.372e-04,,,3182,
76000,0.030039,1.371e-04,,,3184,
76000,,,21.501,31.730,3184,
76050,0.022918,1.371e-04,,,3186,
76100,0.030160,1.370e-04,,,3188,
76150,0.028417,1.369e-04,,,3190,
76200,0.017479,1.368e-04,,,3192,
76250,0.030244,1.368e-04,,,3194,
76300,0.033795,1.367e-04,,,3196,
76350,0.027935,1.366e-04,,,3198,
76400,0.038285,1.365e-04,,,3200,
76450,0.034169,1.365e-04,,,3202,
76500,0.027163,1.364e-04,,,3204,
76550,0.030964,1.363e-04,,,3207,
76600,0.035359,1.363e-04,,,3209,
76650,0.028911,1.362e-04,,,3211,
76700,0.026210,1.361e-04,,,3213,
76750,0.028217,1.360e-04,,,3215,
76800,0.032911,1.360e-04,,,3217,
76850,0.028083,1.359e-04,,,3219,
76900,0.035664,1.358e-04,,,3221,
76950,0.034008,1.357e-04,,,3223,
77000,0.031326,1.357e-04,,,3225,
77050,0.024143,1.356e-04,,,3227,
77100,0.040544,1.355e-04,,,3230,
77150,0.025191,1.355e-04,,,3232,
77200,0.032211,1.354e-04,,,3234,
77250,0.030152,1.353e-04,,,3236,
77300,0.028177,1.352e-04,,,3238,
77350,0.030122,1.352e-04,,,3240,
77400,0.031384,1.351e-04,,,3242,
77450,0.027610,1.350e-04,,,3244,
77500,0.034629,1.349e-04,,,3246,
77550,0.033732,1.349e-04,,,3248,
77600,0.032594,1.348e-04,,,3250,
77650,0.039442,1.347e-04,,,3252,
77700,0.040842,1.346e-04,,,3254,
77750,0.029516,1.346e-04,,,3257,
77800,0.023368,1.345e-04,,,3259,
77850,0.025213,1.344e-04,,,3261,
77900,0.030736,1.344e-04,,,3263,
77950,0.031703,1.343e-04,,,3265,
78000,0.039035,1.342e-04,,,3267,
78000,,,21.501,30.992,3267,
78050,0.031352,1.341e-04,,,3269,
78100,0.030618,1.341e-04,,,3271,
78150,0.041114,1.340e-04,,,3273,
78200,0.030213,1.339e-04,,,3275,
78250,0.034198,1.338e-04,,,3277,
78300,0.028716,1.338e-04,,,3279,
78350,0.020498,1.337e-04,,,3282,
78400,0.035875,1.336e-04,,,3284,
78450,0.020449,1.335e-04,,,3286,
78500,0.029207,1.335e-04,,,3288,
78550,0.032464,1.334e-04,,,3290,
78600,0.029992,1.333e-04,,,3292,
78650,0.023326,1.332e-04,,,3294,
78700,0.032719,1.332e-04,,,3296,
78750,0.031357,1.331e-04,,,3298,
78800,0.029200,1.330e-04,,,3300,
78850,0.037399,1.330e-04,,,3302,
78900,0.024391,1.329e-04,,,3305,
78950,0.028437,1.328e-04,,,3307,
79000,0.040169,1.327e-04,,,3309,
79050,0.017103,1.327e-04,,,3311,
79100,0.040630,1.326e-04,,,3313,
79150,0.040090,1.325e-04,,,3315,
79200,0.033890,1.324e-04,,,3317,
79250,0.024727,1.324e-04,,,3319,
79300,0.031913,1.323e-04,,,3321,
79350,0.034134,1.322e-04,,,3323,
79400,0.035193,1.321e-04,,,3325,
79450,0.032804,1.321e-04,,,3327,
79500,0.031309,1.320e-04,,,3330,
79550,0.031236,1.319e-04,,,3332,
79600,0.042958,1.318e-04,,,3334,
79650,0.036581,1.318e-04,,,3336,
79700,0.026502,1.317e-04,,,3338,
79750,0.030537,1.316e-04,,,3340,
79800,0.037703,1.315e-04,,,3342,
79850,0.032392,1.315e-04,,,3345,
79900,0.043376,1.314e-04,,,3347,
79950,0.030510,1.313e-04,,,3349,
80000,0.022068,1.312e-04,,,3351,
80000,,,21.501,31.725,3351,
80050,0.033516,1.312e-04,,,3354,
80100,0.026809,1.311e-04,,,3356,
80150,0.031937,1.310e-04,,,3358,
80200,0.023425,1.309e-04,,,3360,
80250,0.033009,1.309e-04,,,3362,
80300,0.036456,1.308e-04,,,3364,
80350,0.028430,1.307e-04,,,3366,
80400,0.024130,1.307e-04,,,3368,
80450,0.022037,1.306e-04,,,3370,
80500,0.035821,1.305e-04,,,3372,
80550,0.034843,1.304e-04,,,3374,
80600,0.026193,1.304e-04,,,3376,
80650,0.037370,1.303e-04,,,3378,
80700,0.030802,1.302e-04,,,3380,
80750,0.031895,1.301e-04,,,3382,
80800,0.035589,1.301e-04,,,3384,
80850,0.033041,1.300e-04,,,3386,
80900,0.028900,1.299e-04,,,3388,
80950,0.032461,1.298e-04,,,3390,
81000,0.036162,1.298e-04,,,3392,
81050,0.042080,1.297e-04,,,3395,
81100,0.032963,1.296e-04,,,3397,
81150,0.032069,1.295e-04,,,3399,
81200,0.034308,1.295e-04,,,3401,
81250,0.027015,1.294e-04,,,3403,
81300,0.020772,1.293e-04,,,3405,
81350,0.025467,1.292e-04,,,3407,
81400,0.033070,1.292e-04,,,3409,
81450,0.033065,1.291e-04,,,3411,
81500,0.032829,1.290e-04,,,3413,
81550,0.026338,1.289e-04,,,3415,
81600,0.036712,1.289e-04,,,3417,
81650,0.037394,1.288e-04,,,3419,
81700,0.030392,1.287e-04,,,3421,
81750,0.025193,1.286e-04,,,3423,
81800,0.025787,1.286e-04,,,3425,
81850,0.025444,1.285e-04,,,3427,
81900,0.033198,1.284e-04,,,3429,
81950,0.032398,1.283e-04,,,3431,
82000,0.034149,1.283e-04,,,3433,
82000,,,21.501,31.775,3433,
82050,0.026023,1.282e-04,,,3435,
82100,0.026683,1.281e-04,,,3437,
82150,0.027470,1.280e-04,,,3439,
82200,0.023122,1.280e-04,,,3441,
82250,0.036816,1.279e-04,,,3443,
82300,0.030995,1.278e-04,,,3445,
82350,0.024012,1.277e-04,,,3447,
82400,0.032161,1.277e-04,,,3449,
82450,0.029236,1.276e-04,,,3451,
82500,0.033316,1.275e-04,,,3453,
82550,0.026567,1.274e-04,,,3455,
82600,0.027834,1.274e-04,,,3457,
82650,0.034543,1.273e-04,,,3459,
82700,0.027303,1.272e-04,,,3462,
82750,0.030380,1.271e-04,,,3464,
82800,0.034709,1.271e-04,,,3466,
82850,0.029323,1.270e-04,,,3468,
82900,0.024963,1.269e-04,,,3470,
82950,0.032216,1.268e-04,,,3472,
83000,0.035308,1.268e-04,,,3474,
83050,0.036418,1.267e-04,,,3476,
83100,0.029419,1.266e-04,,,3478,
83150,0.028241,1.265e-04,,,3480,
83200,0.040871,1.265e-04,,,3482,
83250,0.026043,1.264e-04,,,3484,
83300,0.028969,1.263e-04,,,3486,
83350,0.033011,1.262e-04,,,3488,
83400,0.026159,1.262e-04,,,3490,
83450,0.032300,1.261e-04,,,3492,
83500,0.029652,1.260e-04,,,3494,
83550,0.029902,1.259e-04,,,3496,
83600,0.022056,1.258e-04,,,3499,
83650,0.027746,1.258e-04,,,3501,
83700,0.036280,1.257e-04,,,3503,
83750,0.029016,1.256e-04,,,3505,
83800,0.045696,1.255e-04,,,3507,
83850,0.029139,1.255e-04,,,3509,
83900,0.028256,1.254e-04,,,3511,
83950,0.033315,1.253e-04,,,3513,
84000,0.032422,1.252e-04,,,3515,
84000,,,21.501,31.521,3515,
84050,0.037358,1.252e-04,,,3517,
84100,0.022350,1.251e-04,,,3519,
84150,0.042358,1.250e-04,,,3521,
84200,0.027004,1.249e-04,,,3523,
84250,0.024399,1.249e-04,,,3525,
84300,0.026226,1.248e-04,,,3528,
84350,0.031514,1.247e-04,,,3530,
84400,0.029331,1.246e-04,,,3532,
84450,0.025542,1.246e-04,,,3534,
84500,0.030447,1.245e-04,,,3536,
84550,0.031310,1.244e-04,,,3538,
84600,0.030510,1.243e-04,,,3540,
84650,0.027125,1.243e-04,,,3542,
84700,0.039860,1.242e-04,,,3544,
84750,0.026986,1.241e-04,,,3546,
84800,0.030062,1.240e-04,,,3548,
84850,0.035009,1.240e-04,,,3550,
84900,0.036844,1.239e-04,,,3553,
84950,0.029750,1.238e-04,,,3555,
85000,0.028683,1.237e-04,,,3557,
85050,0.024770,1.237e-04,,,3559,
85100,0.033220,1.236e-04,,,3561,
85150,0.029993,1.235e-04,,,3563,
85200,0.040509,1.234e-04,,,3565,
85250,0.029388,1.233e-04,,,3567,
85300,0.027512,1.233e-04,,,3569,
85350,0.027309,1.232e-04,,,3571,
85400,0.025598,1.231e-04,,,3573,
85450,0.031043,1.230e-04,,,3575,
85500,0.042031,1.230e-04,,,3577,
85550,0.027172,1.229e-04,,,3579,
85600,0.035503,1.228e-04,,,3581,
85650,0.027823,1.227e-04,,,3584,
85700,0.027644,1.227e-04,,,3586,
85750,0.033399,1.226e-04,,,3588,
85800,0.038093,1.225e-04,,,3590,
85850,0.035764,1.224e-04,,,3592,
85900,0.028434,1.224e-04,,,3594,
85950,0.027008,1.223e-04,,,3596,
86000,0.035819,1.222e-04,,,3598,
86000,,,21.501,31.464,3598,
86050,0.033291,1.221e-04,,,3600,
86100,0.026936,1.221e-04,,,3602,
86150,0.037745,1.220e-04,,,3604,
86200,0.028180,1.219e-04,,,3606,
86250,0.029242,1.218e-04,,,3608,
86300,0.021661,1.217e-04,,,3611,
86350,0.034189,1.217e-04,,,3613,
86400,0.027700,1.216e-04,,,3615,
86450,0.029326,1.215e-04,,,3617,
86500,0.030933,1.214e-04,,,3619,
86550,0.031076,1.214e-04,,,3621,
86600,0.031598,1.213e-04,,,3623,
86650,0.036691,1.212e-04,,,3625,
86700,0.023210,1.211e-04,,,3627,
86750,0.039103,1.211e-04,,,3629,
86800,0.032368,1.210e-04,,,3631,
86850,0.025576,1.209e-04,,,3633,
86900,0.029819,1.208e-04,,,3636,
86950,0.033611,1.208e-04,,,3638,
87000,0.031307,1.207e-04,,,3640,
87050,0.022332,1.206e-04,,,3642,
87100,0.033207,1.205e-04,,,3644,
87150,0.029799,1.204e-04,,,3646,
87200,0.036810,1.204e-04,,,3648,
87250,0.032270,1.203e-04,,,3650,
87300,0.028513,1.202e-04,,,3652,
87350,0.024206,1.201e-04,,,3654,
87400,0.031058,1.201e-04,,,3656,
87450,0.023525,1.200e-04,,,3658,
87500,0.030737,1.199e-04,,,3660,
87550,0.021827,1.198e-04,,,3663,
87600,0.036302,1.198e-04,,,3665,
87650,0.029835,1.197e-04,,,3667,
87700,0.022511,1.196e-04,,,3669,
87750,0.021282,1.195e-04,,,3671,
87800,0.034790,1.195e-04,,,3673,
87850,0.029810,1.194e-04,,,3675,
87900,0.043087,1.193e-04,,,3677,
87950,0.036148,1.192e-04,,,3679,
88000,0.037007,1.191e-04,,,3681,
88000,,,21.501,31.616,3681,
88050,0.032892,1.191e-04,,,3683,
88100,0.029357,1.190e-04,,,3686,
88150,0.031234,1.189e-04,,,3688,
88200,0.031923,1.188e-04,,,3690,
88250,0.026148,1.188e-04,,,3692,
88300,0.033566,1.187e-04,,,3694,
88350,0.023436,1.186e-04,,,3696,
88400,0.024764,1.185e-04,,,3698,
88450,0.029086,1.185e-04,,,3700,
88500,0.031373,1.184e-04,,,3702,
88550,0.034826,1.183e-04,,,3704,
88600,0.020209,1.182e-04,,,3707,
88650,0.032885,1.181e-04,,,3709,
88700,0.035309,1.181e-04,,,3711,
88750,0.028661,1.180e-04,,,3713,
88800,0.028684,1.179e-04,,,3715,
88850,0.024368,1.178e-04,,,3717,
88900,0.025095,1.178e-04,,,3719,
88950,0.032646,1.177e-04,,,3721,
89000,0.033178,1.176e-04,,,3723,
89050,0.031660,1.175e-04,,,3725,
89100,0.025556,1.175e-04,,,3727,
89150,0.021019,1.174e-04,,,3729,
89200,0.025438,1.173e-04,,,3731,
89250,0.029362,1.172e-04,,,3734,
89300,0.029808,1.171e-04,,,3736,
89350,0.043998,1.171e-04,,,3738,
89400,0.026400,1.170e-04,,,3740,
89450,0.038502,1.169e-04,,,3742,
89500,0.027148,1.168e-04,,,3744,
89550,0.034232,1.168e-04,,,3746,
89600,0.031650,1.167e-04,,,3748,
89650,0.028274,1.166e-04,,,3751,
89700,0.023211,1.165e-04,,,3753,
89750,0.026347,1.165e-04,,,3755,
89800,0.027537,1.164e-04,,,3757,
89850,0.029177,1.163e-04,,,3759,
89900,0.031861,1.162e-04,,,3761,
89950,0.030682,1.161e-04,,,3763,
90000,0.034604,1.161e-04,,,3765,
90000,,,21.501,31.048,3765,
90050,0.030127,1.160e-04,,,3767,
90100,0.038694,1.159e-04,,,3769,
90150,0.035516,1.158e-04,,,3771,
90200,0.029698,1.158e-04,,,3774,
90250,0.027162,1.157e-04,,,3776,
90300,0.029196,1.156e-04,,,3778,
90350,0.027982,1.155e-04,,,3780,
90400,0.028636,1.154e-04,,,3782,
90450,0.029791,1.154e-04,,,3784,
90500,0.024771,1.153e-04,,,3786,
90550,0.041537,1.152e-04,,,3788,
90600,0.019087,1.151e-04,,,3790,
90650,0.024088,1.151e-04,,,3793,
90700,0.026816,1.150e-04,,,3795,
90750,0.036048,1.149e-04,,,3797,
90800,0.031777,1.148e-04,,,3799,
90850,0.026982,1.148e-04,,,3801,
90900,0.033273,1.147e-04,,,3803,
90950,0.025584,1.146e-04,,,3805,
91000,0.027528,1.145e-04,,,3807,
91050,0.031817,1.144e-04,,,3809,
91100,0.036780,1.144e-04,,,3811,
91150,0.037390,1.143e-04,,,3813,
91200,0.033851,1.142e-04,,,3816,
91250,0.035398,1.141e-04,,,3818,
91300,0.029485,1.141e-04,,,3820,
91350,0.033435,1.140e-04,,,3822,
91400,0.035799,1.139e-04,,,3824,
91450,0.030586,1.138e-04,,,3826,
91500,0.025894,1.137e-04,,,3828,
91550,0.033234,1.137e-04,,,3830,
91600,0.026653,1.136e-04,,,3833,
91650,0.036523,1.135e-04,,,3835,
91700,0.023712,1.134e-04,,,3837,
91750,0.032585,1.134e-04,,,3839,
91800,0.032476,1.133e-04,,,3841,
91850,0.024034,1.132e-04,,,3843,
91900,0.029720,1.131e-04,,,3845,
91950,0.030373,1.130e-04,,,3847,
92000,0.029879,1.130e-04,,,3849,
92000,,,21.501,30.519,3849,
92050,0.019048,1.129e-04,,,3852,
92100,0.028840,1.128e-04,,,3854,
92150,0.036522,1.127e-04,,,3856,
92200,0.021329,1.127e-04,,,3858,
92250,0.033911,1.126e-04,,,3860,
92300,0.027607,1.125e-04,,,3862,
92350,0.039675,1.124e-04,,,3864,
92400,0.025713,1.124e-04,,,3866,
92450,0.033092,1.123e-04,,,3868,
92500,0.026359,1.122e-04,,,3870,
92550,0.027929,1.121e-04,,,3872,
92600,0.021306,1.120e-04,,,3875,
92650,0.024900,1.120e-04,,,3877,
92700,0.029987,1.119e-04,,,3879,
92750,0.038357,1.118e-04,,,3881,
92800,0.028500,1.117e-04,,,3883,
92850,0.026396,1.117e-04,,,3885,
92900,0.034927,1.116e-04,,,3887,
92950,0.023753,1.115e-04,,,3889,
93000,0.034414,1.114e-04,,,3892,
93050,0.027453,1.113e-04,,,3894,
93100,0.025121,1.113e-04,,,3896,
93150,0.022096,1.112e-04,,,3898,
93200,0.029429,1.111e-04,,,3900,
93250,0.025988,1.110e-04,,,3902,
93300,0.021720,1.110e-04,,,3904,
93350,0.023209,1.109e-04,,,3906,
93400,0.035727,1.108e-04,,,3908,
93450,0.034519,1.107e-04,,,3910,
93500,0.024183,1.106e-04,,,3912,
93550,0.028904,1.106e-04,,,3914,
93600,0.021102,1.105e-04,,,3917,
93650,0.040317,1.104e-04,,,3919,
93700,0.035918,1.103e-04,,,3921,
93750,0.025026,1.103e-04,,,3923,
93800,0.028063,1.102e-04,,,3925,
93850,0.028030,1.101e-04,,,3927,
93900,0.035406,1.100e-04,,,3929,
93950,0.024728,1.099e-04,,,3931,
94000,0.031306,1.099e-04,,,3933,
94000,,,21.501,31.696,3933,
94050,0.031991,1.098e-04,,,3936,
94100,0.026849,1.097e-04,,,3938,
94150,0.023724,1.096e-04,,,3940,
94200,0.027525,1.096e-04,,,3942,
94250,0.024896,1.095e-04,,,3944,
94300,0.028397,1.094e-04,,,3946,
94350,0.030915,1.093e-04,,,3948,
94400,0.028521,1.092e-04,,,3950,
94450,0.026517,1.092e-04,,,3952,
94500,0.030617,1.091e-04,,,3955,
94550,0.029184,1.090e-04,,,3957,
94600,0.034911,1.089e-04,,,3959,
94650,0.025549,1.089e-04,,,3961,
94700,0.026170,1.088e-04,,,3963,
94750,0.023914,1.087e-04,,,3965,
94800,0.025599,1.086e-04,,,3967,
94850,0.030176,1.085e-04,,,3969,
94900,0.024334,1.085e-04,,,3971,
94950,0.029875,1.084e-04,,,3974,
95000,0.036736,1.083e-04,,,3976,
95050,0.033092,1.082e-04,,,3978,
95100,0.030860,1.082e-04,,,3980,
95150,0.031055,1.081e-04,,,3982,
95200,0.029754,1.080e-04,,,3984,
95250,0.024546,1.079e-04,,,3986,
95300,0.027887,1.078e-04,,,3988,
95350,0.035914,1.078e-04,,,3990,
95400,0.032706,1.077e-04,,,3993,
95450,0.027104,1.076e-04,,,3995,
95500,0.029306,1.075e-04,,,3997,
95550,0.027711,1.074e-04,,,3999,
95600,0.039712,1.074e-04,,,4001,
95650,0.029542,1.073e-04,,,4003,
95700,0.025789,1.072e-04,,,4005,
95750,0.032620,1.071e-04,,,4007,
95800,0.027365,1.071e-04,,,4009,
95850,0.024948,1.070e-04,,,4011,
95900,0.025888,1.069e-04,,,4014,
95950,0.021755,1.068e-04,,,4016,
96000,0.026635,1.067e-04,,,4018,
96000,,,21.501,31.383,4018,
96050,0.028483,1.067e-04,,,4020,
96100,0.028381,1.066e-04,,,4022,
96150,0.030404,1.065e-04,,,4024,
96200,0.039487,1.064e-04,,,4026,
96250,0.025088,1.064e-04,,,4028,
96300,0.035752,1.063e-04,,,4031,
96350,0.026928,1.062e-04,,,4033,
96400,0.037198,1.061e-04,,,4035,
96450,0.028544,1.060e-04,,,4037,
96500,0.032182,1.060e-04,,,4039,
96550,0.025572,1.059e-04,,,4041,
96600,0.032500,1.058e-04,,,4043,
96650,0.026582,1.057e-04,,,4045,
96700,0.036827,1.057e-04,,,4047,
96750,0.039286,1.056e-04,,,4049,
96800,0.026435,1.055e-04,,,4051,
96850,0.037104,1.054e-04,,,4053,
96900,0.025810,1.053e-04,,,4056,
96950,0.030506,1.053e-04,,,4058,
97000,0.024249,1.052e-04,,,4060,
97050,0.031010,1.051e-04,,,4062,
97100,0.029747,1.050e-04,,,4064,
97150,0.029927,1.050e-04,,,4066,
97200,0.039830,1.049e-04,,,4068,
97250,0.027719,1.048e-04,,,4070,
97300,0.029951,1.047e-04,,,4072,
97350,0.034436,1.046e-04,,,4074,
97400,0.031583,1.046e-04,,,4076,
97450,0.030792,1.045e-04,,,4078,
97500,0.016272,1.044e-04,,,4080,
97550,0.039467,1.043e-04,,,4083,
97600,0.043395,1.043e-04,,,4085,
97650,0.021628,1.042e-04,,,4087,
97700,0.032951,1.041e-04,,,4089,
97750,0.031522,1.040e-04,,,4091,
97800,0.025311,1.039e-04,,,4093,
97850,0.022687,1.039e-04,,,4095,
97900,0.033248,1.038e-04,,,4097,
97950,0.025363,1.037e-04,,,4100,
98000,0.041332,1.036e-04,,,4102,
98000,,,21.501,31.764,4102,
98050,0.033413,1.035e-04,,,4104,
98100,0.022656,1.035e-04,,,4106,
98150,0.024045,1.034e-04,,,4108,
98200,0.033485,1.033e-04,,,4110,
98250,0.027704,1.032e-04,,,4112,
98300,0.035051,1.032e-04,,,4114,
98350,0.026176,1.031e-04,,,4116,
98400,0.019823,1.030e-04,,,4118,
98450,0.038244,1.029e-04,,,4120,
98500,0.027815,1.028e-04,,,4123,
98550,0.034946,1.028e-04,,,4125,
98600,0.031470,1.027e-04,,,4127,
98650,0.026996,1.026e-04,,,4129,
98700,0.034716,1.025e-04,,,4131,
98750,0.037747,1.025e-04,,,4133,
98800,0.020776,1.024e-04,,,4135,
98850,0.039219,1.023e-04,,,4137,
98900,0.029385,1.022e-04,,,4139,
98950,0.029907,1.021e-04,,,4142,
99000,0.030594,1.021e-04,,,4144,
99050,0.030421,1.020e-04,,,4146,
99100,0.029312,1.019e-04,,,4148,
99150,0.032442,1.018e-04,,,4150,
99200,0.025835,1.018e-04,,,4152,
99250,0.031927,1.017e-04,,,4154,
99300,0.033957,1.016e-04,,,4156,
99350,0.025795,1.015e-04,,,4159,
99400,0.032157,1.014e-04,,,4161,
99450,0.028996,1.014e-04,,,4163,
99500,0.025092,1.013e-04,,,4165,
99550,0.034957,1.012e-04,,,4167,
99600,0.025270,1.011e-04,,,4169,
99650,0.036676,1.010e-04,,,4171,
99700,0.032771,1.010e-04,,,4173,
99750,0.026824,1.009e-04,,,4175,
99800,0.029650,1.008e-04,,,4177,
99850,0.026894,1.007e-04,,,4180,
99900,0.027929,1.007e-04,,,4182,
99950,0.031685,1.006e-04,,,4184,
100000,0.029976,1.005e-04,,,4186,
100000,,,21.501,31.671,4186,
100050,0.027102,1.004e-04,,,4188,
100100,0.027649,1.003e-04,,,4190,
100150,0.025430,1.003e-04,,,4192,
100200,0.040750,1.002e-04,,,4194,
100250,0.029971,1.001e-04,,,4196,
100300,0.026675,1.000e-04,,,4199,
100350,0.040716,9.995e-05,,,4201,
100400,0.026767,9.987e-05,,,4203,
100450,0.031614,9.980e-05,,,4205,
100500,0.032728,9.972e-05,,,4207,
100550,0.031966,9.964e-05,,,4209,
100600,0.024645,9.956e-05,,,4211,
100650,0.029522,9.948e-05,,,4213,
100700,0.048597,9.941e-05,,,4215,
100750,0.027153,9.933e-05,,,4217,
100800,0.026948,9.925e-05,,,4219,
100850,0.026490,9.917e-05,,,4222,
100900,0.027484,9.909e-05,,,4224,
100950,0.026850,9.902e-05,,,4226,
101000,0.039551,9.894e-05,,,4228,
101050,0.040753,9.886e-05,,,4230,
101100,0.039004,9.878e-05,,,4232,
101150,0.033361,9.870e-05,,,4234,
101200,0.037494,9.862e-05,,,4237,
101250,0.025878,9.855e-05,,,4239,
101300,0.029703,9.847e-05,,,4241,
101350,0.032977,9.839e-05,,,4243,
101400,0.037881,9.831e-05,,,4245,
101450,0.031285,9.823e-05,,,4247,
101500,0.025440,9.816e-05,,,4249,
101550,0.036680,9.808e-05,,,4251,
101600,0.025505,9.800e-05,,,4253,
101650,0.032450,9.792e-05,,,4255,
101700,0.032499,9.784e-05,,,4258,
101750,0.024713,9.777e-05,,,4260,
101800,0.025284,9.769e-05,,,4262,
101850,0.033761,9.761e-05,,,4264,
101900,0.023405,9.753e-05,,,4266,
101950,0.030361,9.745e-05,,,4268,
102000,0.026577,9.737e-05,,,4270,
102000,,,21.501,31.831,4270,
102050,0.025558,9.730e-05,,,4272,
102100,0.031285,9.722e-05,,,4274,
102150,0.032404,9.714e-05,,,4277,
102200,0.028106,9.706e-05,,,4279,
102250,0.038332,9.698e-05,,,4281,
102300,0.023347,9.691e-05,,,4283,
102350,0.029607,9.683e-05,,,4285,
102400,0.036246,9.675e-05,,,4287,
102450,0.026089,9.667e-05,,,4289,
102500,0.030134,9.659e-05,,,4291,
102550,0.029991,9.652e-05,,,4293,
102600,0.030205,9.644e-05,,,4295,
102650,0.035313,9.636e-05,,,4297,
102700,0.034967,9.628e-05,,,4300,
102750,0.037751,9.620e-05,,,4302,
102800,0.034589,9.613e-05,,,4304,
102850,0.022646,9.605e-05,,,4306,
102900,0.031574,9.597e-05,,,4308,
102950,0.039609,9.589e-05,,,4310,
103000,0.036626,9.581e-05,,,4312,
103050,0.029969,9.573e-05,,,4314,
103100,0.031967,9.566e-05,,,4316,
103150,0.036508,9.558e-05,,,4319,
103200,0.029891,9.550e-05,,,4321,
103250,0.026289,9.542e-05,,,4323,
103300,0.032644,9.534e-05,,,4325,
103350,0.032384,9.527e-05,,,4327,
103400,0.024856,9.519e-05,,,4329,
103450,0.036117,9.511e-05,,,4331,
103500,0.030999,9.503e-05,,,4333,
103550,0.025317,9.495e-05,,,4335,
103600,0.028073,9.488e-05,,,4337,
103650,0.032674,9.480e-05,,,4340,
103700,0.037517,9.472e-05,,,4342,
103750,0.030369,9.464e-05,,,4344,
103800,0.024028,9.456e-05,,,4346,
103850,0.021939,9.449e-05,,,4348,
103900,0.042126,9.441e-05,,,4350,
103950,0.021965,9.433e-05,,,4352,
104000,0.034488,9.425e-05,,,4354,
104000,,,21.501,31.760,4354,
104050,0.032254,9.417e-05,,,4357,
104100,0.028744,9.410e-05,,,4359,
104150,0.032384,9.402e-05,,,4361,
104200,0.022262,9.394e-05,,,4363,
104250,0.028477,9.386e-05,,,4365,
104300,0.041527,9.378e-05,,,4367,
104350,0.031553,9.371e-05,,,4369,
104400,0.026899,9.363e-05,,,4371,
104450,0.036352,9.355e-05,,,4373,
104500,0.028258,9.347e-05,,,4375,
104550,0.028724,9.339e-05,,,4377,
104600,0.035059,9.332e-05,,,4379,
104650,0.029216,9.324e-05,,,4382,
104700,0.029827,9.316e-05,,,4384,
104750,0.031177,9.308e-05,,,4386,
104800,0.038865,9.300e-05,,,4388,
104850,0.030772,9.293e-05,,,4390,
104900,0.034679,9.285e-05,,,4392,
104950,0.035239,9.277e-05,,,4394,
105000,0.028279,9.269e-05,,,4396,
105050,0.030802,9.262e-05,,,4398,
105100,0.036190,9.254e-05,,,4401,
105150,0.025765,9.246e-05,,,4403,
105200,0.028743,9.238e-05,,,4405,
105250,0.029838,9.230e-05,,,4407,
105300,0.025685,9.223e-05,,,4409,
105350,0.041887,9.215e-05,,,4411,
105400,0.032221,9.207e-05,,,4413,
105450,0.022188,9.199e-05,,,4415,
105500,0.036202,9.191e-05,,,4417,
105550,0.027228,9.184e-05,,,4420,
105600,0.023314,9.176e-05,,,4422,
105650,0.024802,9.168e-05,,,4424,
105700,0.027416,9.160e-05,,,4426,
105750,0.031992,9.153e-05,,,4428,
105800,0.030023,9.145e-05,,,4430,
105850,0.030961,9.137e-05,,,4432,
105900,0.032911,9.129e-05,,,4434,
105950,0.025059,9.121e-05,,,4436,
106000,0.035289,9.114e-05,,,4438,
106000,,,21.501,31.800,4438,
106050,0.028184,9.106e-05,,,4440,
106100,0.027580,9.098e-05,,,4443,
106150,0.034475,9.090e-05,,,4445,
106200,0.021704,9.083e-05,,,4447,
106250,0.025709,9.075e-05,,,4449,
106300,0.036497,9.067e-05,,,4451,
106350,0.033654,9.059e-05,,,4453,
106400,0.031587,9.051e-05,,,4455,
106450,0.024365,9.044e-05,,,4457,
106500,0.033508,9.036e-05,,,4459,
106550,0.037606,9.028e-05,,,4461,
106600,0.029405,9.020e-05,,,4463,
106650,0.021949,9.013e-05,,,4466,
106700,0.029211,9.005e-05,,,4468,
106750,0.027737,8.997e-05,,,4470,
106800,0.028690,8.989e-05,,,4472,
106850,0.030589,8.981e-05,,,4474,
106900,0.030209,8.974e-05,,,4476,
106950,0.033423,8.966e-05,,,4478,
107000,0.030781,8.958e-05,,,4480,
107050,0.030650,8.950e-05,,,4482,
107100,0.025291,8.943e-05,,,4484,
107150,0.027535,8.935e-05,,,4486,
107200,0.027695,8.927e-05,,,4488,
107250,0.037116,8.919e-05,,,4491,
107300,0.040983,8.912e-05,,,4493,
107350,0.034167,8.904e-05,,,4495,
107400,0.037379,8.896e-05,,,4497,
107450,0.036971,8.888e-05,,,4499,
107500,0.027606,8.881e-05,,,4501,
107550,0.027751,8.873e-05,,,4503,
107600,0.021242,8.865e-05,,,4505,
107650,0.035246,8.857e-05,,,4507,
107700,0.027676,8.849e-05,,,4509,
107750,0.029145,8.842e-05,,,4511,
107800,0.035469,8.834e-05,,,4513,
107850,0.027087,8.826e-05,,,4515,
107900,0.023037,8.818e-05,,,4517,
107950,0.029538,8.811e-05,,,4519,
108000,0.030302,8.803e-05,,,4522,
108000,,,21.501,31.809,4522,
108050,0.030047,8.795e-05,,,4524,
108100,0.041558,8.787e-05,,,4526,
108150,0.025079,8.780e-05,,,4528,
108200,0.026293,8.772e-05,,,4530,
108250,0.029891,8.764e-05,,,4532,
108300,0.031389,8.756e-05,,,4534,
108350,0.026024,8.749e-05,,,4536,
108400,0.027509,8.741e-05,,,4539,
108450,0.039565,8.733e-05,,,4541,
108500,0.029900,8.725e-05,,,4543,
108550,0.017837,8.718e-05,,,4545,
108600,0.025298,8.710e-05,,,4547,
108650,0.026087,8.702e-05,,,4549,
108700,0.028999,8.694e-05,,,4551,
108750,0.033788,8.687e-05,,,4553,
108800,0.018822,8.679e-05,,,4555,
108850,0.021844,8.671e-05,,,4557,
108900,0.034239,8.664e-05,,,4559,
108950,0.025132,8.656e-05,,,4561,
109000,0.033087,8.648e-05,,,4564,
109050,0.028331,8.640e-05,,,4566,
109100,0.030639,8.633e-05,,,4568,
109150,0.030681,8.625e-05,,,4570,
109200,0.029277,8.617e-05,,,4572,
109250,0.020283,8.609e-05,,,4574,
109300,0.034407,8.602e-05,,,4576,
109350,0.032133,8.594e-05,,,4578,
109400,0.026783,8.586e-05,,,4580,
109450,0.034783,8.578e-05,,,4582,
109500,0.027631,8.571e-05,,,4584,
109550,0.022335,8.563e-05,,,4586,
109600,0.028105,8.555e-05,,,4588,
109650,0.026687,8.548e-05,,,4590,
109700,0.026021,8.540e-05,,,4593,
109750,0.022154,8.532e-05,,,4595,
109800,0.033751,8.524e-05,,,4597,
109850,0.020036,8.517e-05,,,4599,
109900,0.034775,8.509e-05,,,4601,
109950,0.026201,8.501e-05,,,4603,
110000,0.024356,8.493e-05,,,4605,
110000,,,21.501,31.641,4605,
110050,0.028393,8.486e-05,,,4607,
110100,0.031849,8.478e-05,,,4609,
110150,0.034432,8.470e-05,,,4611,
110200,0.035365,8.463e-05,,,4613,
110250,0.035631,8.455e-05,,,4615,
110300,0.024543,8.447e-05,,,4617,
110350,0.023468,8.439e-05,,,4619,
110400,0.034907,8.432e-05,,,4621,
110450,0.028998,8.424e-05,,,4624,
110500,0.031329,8.416e-05,,,4626,
110550,0.035222,8.409e-05,,,4628,
110600,0.027428,8.401e-05,,,4630,
110650,0.024562,8.393e-05,,,4632,
110700,0.035339,8.386e-05,,,4634,
110750,0.033541,8.378e-05,,,4636,
110800,0.025194,8.370e-05,,,4638,
110850,0.031297,8.362e-05,,,4640,
110900,0.020960,8.355e-05,,,4642,
110950,0.036413,8.347e-05,,,4644,
111000,0.038540,8.339e-05,,,4647,
111050,0.034812,8.332e-05,,,4649,
111100,0.022412,8.324e-05,,,4651,
111150,0.024079,8.316e-05,,,4653,
111200,0.030557,8.309e-05,,,4655,
111250,0.023809,8.301e-05,,,4657,
111300,0.024692,8.293e-05,,,4659,
111350,0.032614,8.285e-05,,,4661,
111400,0.024574,8.278e-05,,,4663,
111450,0.030030,8.270e-05,,,4665,
111500,0.033913,8.262e-05,,,4667,
111550,0.027178,8.255e-05,,,4669,
111600,0.023982,8.247e-05,,,4671,
111650,0.035381,8.239e-05,,,4673,
111700,0.039065,8.232e-05,,,4675,
111750,0.026973,8.224e-05,,,4677,
111800,0.028957,8.216e-05,,,4680,
111850,0.034835,8.209e-05,,,4682,
111900,0.039175,8.201e-05,,,4684,
111950,0.035679,8.193e-05,,,4686,
112000,0.029081,8.186e-05,,,4688,
112000,,,21.501,31.860,4688,
112050,0.028213,8.178e-05,,,4690,
112100,0.032312,8.170e-05,,,4692,
112150,0.037863,8.163e-05,,,4694,
112200,0.034232,8.155e-05,,,4696,
112250,0.026360,8.147e-05,,,4698,
112300,0.038823,8.140e-05,,,4700,
112350,0.038195,8.132e-05,,,4703,
112400,0.036234,8.124e-05,,,4705,
112450,0.029871,8.117e-05,,,4707,
112500,0.020723,8.109e-05,,,4709,
112550,0.031806,8.101e-05,,,4711,
112600,0.031941,8.094e-05,,,4713,
112650,0.024432,8.086e-05,,,4715,
112700,0.026227,8.078e-05,,,4717,
112750,0.023122,8.071e-05,,,4719,
112800,0.036947,8.063e-05,,,4721,
112850,0.020178,8.055e-05,,,4723,
112900,0.028497,8.048e-05,,,4725,
112950,0.026388,8.040e-05,,,4727,
113000,0.024749,8.032e-05,,,4729,
113050,0.023396,8.025e-05,,,4732,
113100,0.023940,8.017e-05,,,4734,
113150,0.025314,8.009e-05,,,4736,
113200,0.023207,8.002e-05,,,4738,
113250,0.034762,7.994e-05,,,4740,
113300,0.030362,7.986e-05,,,4742,
113350,0.029933,7.979e-05,,,4744,
113400,0.025776,7.971e-05,,,4746,
113450,0.037829,7.963e-05,,,4748,
113500,0.024833,7.956e-05,,,4750,
113550,0.036141,7.948e-05,,,4752,
113600,0.037909,7.941e-05,,,4754,
113650,0.019767,7.933e-05,,,4757,
113700,0.023326,7.925e-05,,,4759,
113750,0.026903,7.918e-05,,,4761,
113800,0.028441,7.910e-05,,,4763,
113850,0.024825,7.902e-05,,,4765,
113900,0.043072,7.895e-05,,,4767,
113950,0.034157,7.887e-05,,,4769,
114000,0.025988,7.879e-05,,,4771,
114000,,,21.501,31.860,4771,
114050,0.027285,7.872e-05,,,4773,
114100,0.032582,7.864e-05,,,4775,
114150,0.028483,7.857e-05,,,4778,
114200,0.025783,7.849e-05,,,4780,
114250,0.026287,7.841e-05,,,4782,
114300,0.030900,7.834e-05,,,4784,
114350,0.031526,7.826e-05,,,4786,
114400,0.034313,7.819e-05,,,4788,
114450,0.039671,7.811e-05,,,4790,
114500,0.030711,7.803e-05,,,4792,
114550,0.028658,7.796e-05,,,4794,
114600,0.028827,7.788e-05,,,4796,
114650,0.038580,7.780e-05,,,4798,
114700,0.036166,7.773e-05,,,4800,
114750,0.035539,7.765e-05,,,4802,
114800,0.032242,7.758e-05,,,4804,
114850,0.032543,7.750e-05,,,4807,
114900,0.032525,7.742e-05,,,4809,
114950,0.027168,7.735e-05,,,4811,
115000,0.028918,7.727e-05,,,4813,
115050,0.022657,7.720e-05,,,4815,
115100,0.031166,7.712e-05,,,4817,
115150,0.042173,7.704e-05,,,4819,
115200,0.028852,7.697e-05,,,4821,
115250,0.032527,7.689e-05,,,4823,
115300,0.032917,7.682e-05,,,4825,
115350,0.038979,7.674e-05,,,4828,
115400,0.028632,7.666e-05,,,4830,
115450,0.038226,7.659e-05,,,4832,
115500,0.030329,7.651e-05,,,4834,
115550,0.025988,7.644e-05,,,4836,
115600,0.027830,7.636e-05,,,4838,
115650,0.023680,7.629e-05,,,4840,
115700,0.033359,7.621e-05,,,4843,
115750,0.034261,7.613e-05,,,4845,
115800,0.029727,7.606e-05,,,4847,
115850,0.022859,7.598e-05,,,4849,
115900,0.031646,7.591e-05,,,4851,
115950,0.034205,7.583e-05,,,4853,
116000,0.021391,7.576e-05,,,4856,
116000,,,21.501,31.753,4856,
116050,0.023863,7.568e-05,,,4858,
116100,0.022836,7.560e-05,,,4860,
116150,0.031652,7.553e-05,,,4862,
116200,0.028684,7.545e-05,,,4864,
116250,0.027039,7.538e-05,,,4866,
116300,0.022920,7.530e-05,,,4868,
116350,0.028994,7.523e-05,,,4870,
116400,0.026187,7.515e-05,,,4872,
116450,0.027435,7.507e-05,,,4874,
116500,0.030684,7.500e-05,,,4876,
116550,0.033845,7.492e-05,,,4879,
116600,0.033308,7.485e-05,,,4881,
116650,0.030316,7.477e-05,,,4883,
116700,0.032566,7.470e-05,,,4885,
116750,0.031064,7.462e-05,,,4887,
116800,0.028444,7.455e-05,,,4889,
116850,0.027756,7.447e-05,,,4891,
116900,0.024381,7.440e-05,,,4893,
116950,0.028645,7.432e-05,,,4895,
117000,0.029174,7.424e-05,,,4897,
117050,0.031704,7.417e-05,,,4899,
117100,0.034296,7.409e-05,,,4902,
117150,0.028304,7.402e-05,,,4904,
117200,0.022559,7.394e-05,,,4906,
117250,0.035489,7.387e-05,,,4908,
117300,0.027402,7.379e-05,,,4910,
117350,0.020661,7.372e-05,,,4912,
117400,0.018243,7.364e-05,,,4914,
117450,0.025136,7.357e-05,,,4916,
117500,0.024248,7.349e-05,,,4918,
117550,0.032450,7.342e-05,,,4920,
117600,0.033030,7.334e-05,,,4922,
117650,0.038006,7.327e-05,,,4924,
117700,0.032600,7.319e-05,,,4927,
117750,0.025162,7.312e-05,,,4929,
117800,0.021589,7.304e-05,,,4931,
117850,0.025310,7.297e-05,,,4933,
117900,0.028034,7.289e-05,,,4935,
117950,0.026946,7.282e-05,,,4937,
118000,0.032388,7.274e-05,,,4939,
118000,,,21.501,31.557,4939,
118050,0.016784,7.267e-05,,,4941,
118100,0.034688,7.259e-05,,,4943,
118150,0.025471,7.252e-05,,,4945,
118200,0.024228,7.244e-05,,,4947,
118250,0.034421,7.237e-05,,,4949,
118300,0.026183,7.229e-05,,,4951,
118350,0.026235,7.222e-05,,,4953,
118400,0.034334,7.214e-05,,,4956,
118450,0.030968,7.207e-05,,,4958,
118500,0.033878,7.199e-05,,,4960,
118550,0.028736,7.192e-05,,,4962,
118600,0.036329,7.184e-05,,,4964,
118650,0.041065,7.177e-05,,,4966,
118700,0.030726,7.169e-05,,,4968,
118750,0.022813,7.162e-05,,,4970,
118800,0.028967,7.154e-05,,,4972,
118850,0.026784,7.147e-05,,,4974,
118900,0.024649,7.139e-05,,,4976,
118950,0.026447,7.132e-05,,,4978,
119000,0.028087,7.124e-05,,,4981,
119050,0.023945,7.117e-05,,,4983,
119100,0.022586,7.109e-05,,,4985,
119150,0.031821,7.102e-05,,,4987,
119200,0.028559,7.094e-05,,,4989,
119250,0.029433,7.087e-05,,,4991,
119300,0.024340,7.080e-05,,,4993,
119350,0.025569,7.072e-05,,,4995,
119400,0.034950,7.065e-05,,,4997,
119450,0.022381,7.057e-05,,,4999,
119500,0.029588,7.050e-05,,,5001,
119550,0.032132,7.042e-05,,,5003,
119600,0.030707,7.035e-05,,,5005,
119650,0.028195,7.027e-05,,,5007,
119700,0.030510,7.020e-05,,,5009,
119750,0.027462,7.012e-05,,,5012,
119800,0.025025,7.005e-05,,,5014,
119850,0.034956,6.998e-05,,,5016,
119900,0.031670,6.990e-05,,,5018,
119950,0.023326,6.983e-05,,,5020,
120000,0.028547,6.975e-05,,,5022,
120000,,,21.501,31.868,5022,
120050,0.031901,6.968e-05,,,5024,
120100,0.032618,6.960e-05,,,5026,
120150,0.025363,6.953e-05,,,5029,
120200,0.031867,6.946e-05,,,5031,
120250,0.034919,6.938e-05,,,5033,
120300,0.022590,6.931e-05,,,5035,
120350,0.021358,6.923e-05,,,5037,
120400,0.029520,6.916e-05,,,5039,
120450,0.030665,6.908e-05,,,5041,
120500,0.030893,6.901e-05,,,5043,
120550,0.037526,6.894e-05,,,5045,
120600,0.023458,6.886e-05,,,5047,
120650,0.040037,6.879e-05,,,5049,
120700,0.032776,6.871e-05,,,5052,
120750,0.024405,6.864e-05,,,5054,
120800,0.020382,6.857e-05,,,5056,
120850,0.028674,6.849e-05,,,5058,
120900,0.022710,6.842e-05,,,5060,
120950,0.028134,6.834e-05,,,5062,
121000,0.037088,6.827e-05,,,5064,
121050,0.030907,6.820e-05,,,5066,
121100,0.039460,6.812e-05,,,5068,
121150,0.044204,6.805e-05,,,5071,
121200,0.029074,6.797e-05,,,5073,
121250,0.026825,6.790e-05,,,5075,
121300,0.031928,6.783e-05,,,5077,
121350,0.023340,6.775e-05,,,5079,
121400,0.029531,6.768e-05,,,5081,
121450,0.043838,6.761e-05,,,5083,
121500,0.028079,6.753e-05,,,5085,
121550,0.031470,6.746e-05,,,5087,
121600,0.027879,6.738e-05,,,5089,
121650,0.036101,6.731e-05,,,5092,
121700,0.040204,6.724e-05,,,5094,
121750,0.030028,6.716e-05,,,5096,
121800,0.034692,6.709e-05,,,5098,
121850,0.034542,6.702e-05,,,5100,
121900,0.034459,6.694e-05,,,5102,
121950,0.020434,6.687e-05,,,5104,
122000,0.029920,6.680e-05,,,5106,
122000,,,21.501,31.340,5106,
122050,0.026000,6.672e-05,,,5108,
122100,0.026404,6.665e-05,,,5110,
122150,0.031533,6.658e-05,,,5113,
122200,0.030876,6.650e-05,,,5115,
122250,0.026470,6.643e-05,,,5117,
122300,0.027073,6.635e-05,,,5119,
122350,0.026123,6.628e-05,,,5121,
122400,0.031496,6.621e-05,,,5123,
122450,0.031161,6.613e-05,,,5125,
122500,0.033002,6.606e-05,,,5127,
122550,0.023896,6.599e-05,,,5129,
122600,0.029252,6.591e-05,,,5131,
122650,0.022912,6.584e-05,,,5133,
122700,0.023592,6.577e-05,,,5136,
122750,0.032200,6.570e-05,,,5138,
122800,0.027687,6.562e-05,,,5140,
122850,0.028961,6.555e-05,,,5142,
122900,0.026741,6.548e-05,,,5144,
122950,0.025848,6.540e-05,,,5146,
123000,0.035577,6.533e-05,,,5148,
123050,0.035113,6.526e-05,,,5150,
123100,0.033193,6.518e-05,,,5152,
123150,0.029995,6.511e-05,,,5154,
123200,0.023124,6.504e-05,,,5156,
123250,0.027477,6.496e-05,,,5159,
123300,0.027416,6.489e-05,,,5161,
123350,0.029653,6.482e-05,,,5163,
123400,0.027568,6.475e-05,,,5165,
123450,0.033061,6.467e-05,,,5167,
123500,0.027097,6.460e-05,,,5169,
123550,0.025896,6.453e-05,,,5171,
123600,0.036535,6.445e-05,,,5173,
123650,0.027704,6.438e-05,,,5175,
123700,0.028499,6.431e-05,,,5178,
123750,0.043919,6.424e-05,,,5180,
123800,0.031753,6.416e-05,,,5182,
123850,0.025624,6.409e-05,,,5184,
123900,0.028433,6.402e-05,,,5186,
123950,0.037586,6.394e-05,,,5188,
124000,0.030525,6.387e-05,,,5190,
124000,,,21.501,31.808,5190,
124050,0.035190,6.380e-05,,,5192,
124100,0.025611,6.373e-05,,,5194,
124150,0.030811,6.365e-05,,,5196,
124200,0.028804,6.358e-05,,,5198,
124250,0.033121,6.351e-05,,,5201,
124300,0.022931,6.344e-05,,,5203,
124350,0.042767,6.336e-05,,,5205,
124400,0.024550,6.329e-05,,,5207,
124450,0.023317,6.322e-05,,,5209,
124500,0.027099,6.315e-05,,,5211,
124550,0.036580,6.307e-05,,,5213,
124600,0.028769,6.300e-05,,,5215,
124650,0.031618,6.293e-05,,,5217,
124700,0.031215,6.286e-05,,,5219,
124750,0.034001,6.278e-05,,,5221,
124800,0.036395,6.271e-05,,,5223,
124850,0.034105,6.264e-05,,,5226,
124900,0.030405,6.257e-05,,,5228,
124950,0.031444,6.250e-05,,,5230,
125000,0.029124,6.242e-05,,,5232,
125050,0.036329,6.235e-05,,,5234,
125100,0.028296,6.228e-05,,,5236,
125150,0.026853,6.221e-05,,,5238,
125200,0.028414,6.213e-05,,,5240,
125250,0.027736,6.206e-05,,,5242,
125300,0.027131,6.199e-05,,,5244,
125350,0.042525,6.192e-05,,,5246,
125400,0.033738,6.185e-05,,,5249,
125450,0.023865,6.177e-05,,,5251,
125500,0.021864,6.170e-05,,,5253,
125550,0.028925,6.163e-05,,,5255,
125600,0.039027,6.156e-05,,,5257,
125650,0.036051,6.149e-05,,,5259,
125700,0.035483,6.141e-05,,,5261,
125750,0.027114,6.134e-05,,,5263,
125800,0.037130,6.127e-05,,,5265,
125850,0.038793,6.120e-05,,,5267,
125900,0.021382,6.113e-05,,,5269,
125950,0.025708,6.106e-05,,,5271,
126000,0.027333,6.098e-05,,,5273,
126000,,,21.501,31.558,5273,
126050,0.031493,6.091e-05,,,5276,
126100,0.029980,6.084e-05,,,5278,
126150,0.025472,6.077e-05,,,5280,
126200,0.026857,6.070e-05,,,5282,
126250,0.035998,6.063e-05,,,5284,
126300,0.019100,6.055e-05,,,5286,
126350,0.024911,6.048e-05,,,5288,
126400,0.037733,6.041e-05,,,5290,
126450,0.024544,6.034e-05,,,5292,
126500,0.021878,6.027e-05,,,5294,
126550,0.033076,6.020e-05,,,5297,
126600,0.037107,6.012e-05,,,5299,
126650,0.026143,6.005e-05,,,5301,
126700,0.022517,5.998e-05,,,5303,
126750,0.029822,5.991e-05,,,5305,
126800,0.026787,5.984e-05,,,5307,
126850,0.029792,5.977e-05,,,5309,
126900,0.026651,5.970e-05,,,5311,
126950,0.028833,5.963e-05,,,5313,
127000,0.024240,5.955e-05,,,5315,
127050,0.029038,5.948e-05,,,5317,
127100,0.024340,5.941e-05,,,5319,
127150,0.036368,5.934e-05,,,5322,
127200,0.030651,5.927e-05,,,5324,
127250,0.029372,5.920e-05,,,5326,
127300,0.027182,5.913e-05,,,5328,
127350,0.026719,5.906e-05,,,5330,
127400,0.028621,5.899e-05,,,5332,
127450,0.031520,5.891e-05,,,5334,
127500,0.034490,5.884e-05,,,5336,
127550,0.032119,5.877e-05,,,5338,
127600,0.025510,5.870e-05,,,5340,
127650,0.034208,5.863e-05,,,5342,
127700,0.024899,5.856e-05,,,5344,
127750,0.028225,5.849e-05,,,5346,
127800,0.034414,5.842e-05,,,5349,
127850,0.033977,5.835e-05,,,5351,
127900,0.034353,5.828e-05,,,5353,
127950,0.030023,5.821e-05,,,5355,
128000,0.026340,5.813e-05,,,5357,
128000,,,21.501,31.643,5357,
128050,0.037068,5.806e-05,,,5359,
128100,0.023648,5.799e-05,,,5361,
128150,0.027678,5.792e-05,,,5363,
128200,0.019554,5.785e-05,,,5365,
128250,0.027309,5.778e-05,,,5368,
128300,0.029098,5.771e-05,,,5370,
128350,0.022759,5.764e-05,,,5372,
128400,0.029222,5.757e-05,,,5374,
128450,0.029487,5.750e-05,,,5376,
128500,0.030908,5.743e-05,,,5378,
128550,0.025900,5.736e-05,,,5380,
128600,0.028955,5.729e-05,,,5382,
128650,0.031631,5.722e-05,,,5384,
128700,0.037655,5.715e-05,,,5386,
128750,0.029333,5.708e-05,,,5388,
128800,0.030469,5.701e-05,,,5390,
128850,0.023687,5.694e-05,,,5392,
128900,0.029022,5.687e-05,,,5395,
128950,0.035343,5.680e-05,,,5397,
129000,0.027790,5.673e-05,,,5399,
129050,0.023913,5.666e-05,,,5401,
129100,0.031359,5.659e-05,,,5403,
129150,0.024674,5.652e-05,,,5405,
129200,0.031080,5.645e-05,,,5407,
129250,0.024323,5.638e-05,,,5409,
129300,0.028827,5.631e-05,,,5411,
129350,0.026309,5.624e-05,,,5413,
129400,0.028273,5.617e-05,,,5415,
129450,0.028766,5.610e-05,,,5417,
129500,0.029079,5.603e-05,,,5420,
129550,0.032757,5.596e-05,,,5422,
129600,0.019769,5.589e-05,,,5424,
129650,0.045694,5.582e-05,,,5426,
129700,0.025689,5.575e-05,,,5428,
129750,0.028470,5.568e-05,,,5430,
129800,0.024752,5.561e-05,,,5432,
129850,0.033777,5.554e-05,,,5434,
129900,0.032751,5.547e-05,,,5436,
129950,0.038152,5.540e-05,,,5438,
130000,0.036249,5.533e-05,,,5440,
130000,,,21.501,31.907,5440,
130050,0.024414,5.526e-05,,,5443,
130100,0.024235,5.519e-05,,,5445,
130150,0.026355,5.512e-05,,,5447,
130200,0.028350,5.505e-05,,,5449,
130250,0.027278,5.498e-05,,,5451,
130300,0.028791,5.491e-05,,,5453,
130350,0.032656,5.484e-05,,,5455,
130400,0.039793,5.477e-05,,,5457,
130450,0.031849,5.470e-05,,,5459,
130500,0.037747,5.463e-05,,,5461,
130550,0.030896,5.456e-05,,,5463,
130600,0.026069,5.449e-05,,,5465,
130650,0.029305,5.443e-05,,,5468,
130700,0.028219,5.436e-05,,,5470,
130750,0.027395,5.429e-05,,,5472,
130800,0.026004,5.422e-05,,,5474,
130850,0.024113,5.415e-05,,,5476,
130900,0.032376,5.408e-05,,,5478,
130950,0.033276,5.401e-05,,,5480,
131000,0.028430,5.394e-05,,,5482,
131050,0.032311,5.387e-05,,,5484,
131100,0.032234,5.380e-05,,,5486,
131150,0.040384,5.373e-05,,,5488,
131200,0.032437,5.366e-05,,,5490,
131250,0.028160,5.360e-05,,,5493,
131300,0.023420,5.353e-05,,,5495,
131350,0.021168,5.346e-05,,,5497,
131400,0.023234,5.339e-05,,,5499,
131450,0.026122,5.332e-05,,,5501,
131500,0.034301,5.325e-05,,,5503,
131550,0.026138,5.318e-05,,,5505,
131600,0.027521,5.311e-05,,,5507,
131650,0.042527,5.305e-05,,,5509,
131700,0.025536,5.298e-05,,,5511,
131750,0.032518,5.291e-05,,,5513,
131800,0.022166,5.284e-05,,,5516,
131850,0.035575,5.277e-05,,,5518,
131900,0.020801,5.270e-05,,,5520,
131950,0.022066,5.263e-05,,,5522,
132000,0.029254,5.257e-05,,,5524,
132000,,,21.501,31.697,5524,
132050,0.029114,5.250e-05,,,5526,
132100,0.019793,5.243e-05,,,5528,
132150,0.026618,5.236e-05,,,5530,
132200,0.037549,5.229e-05,,,5532,
132250,0.028871,5.222e-05,,,5534,
132300,0.034588,5.216e-05,,,5536,
132350,0.029387,5.209e-05,,,5538,
132400,0.036868,5.202e-05,,,5540,
132450,0.029458,5.195e-05,,,5543,
132500,0.035053,5.188e-05,,,5545,
132550,0.028350,5.181e-05,,,5547,
132600,0.029013,5.175e-05,,,5549,
132650,0.028133,5.168e-05,,,5551,
132700,0.032449,5.161e-05,,,5553,
132750,0.020102,5.154e-05,,,5555,
132800,0.037848,5.147e-05,,,5557,
132850,0.036168,5.141e-05,,,5559,
132900,0.024338,5.134e-05,,,5561,
132950,0.038827,5.127e-05,,,5563,
133000,0.025820,5.120e-05,,,5566,
133050,0.025303,5.113e-05,,,5568,
133100,0.030464,5.107e-05,,,5570,
133150,0.033319,5.100e-05,,,5572,
133200,0.025821,5.093e-05,,,5574,
133250,0.031137,5.086e-05,,,5576,
133300,0.032120,5.080e-05,,,5578,
133350,0.035661,5.073e-05,,,5580,
133400,0.021534,5.066e-05,,,5582,
133450,0.035179,5.059e-05,,,5584,
133500,0.024009,5.052e-05,,,5586,
133550,0.027684,5.046e-05,,,5588,
133600,0.031360,5.039e-05,,,5590,
133650,0.043553,5.032e-05,,,5593,
133700,0.034861,5.025e-05,,,5595,
133750,0.022249,5.019e-05,,,5597,
133800,0.023720,5.012e-05,,,5599,
133850,0.028927,5.005e-05,,,5601,
133900,0.028604,4.998e-05,,,5603,
133950,0.023246,4.992e-05,,,5605,
134000,0.029467,4.985e-05,,,5607,
134000,,,21.501,31.941,5607,
134050,0.030119,4.978e-05,,,5609,
134100,0.022839,4.972e-05,,,5611,
134150,0.021200,4.965e-05,,,5614,
134200,0.034463,4.958e-05,,,5616,
134250,0.029200,4.951e-05,,,5618,
134300,0.026328,4.945e-05,,,5620,
134350,0.021334,4.938e-05,,,5622,
134400,0.020144,4.931e-05,,,5624,
134450,0.039656,4.925e-05,,,5626,
134500,0.028388,4.918e-05,,,5628,
134550,0.026346,4.911e-05,,,5630,
134600,0.030779,4.905e-05,,,5632,
134650,0.023878,4.898e-05,,,5634,
134700,0.026653,4.891e-05,,,5636,
134750,0.027790,4.884e-05,,,5639,
134800,0.030104,4.878e-05,,,5641,
134850,0.034785,4.871e-05,,,5643,
134900,0.024619,4.864e-05,,,5645,
134950,0.035017,4.858e-05,,,5647,
135000,0.027647,4.851e-05,,,5649,
135050,0.027913,4.844e-05,,,5651,
135100,0.040074,4.838e-05,,,5653,
135150,0.026452,4.831e-05,,,5655,
135200,0.029273,4.825e-05,,,5657,
135250,0.021230,4.818e-05,,,5659,
135300,0.032706,4.811e-05,,,5661,
135350,0.028093,4.805e-05,,,5663,
135400,0.025393,4.798e-05,,,5665,
135450,0.032767,4.791e-05,,,5668,
135500,0.014906,4.785e-05,,,5670,
135550,0.032830,4.778e-05,,,5672,
135600,0.022995,4.771e-05,,,5674,
135650,0.030280,4.765e-05,,,5676,
135700,0.023390,4.758e-05,,,5678,
135750,0.021604,4.752e-05,,,5680,
135800,0.029702,4.745e-05,,,5682,
135850,0.027437,4.738e-05,,,5684,
135900,0.037205,4.732e-05,,,5686,
135950,0.025702,4.725e-05,,,5688,
136000,0.025991,4.719e-05,,,5690,
136000,,,21.501,31.850,5690,
136050,0.029771,4.712e-05,,,5693,
136100,0.018894,4.705e-05,,,5695,
136150,0.031987,4.699e-05,,,5697,
136200,0.034613,4.692e-05,,,5699,
136250,0.021297,4.686e-05,,,5701,
136300,0.021059,4.679e-05,,,5703,
136350,0.023956,4.672e-05,,,5705,
136400,0.026080,4.666e-05,,,5707,
136450,0.032508,4.659e-05,,,5709,
136500,0.024825,4.653e-05,,,5711,
136550,0.021386,4.646e-05,,,5713,
136600,0.028019,4.640e-05,,,5716,
136650,0.029904,4.633e-05,,,5718,
136700,0.027432,4.626e-05,,,5720,
136750,0.027983,4.620e-05,,,5722,
136800,0.036512,4.613e-05,,,5724,
136850,0.027913,4.607e-05,,,5726,
136900,0.028051,4.600e-05,,,5728,
136950,0.037386,4.594e-05,,,5730,
137000,0.023275,4.587e-05,,,5732,
137050,0.023138,4.581e-05,,,5734,
137100,0.027185,4.574e-05,,,5736,
137150,0.033357,4.568e-05,,,5738,
137200,0.032517,4.561e-05,,,5740,
137250,0.021360,4.555e-05,,,5743,
137300,0.025568,4.548e-05,,,5745,
137350,0.032677,4.542e-05,,,5747,
137400,0.032625,4.535e-05,,,5749,
137450,0.032800,4.529e-05,,,5751,
137500,0.033113,4.522e-05,,,5753,
137550,0.016464,4.516e-05,,,5755,
137600,0.030367,4.509e-05,,,5757,
137650,0.031212,4.503e-05,,,5759,
137700,0.026123,4.496e-05,,,5761,
137750,0.026634,4.490e-05,,,5763,
137800,0.023143,4.483e-05,,,5766,
137850,0.031932,4.477e-05,,,5768,
137900,0.027014,4.470e-05,,,5770,
137950,0.027645,4.464e-05,,,5772,
138000,0.030022,4.457e-05,,,5774,
138000,,,21.501,31.916,5774,
138050,0.020880,4.451e-05,,,5776,
138100,0.027326,4.444e-05,,,5778,
138150,0.027443,4.438e-05,,,5780,
138200,0.030148,4.431e-05,,,5782,
138250,0.032076,4.425e-05,,,5784,
138300,0.028973,4.419e-05,,,5786,
138350,0.033554,4.412e-05,,,5788,
138400,0.024990,4.406e-05,,,5791,
138450,0.032140,4.399e-05,,,5793,
138500,0.029538,4.393e-05,,,5795,
138550,0.028146,4.386e-05,,,5797,
138600,0.036246,4.380e-05,,,5799,
138650,0.030029,4.374e-05,,,5801,
138700,0.028292,4.367e-05,,,5803,
138750,0.020276,4.361e-05,,,5805,
138800,0.029388,4.354e-05,,,5807,
138850,0.025518,4.348e-05,,,5809,
138900,0.027166,4.341e-05,,,5811,
138950,0.026485,4.335e-05,,,5813,
139000,0.037183,4.329e-05,,,5816,
139050,0.032659,4.322e-05,,,5818,
139100,0.025397,4.316e-05,,,5820,
139150,0.024697,4.310e-05,,,5822,
139200,0.031327,4.303e-05,,,5824,
139250,0.034477,4.297e-05,,,5826,
139300,0.029185,4.290e-05,,,5828,
139350,0.030852,4.284e-05,,,5830,
139400,0.026859,4.278e-05,,,5833,
139450,0.039923,4.271e-05,,,5835,
139500,0.020893,4.265e-05,,,5837,
139550,0.029003,4.259e-05,,,5839,
139600,0.026080,4.252e-05,,,5841,
139650,0.035285,4.246e-05,,,5843,
139700,0.034695,4.240e-05,,,5845,
139750,0.022263,4.233e-05,,,5847,
139800,0.036743,4.227e-05,,,5849,
139850,0.030770,4.221e-05,,,5851,
139900,0.027073,4.214e-05,,,5853,
139950,0.036121,4.208e-05,,,5856,
140000,0.026116,4.202e-05,,,5858,
140000,,,21.501,31.938,5858,
140050,0.031683,4.195e-05,,,5860,
140100,0.031039,4.189e-05,,,5862,
140150,0.035546,4.183e-05,,,5864,
140200,0.028976,4.176e-05,,,5866,
140250,0.025499,4.170e-05,,,5868,
140300,0.021735,4.164e-05,,,5870,
140350,0.023406,4.157e-05,,,5872,
140400,0.025568,4.151e-05,,,5874,
140450,0.029664,4.145e-05,,,5877,
140500,0.032793,4.138e-05,,,5879,
140550,0.025444,4.132e-05,,,5881,
140600,0.029722,4.126e-05,,,5883,
140650,0.031064,4.120e-05,,,5885,
140700,0.034428,4.113e-05,,,5887,
140750,0.032970,4.107e-05,,,5889,
140800,0.027121,4.101e-05,,,5891,
140850,0.044881,4.095e-05,,,5893,
140900,0.028400,4.088e-05,,,5895,
140950,0.024573,4.082e-05,,,5897,
141000,0.029444,4.076e-05,,,5900,
141050,0.021973,4.070e-05,,,5902,
141100,0.024459,4.063e-05,,,5904,
141150,0.024857,4.057e-05,,,5906,
141200,0.022600,4.051e-05,,,5908,
141250,0.029133,4.045e-05,,,5910,
141300,0.038848,4.038e-05,,,5912,
141350,0.029987,4.032e-05,,,5914,
141400,0.028937,4.026e-05,,,5916,
141450,0.028034,4.020e-05,,,5918,
141500,0.040259,4.014e-05,,,5920,
141550,0.037648,4.007e-05,,,5923,
141600,0.030426,4.001e-05,,,5925,
141650,0.020287,3.995e-05,,,5927,
141700,0.034467,3.989e-05,,,5929,
141750,0.022375,3.982e-05,,,5931,
141800,0.029046,3.976e-05,,,5933,
141850,0.025910,3.970e-05,,,5935,
141900,0.028107,3.964e-05,,,5937,
141950,0.025274,3.958e-05,,,5939,
142000,0.035566,3.952e-05,,,5941,
142000,,,21.501,31.893,5941,
142050,0.030583,3.945e-05,,,5943,
142100,0.032730,3.939e-05,,,5945,
142150,0.022443,3.933e-05,,,5948,
142200,0.033262,3.927e-05,,,5950,
142250,0.027575,3.921e-05,,,5952,
142300,0.027435,3.915e-05,,,5954,
142350,0.024425,3.908e-05,,,5956,
142400,0.022871,3.902e-05,,,5958,
142450,0.037752,3.896e-05,,,5960,
142500,0.019623,3.890e-05,,,5962,
142550,0.041532,3.884e-05,,,5964,
142600,0.031055,3.878e-05,,,5967,
142650,0.026784,3.872e-05,,,5969,
142700,0.039095,3.865e-05,,,5971,
142750,0.039369,3.859e-05,,,5973,
142800,0.027446,3.853e-05,,,5975,
142850,0.031792,3.847e-05,,,5977,
142900,0.030757,3.841e-05,,,5979,
142950,0.025951,3.835e-05,,,5981,
143000,0.034720,3.829e-05,,,5983,
143050,0.038641,3.823e-05,,,5985,
143100,0.036480,3.817e-05,,,5987,
143150,0.021623,3.811e-05,,,5989,
143200,0.031957,3.804e-05,,,5991,
143250,0.032197,3.798e-05,,,5994,
143300,0.018530,3.792e-05,,,5996,
143350,0.030410,3.786e-05,,,5998,
143400,0.026249,3.780e-05,,,6000,
143450,0.031863,3.774e-05,,,6002,
143500,0.031809,3.768e-05,,,6004,
143550,0.028915,3.762e-05,,,6006,
143600,0.038134,3.756e-05,,,6008,
143650,0.027349,3.750e-05,,,6010,
143700,0.021839,3.744e-05,,,6012,
143750,0.036250,3.738e-05,,,6014,
143800,0.033324,3.732e-05,,,6016,
143850,0.026837,3.726e-05,,,6018,
143900,0.027375,3.720e-05,,,6021,
143950,0.032619,3.714e-05,,,6023,
144000,0.026907,3.708e-05,,,6025,
144000,,,21.501,31.952,6025,
144050,0.034752,3.702e-05,,,6027,
144100,0.029446,3.696e-05,,,6029,
144150,0.031678,3.690e-05,,,6031,
144200,0.022100,3.684e-05,,,6033,
144250,0.029128,3.678e-05,,,6035,
144300,0.031907,3.672e-05,,,6037,
144350,0.031010,3.666e-05,,,6039,
144400,0.025712,3.660e-05,,,6042,
144450,0.029555,3.654e-05,,,6044,
144500,0.022607,3.648e-05,,,6046,
144550,0.036053,3.642e-05,,,6048,
144600,0.020749,3.636e-05,,,6050,
144650,0.027953,3.630e-05,,,6052,
144700,0.029896,3.624e-05,,,6054,
144750,0.027120,3.618e-05,,,6056,
144800,0.034851,3.612e-05,,,6058,
144850,0.023585,3.606e-05,,,6060,
144900,0.028122,3.600e-05,,,6062,
144950,0.026252,3.594e-05,,,6064,
145000,0.029248,3.588e-05,,,6066,
145050,0.032838,3.582e-05,,,6069,
145100,0.039527,3.576e-05,,,6071,
145150,0.029406,3.570e-05,,,6073,
145200,0.023753,3.564e-05,,,6075,
145250,0.039777,3.558e-05,,,6077,
145300,0.035122,3.552e-05,,,6079,
145350,0.038957,3.546e-05,,,6081,
145400,0.037174,3.541e-05,,,6083,
145450,0.022437,3.535e-05,,,6085,
145500,0.032349,3.529e-05,,,6087,
145550,0.027597,3.523e-05,,,6089,
145600,0.036176,3.517e-05,,,6092,
145650,0.024510,3.511e-05,,,6094,
145700,0.024891,3.505e-05,,,6096,
145750,0.032791,3.499e-05,,,6098,
145800,0.026966,3.493e-05,,,6100,
145850,0.035611,3.488e-05,,,6102,
145900,0.025666,3.482e-05,,,6104,
145950,0.024501,3.476e-05,,,6106,
146000,0.020609,3.470e-05,,,6108,
146000,,,21.501,31.969,6108,
146050,0.035868,3.464e-05,,,6111,
146100,0.027426,3.458e-05,,,6113,
146150,0.030650,3.452e-05,,,6115,
146200,0.030074,3.447e-05,,,6117,
146250,0.030848,3.441e-05,,,6119,
146300,0.034427,3.435e-05,,,6121,
146350,0.028734,3.429e-05,,,6123,
146400,0.027552,3.423e-05,,,6125,
146450,0.028700,3.417e-05,,,6127,
146500,0.027725,3.412e-05,,,6129,
146550,0.028077,3.406e-05,,,6131,
146600,0.027657,3.400e-05,,,6133,
146650,0.033826,3.394e-05,,,6135,
146700,0.028461,3.388e-05,,,6138,
146750,0.033211,3.382e-05,,,6140,
146800,0.028686,3.377e-05,,,6142,
146850,0.025585,3.371e-05,,,6144,
146900,0.030223,3.365e-05,,,6146,
146950,0.032411,3.359e-05,,,6148,
147000,0.026564,3.354e-05,,,6151,
147050,0.041291,3.348e-05,,,6153,
147100,0.028868,3.342e-05,,,6155,
147150,0.030791,3.336e-05,,,6157,
147200,0.033266,3.330e-05,,,6159,
147250,0.033056,3.325e-05,,,6161,
147300,0.024547,3.319e-05,,,6164,
147350,0.033718,3.313e-05,,,6166,
147400,0.029853,3.307e-05,,,6168,
147450,0.032601,3.302e-05,,,6170,
147500,0.029113,3.296e-05,,,6172,
147550,0.033813,3.290e-05,,,6174,
147600,0.024967,3.284e-05,,,6177,
147650,0.037227,3.279e-05,,,6179,
147700,0.020353,3.273e-05,,,6181,
147750,0.026894,3.267e-05,,,6183,
147800,0.027944,3.262e-05,,,6185,
147850,0.030269,3.256e-05,,,6187,
147900,0.026121,3.250e-05,,,6189,
147950,0.027995,3.244e-05,,,6191,
148000,0.033539,3.239e-05,,,6193,
148000,,,21.501,32.039,6193,
148050,0.025177,3.233e-05,,,6195,
148100,0.036763,3.227e-05,,,6197,
148150,0.027187,3.222e-05,,,6199,
148200,0.034427,3.216e-05,,,6202,
148250,0.025518,3.210e-05,,,6204,
148300,0.031704,3.205e-05,,,6206,
148350,0.030845,3.199e-05,,,6208,
148400,0.035912,3.193e-05,,,6210,
148450,0.025623,3.188e-05,,,6212,
148500,0.026838,3.182e-05,,,6214,
148550,0.030444,3.176e-05,,,6216,
148600,0.029855,3.171e-05,,,6218,
148650,0.027211,3.165e-05,,,6220,
148700,0.023229,3.159e-05,,,6222,
148750,0.028906,3.154e-05,,,6224,
148800,0.030991,3.148e-05,,,6226,
148850,0.029562,3.143e-05,,,6229,
148900,0.032399,3.137e-05,,,6231,
148950,0.035326,3.131e-05,,,6233,
149000,0.033552,3.126e-05,,,6235,
149050,0.039535,3.120e-05,,,6237,
149100,0.028902,3.114e-05,,,6239,
149150,0.023263,3.109e-05,,,6241,
149200,0.037172,3.103e-05,,,6243,
149250,0.016561,3.098e-05,,,6245,
149300,0.026578,3.092e-05,,,6247,
149350,0.026656,3.086e-05,,,6249,
149400,0.027201,3.081e-05,,,6251,
149450,0.026237,3.075e-05,,,6253,
149500,0.026393,3.070e-05,,,6256,
149550,0.034565,3.064e-05,,,6258,
149600,0.029209,3.059e-05,,,6260,
149650,0.030325,3.053e-05,,,6262,
149700,0.021064,3.048e-05,,,6264,
149750,0.030112,3.042e-05,,,6266,
149800,0.030894,3.036e-05,,,6268,
149850,0.024173,3.031e-05,,,6270,
149900,0.026126,3.025e-05,,,6272,
149950,0.036638,3.020e-05,,,6274,
150000,0.026960,3.014e-05,,,6276,
150000,,,21.501,32.039,6276,
150050,0.031018,3.009e-05,,,6279,
150100,0.037703,3.003e-05,,,6281,
150150,0.028378,2.998e-05,,,6283,
150200,0.021524,2.992e-05,,,6285,
150250,0.024763,2.987e-05,,,6287,
150300,0.029279,2.981e-05,,,6289,
150350,0.023586,2.976e-05,,,6291,
150400,0.024342,2.970e-05,,,6293,
150450,0.029377,2.965e-05,,,6295,
150500,0.027746,2.959e-05,,,6297,
150550,0.028668,2.954e-05,,,6299,
150600,0.025399,2.948e-05,,,6301,
150650,0.025716,2.943e-05,,,6304,
150700,0.027756,2.937e-05,,,6306,
150750,0.026089,2.932e-05,,,6308,
150800,0.022718,2.926e-05,,,6310,
150850,0.033494,2.921e-05,,,6312,
150900,0.021790,2.916e-05,,,6314,
150950,0.042790,2.910e-05,,,6316,
151000,0.027313,2.905e-05,,,6318,
151050,0.023318,2.899e-05,,,6320,
151100,0.036662,2.894e-05,,,6322,
151150,0.021526,2.888e-05,,,6324,
151200,0.028876,2.883e-05,,,6326,
151250,0.032843,2.878e-05,,,6328,
151300,0.024539,2.872e-05,,,6330,
151350,0.027327,2.867e-05,,,6333,
151400,0.028294,2.861e-05,,,6335,
151450,0.023109,2.856e-05,,,6337,
151500,0.037662,2.850e-05,,,6339,
151550,0.028071,2.845e-05,,,6341,
151600,0.029217,2.840e-05,,,6343,
151650,0.041797,2.834e-05,,,6345,
151700,0.031136,2.829e-05,,,6347,
151750,0.024573,2.824e-05,,,6349,
151800,0.031451,2.818e-05,,,6351,
151850,0.026621,2.813e-05,,,6353,
151900,0.035458,2.807e-05,,,6355,
151950,0.032473,2.802e-05,,,6358,
152000,0.028873,2.797e-05,,,6360,
152000,,,21.501,32.012,6360,
152050,0.032825,2.791e-05,,,6362,
152100,0.022440,2.786e-05,,,6364,
152150,0.029369,2.781e-05,,,6366,
152200,0.024614,2.775e-05,,,6368,
152250,0.023777,2.770e-05,,,6370,
152300,0.032329,2.765e-05,,,6372,
152350,0.032979,2.759e-05,,,6374,
152400,0.019923,2.754e-05,,,6376,
152450,0.017099,2.749e-05,,,6379,
152500,0.017485,2.743e-05,,,6381,
152550,0.024842,2.738e-05,,,6383,
152600,0.024771,2.733e-05,,,6385,
152650,0.030367,2.728e-05,,,6387,
152700,0.022334,2.722e-05,,,6389,
152750,0.039296,2.717e-05,,,6391,
152800,0.027814,2.712e-05,,,6393,
152850,0.027458,2.706e-05,,,6395,
152900,0.039933,2.701e-05,,,6397,
152950,0.024816,2.696e-05,,,6399,
153000,0.023641,2.691e-05,,,6401,
153050,0.030275,2.685e-05,,,6403,
153100,0.029444,2.680e-05,,,6406,
153150,0.024368,2.675e-05,,,6408,
153200,0.037299,2.670e-05,,,6410,
153250,0.022609,2.664e-05,,,6412,
153300,0.032330,2.659e-05,,,6414,
153350,0.029700,2.654e-05,,,6416,
153400,0.037566,2.649e-05,,,6418,
153450,0.022941,2.644e-05,,,6420,
153500,0.036137,2.638e-05,,,6422,
153550,0.030224,2.633e-05,,,6424,
153600,0.031836,2.628e-05,,,6426,
153650,0.033403,2.623e-05,,,6428,
153700,0.027247,2.617e-05,,,6431,
153750,0.033340,2.612e-05,,,6433,
153800,0.036211,2.607e-05,,,6435,
153850,0.028370,2.602e-05,,,6437,
153900,0.034952,2.597e-05,,,6439,
153950,0.038790,2.592e-05,,,6441,
154000,0.032235,2.586e-05,,,6443,
154000,,,21.501,32.028,6443,
154050,0.023196,2.581e-05,,,6445,
154100,0.020718,2.576e-05,,,6447,
154150,0.023706,2.571e-05,,,6449,
154200,0.022022,2.566e-05,,,6451,
154250,0.031010,2.561e-05,,,6453,
154300,0.026096,2.555e-05,,,6455,
154350,0.029802,2.550e-05,,,6458,
154400,0.027631,2.545e-05,,,6460,
154450,0.020830,2.540e-05,,,6462,
154500,0.031068,2.535e-05,,,6464,
154550,0.036935,2.530e-05,,,6466,
154600,0.034443,2.525e-05,,,6468,
154650,0.018910,2.520e-05,,,6470,
154700,0.031306,2.514e-05,,,6472,
154750,0.030030,2.509e-05,,,6474,
154800,0.030442,2.504e-05,,,6476,
154850,0.030426,2.499e-05,,,6478,
154900,0.036128,2.494e-05,,,6480,
154950,0.032726,2.489e-05,,,6483,
155000,0.035922,2.484e-05,,,6485,
155050,0.027694,2.479e-05,,,6487,
155100,0.036616,2.474e-05,,,6489,
155150,0.044765,2.469e-05,,,6491,
155200,0.033192,2.464e-05,,,6493,
155250,0.032460,2.459e-05,,,6495,
155300,0.028897,2.454e-05,,,6497,
155350,0.017673,2.449e-05,,,6499,
155400,0.026710,2.444e-05,,,6502,
155450,0.027111,2.438e-05,,,6504,
155500,0.031277,2.433e-05,,,6506,
155550,0.022133,2.428e-05,,,6508,
155600,0.026427,2.423e-05,,,6510,
155650,0.028945,2.418e-05,,,6512,
155700,0.041427,2.413e-05,,,6514,
155750,0.030506,2.408e-05,,,6516,
155800,0.024299,2.403e-05,,,6518,
155850,0.030756,2.398e-05,,,6520,
155900,0.034767,2.393e-05,,,6522,
155950,0.024111,2.388e-05,,,6525,
156000,0.027216,2.383e-05,,,6527,
156000,,,21.501,32.038,6527,
156050,0.038907,2.378e-05,,,6529,
156100,0.043376,2.373e-05,,,6531,
156150,0.016222,2.368e-05,,,6533,
156200,0.035634,2.364e-05,,,6535,
156250,0.033403,2.359e-05,,,6537,
156300,0.031571,2.354e-05,,,6539,
156350,0.027859,2.349e-05,,,6541,
156400,0.029328,2.344e-05,,,6543,
156450,0.033513,2.339e-05,,,6545,
156500,0.027647,2.334e-05,,,6548,
156550,0.037538,2.329e-05,,,6550,
156600,0.021484,2.324e-05,,,6552,
156650,0.029276,2.319e-05,,,6554,
156700,0.038385,2.314e-05,,,6556,
156750,0.029506,2.309e-05,,,6558,
156800,0.020388,2.304e-05,,,6560,
156850,0.032722,2.299e-05,,,6562,
156900,0.033864,2.294e-05,,,6565,
156950,0.029020,2.290e-05,,,6567,
157000,0.027015,2.285e-05,,,6569,
157050,0.028838,2.280e-05,,,6571,
157100,0.031048,2.275e-05,,,6573,
157150,0.035863,2.270e-05,,,6575,
157200,0.023820,2.265e-05,,,6577,
157250,0.025382,2.260e-05,,,6579,
157300,0.033751,2.255e-05,,,6581,
157350,0.030381,2.251e-05,,,6583,
157400,0.041192,2.246e-05,,,6585,
157450,0.016549,2.241e-05,,,6587,
157500,0.035884,2.236e-05,,,6590,
157550,0.027059,2.231e-05,,,6592,
157600,0.027766,2.226e-05,,,6594,
157650,0.026036,2.222e-05,,,6596,
157700,0.029226,2.217e-05,,,6598,
157750,0.031651,2.212e-05,,,6600,
157800,0.031654,2.207e-05,,,6602,
157850,0.034980,2.202e-05,,,6604,
157900,0.024650,2.198e-05,,,6606,
157950,0.028509,2.193e-05,,,6608,
158000,0.031695,2.188e-05,,,6610,
158000,,,21.501,32.045,6610,
158050,0.030016,2.183e-05,,,6612,
158100,0.031359,2.178e-05,,,6614,
158150,0.027727,2.174e-05,,,6616,
158200,0.023826,2.169e-05,,,6618,
158250,0.037986,2.164e-05,,,6621,
158300,0.027974,2.159e-05,,,6623,
158350,0.027324,2.155e-05,,,6625,
158400,0.027660,2.150e-05,,,6627,
158450,0.033312,2.145e-05,,,6629,
158500,0.026691,2.140e-05,,,6631,
158550,0.036350,2.136e-05,,,6633,
158600,0.031831,2.131e-05,,,6635,
158650,0.039686,2.126e-05,,,6637,
158700,0.022471,2.121e-05,,,6639,
158750,0.047277,2.117e-05,,,6641,
158800,0.024918,2.112e-05,,,6644,
158850,0.030009,2.107e-05,,,6646,
158900,0.029843,2.103e-05,,,6648,
158950,0.027329,2.098e-05,,,6650,
159000,0.024534,2.093e-05,,,6652,
159050,0.036948,2.088e-05,,,6654,
159100,0.023811,2.084e-05,,,6656,
159150,0.019968,2.079e-05,,,6658,
159200,0.033034,2.074e-05,,,6660,
159250,0.028751,2.070e-05,,,6662,
159300,0.030908,2.065e-05,,,6664,
159350,0.023389,2.060e-05,,,6666,
159400,0.027296,2.056e-05,,,6668,
159450,0.021427,2.051e-05,,,6670,
159500,0.029758,2.046e-05,,,6673,
159550,0.032106,2.042e-05,,,6675,
159600,0.035751,2.037e-05,,,6677,
159650,0.028280,2.033e-05,,,6679,
159700,0.035097,2.028e-05,,,6681,
159750,0.024163,2.023e-05,,,6683,
159800,0.028426,2.019e-05,,,6685,
159850,0.027569,2.014e-05,,,6687,
159900,0.026995,2.009e-05,,,6689,
159950,0.037715,2.005e-05,,,6691,
160000,0.027424,2.000e-05,,,6693,
160000,,,21.501,32.021,6693,
160050,0.025490,1.996e-05,,,6695,
160100,0.030362,1.991e-05,,,6698,
160150,0.025154,1.987e-05,,,6700,
160200,0.031507,1.982e-05,,,6702,
160250,0.030037,1.977e-05,,,6704,
160300,0.028231,1.973e-05,,,6706,
160350,0.021886,1.968e-05,,,6708,
160400,0.027564,1.964e-05,,,6710,
160450,0.029010,1.959e-05,,,6712,
160500,0.030492,1.955e-05,,,6714,
160550,0.029462,1.950e-05,,,6716,
160600,0.027642,1.946e-05,,,6718,
160650,0.028214,1.941e-05,,,6720,
160700,0.031395,1.936e-05,,,6722,
160750,0.029635,1.932e-05,,,6724,
160800,0.023766,1.927e-05,,,6726,
160850,0.041313,1.923e-05,,,6728,
160900,0.035568,1.918e-05,,,6731,
160950,0.031173,1.914e-05,,,6733,
161000,0.021682,1.909e-05,,,6735,
161050,0.029835,1.905e-05,,,6737,
161100,0.031157,1.900e-05,,,6739,
161150,0.031604,1.896e-05,,,6741,
161200,0.023834,1.891e-05,,,6743,
161250,0.022683,1.887e-05,,,6745,
161300,0.037274,1.883e-05,,,6747,
161350,0.026170,1.878e-05,,,6749,
161400,0.024107,1.874e-05,,,6751,
161450,0.028203,1.869e-05,,,6753,
161500,0.022569,1.865e-05,,,6755,
161550,0.030606,1.860e-05,,,6758,
161600,0.027801,1.856e-05,,,6760,
161650,0.026737,1.851e-05,,,6762,
161700,0.030573,1.847e-05,,,6764,
161750,0.036474,1.843e-05,,,6766,
161800,0.026105,1.838e-05,,,6768,
161850,0.032459,1.834e-05,,,6770,
161900,0.015812,1.829e-05,,,6772,
161950,0.027222,1.825e-05,,,6774,
162000,0.029496,1.821e-05,,,6776,
162000,,,21.501,31.908,6776,
162050,0.033420,1.816e-05,,,6778,
162100,0.029049,1.812e-05,,,6781,
162150,0.029490,1.807e-05,,,6783,
162200,0.035546,1.803e-05,,,6785,
162250,0.032156,1.799e-05,,,6787,
162300,0.025333,1.794e-05,,,6789,
162350,0.020333,1.790e-05,,,6791,
162400,0.026778,1.786e-05,,,6793,
162450,0.022457,1.781e-05,,,6795,
162500,0.028188,1.777e-05,,,6797,
162550,0.034188,1.773e-05,,,6799,
162600,0.030590,1.768e-05,,,6801,
162650,0.024661,1.764e-05,,,6803,
162700,0.028135,1.760e-05,,,6805,
162750,0.031217,1.755e-05,,,6807,
162800,0.034747,1.751e-05,,,6809,
162850,0.022577,1.747e-05,,,6812,
162900,0.023303,1.742e-05,,,6814,
162950,0.022716,1.738e-05,,,6816,
163000,0.031217,1.734e-05,,,6818,
163050,0.018794,1.729e-05,,,6820,
163100,0.026640,1.725e-05,,,6822,
163150,0.029027,1.721e-05,,,6824,
163200,0.038962,1.717e-05,,,6826,
163250,0.033391,1.712e-05,,,6828,
163300,0.027412,1.708e-05,,,6830,
163350,0.023045,1.704e-05,,,6832,
163400,0.029632,1.700e-05,,,6835,
163450,0.026510,1.695e-05,,,6837,
163500,0.035723,1.691e-05,,,6839,
163550,0.027278,1.687e-05,,,6841,
163600,0.038246,1.683e-05,,,6843,
163650,0.028431,1.678e-05,,,6845,
163700,0.024862,1.674e-05,,,6847,
163750,0.028425,1.670e-05,,,6849,
163800,0.024883,1.666e-05,,,6851,
163850,0.032488,1.662e-05,,,6853,
163900,0.039133,1.657e-05,,,6855,
163950,0.032154,1.653e-05,,,6857,
164000,0.029113,1.649e-05,,,6859,
164000,,,21.501,32.050,6859,
164050,0.025621,1.645e-05,,,6862,
164100,0.028250,1.641e-05,,,6864,
164150,0.024737,1.636e-05,,,6866,
164200,0.029692,1.632e-05,,,6868,
164250,0.036188,1.628e-05,,,6870,
164300,0.028535,1.624e-05,,,6872,
164350,0.035287,1.620e-05,,,6874,
164400,0.032790,1.616e-05,,,6876,
164450,0.030741,1.611e-05,,,6878,
164500,0.024439,1.607e-05,,,6880,
164550,0.031654,1.603e-05,,,6882,
164600,0.020466,1.599e-05,,,6884,
164650,0.030630,1.595e-05,,,6886,
164700,0.020577,1.591e-05,,,6888,
164750,0.029529,1.587e-05,,,6891,
164800,0.042652,1.583e-05,,,6893,
164850,0.029413,1.579e-05,,,6895,
164900,0.028606,1.574e-05,,,6897,
164950,0.031560,1.570e-05,,,6899,
165000,0.021592,1.566e-05,,,6901,
165050,0.025056,1.562e-05,,,6903,
165100,0.031225,1.558e-05,,,6905,
165150,0.034934,1.554e-05,,,6907,
165200,0.033739,1.550e-05,,,6909,
165250,0.032416,1.546e-05,,,6911,
165300,0.036313,1.542e-05,,,6914,
165350,0.024010,1.538e-05,,,6916,
165400,0.037476,1.534e-05,,,6918,
165450,0.035444,1.530e-05,,,6920,
165500,0.033492,1.526e-05,,,6922,
165550,0.038357,1.522e-05,,,6924,
165600,0.025619,1.518e-05,,,6926,
165650,0.024386,1.514e-05,,,6928,
165700,0.034427,1.510e-05,,,6930,
165750,0.035677,1.506e-05,,,6932,
165800,0.028204,1.502e-05,,,6934,
165850,0.021719,1.498e-05,,,6936,
165900,0.026240,1.494e-05,,,6939,
165950,0.023666,1.490e-05,,,6941,
166000,0.029112,1.486e-05,,,6943,
166000,,,21.501,32.084,6943,
166050,0.028617,1.482e-05,,,6945,
166100,0.024046,1.478e-05,,,6947,
166150,0.033245,1.474e-05,,,6949,
166200,0.032718,1.470e-05,,,6951,
166250,0.028456,1.466e-05,,,6953,
166300,0.015309,1.462e-05,,,6955,
166350,0.031744,1.458e-05,,,6957,
166400,0.035063,1.454e-05,,,6960,
166450,0.022030,1.450e-05,,,6962,
166500,0.020291,1.446e-05,,,6964,
166550,0.035023,1.442e-05,,,6966,
166600,0.033650,1.438e-05,,,6968,
166650,0.023959,1.434e-05,,,6970,
166700,0.027468,1.430e-05,,,6973,
166750,0.027019,1.427e-05,,,6975,
166800,0.032042,1.423e-05,,,6977,
166850,0.031060,1.419e-05,,,6979,
166900,0.021551,1.415e-05,,,6981,
166950,0.036836,1.411e-05,,,6983,
167000,0.024211,1.407e-05,,,6985,
167050,0.028281,1.403e-05,,,6988,
167100,0.043798,1.399e-05,,,6990,
167150,0.029239,1.396e-05,,,6992,
167200,0.028069,1.392e-05,,,6994,
167250,0.030727,1.388e-05,,,6996,
167300,0.026163,1.384e-05,,,6998,
167350,0.035543,1.380e-05,,,7000,
167400,0.032115,1.376e-05,,,7003,
167450,0.040349,1.372e-05,,,7005,
167500,0.030515,1.369e-05,,,7007,
167550,0.026041,1.365e-05,,,7009,
167600,0.019031,1.361e-05,,,7011,
167650,0.027544,1.357e-05,,,7013,
167700,0.034646,1.353e-05,,,7015,
167750,0.033310,1.350e-05,,,7017,
167800,0.032190,1.346e-05,,,7019,
167850,0.022971,1.342e-05,,,7022,
167900,0.037126,1.338e-05,,,7024,
167950,0.026748,1.335e-05,,,7026,
168000,0.026230,1.331e-05,,,7028,
168000,,,21.501,31.984,7028,
168050,0.025604,1.327e-05,,,7030,
168100,0.038593,1.323e-05,,,7032,
168150,0.026414,1.319e-05,,,7034,
168200,0.019793,1.316e-05,,,7036,
168250,0.029289,1.312e-05,,,7039,
168300,0.019272,1.308e-05,,,7041,
168350,0.023623,1.305e-05,,,7043,
168400,0.037128,1.301e-05,,,7045,
168450,0.023095,1.297e-05,,,7047,
168500,0.036673,1.293e-05,,,7049,
168550,0.037918,1.290e-05,,,7051,
168600,0.032653,1.286e-05,,,7053,
168650,0.037431,1.282e-05,,,7055,
168700,0.026145,1.279e-05,,,7057,
168750,0.027011,1.275e-05,,,7060,
168800,0.030137,1.271e-05,,,7062,
168850,0.027558,1.268e-05,,,7064,
168900,0.031732,1.264e-05,,,7066,
168950,0.031706,1.260e-05,,,7068,
169000,0.023764,1.257e-05,,,7070,
169050,0.028492,1.253e-05,,,7072,
169100,0.038230,1.249e-05,,,7074,
169150,0.030119,1.246e-05,,,7076,
169200,0.033613,1.242e-05,,,7078,
169250,0.029236,1.238e-05,,,7081,
169300,0.033975,1.235e-05,,,7083,
169350,0.037016,1.231e-05,,,7085,
169400,0.027529,1.227e-05,,,7087,
169450,0.030630,1.224e-05,,,7089,
169500,0.037207,1.220e-05,,,7091,
169550,0.027566,1.217e-05,,,7093,
169600,0.033807,1.213e-05,,,7095,
169650,0.027206,1.209e-05,,,7097,
169700,0.019735,1.206e-05,,,7100,
169750,0.018537,1.202e-05,,,7102,
169800,0.037344,1.199e-05,,,7104,
169850,0.026065,1.195e-05,,,7106,
169900,0.031307,1.192e-05,,,7108,
169950,0.022935,1.188e-05,,,7110,
170000,0.026616,1.184e-05,,,7112,
170000,,,21.501,31.955,7112,
170050,0.029333,1.181e-05,,,7114,
170100,0.029925,1.177e-05,,,7116,
170150,0.029310,1.174e-05,,,7119,
170200,0.026538,1.170e-05,,,7121,
170250,0.026028,1.167e-05,,,7123,
170300,0.030019,1.163e-05,,,7125,
170350,0.038408,1.160e-05,,,7127,
170400,0.024455,1.156e-05,,,7129,
170450,0.023996,1.153e-05,,,7131,
170500,0.034342,1.149e-05,,,7133,
170550,0.033291,1.146e-05,,,7135,
170600,0.025976,1.142e-05,,,7137,
170650,0.023048,1.139e-05,,,7140,
170700,0.026112,1.135e-05,,,7142,
170750,0.030182,1.132e-05,,,7144,
170800,0.021404,1.128e-05,,,7146,
170850,0.031598,1.125e-05,,,7148,
170900,0.033333,1.122e-05,,,7150,
170950,0.026863,1.118e-05,,,7152,
171000,0.030158,1.115e-05,,,7154,
171050,0.033424,1.111e-05,,,7156,
171100,0.019954,1.108e-05,,,7158,
171150,0.029423,1.104e-05,,,7161,
171200,0.018859,1.101e-05,,,7163,
171250,0.032000,1.098e-05,,,7165,
171300,0.028384,1.094e-05,,,7167,
171350,0.031789,1.091e-05,,,7169,
171400,0.033950,1.087e-05,,,7171,
171450,0.030536,1.084e-05,,,7174,
171500,0.030020,1.081e-05,,,7176,
171550,0.022175,1.077e-05,,,7178,
171600,0.032048,1.074e-05,,,7180,
171650,0.034181,1.070e-05,,,7182,
171700,0.026386,1.067e-05,,,7184,
171750,0.024827,1.064e-05,,,7186,
171800,0.027207,1.060e-05,,,7188,
171850,0.021039,1.057e-05,,,7190,
171900,0.025658,1.054e-05,,,7192,
171950,0.032536,1.050e-05,,,7194,
172000,0.030094,1.047e-05,,,7197,
172000,,,21.501,32.010,7197,
172050,0.032556,1.044e-05,,,7199,
172100,0.031177,1.040e-05,,,7201,
172150,0.026517,1.037e-05,,,7203,
172200,0.029594,1.034e-05,,,7205,
172250,0.032049,1.030e-05,,,7207,
172300,0.029875,1.027e-05,,,7209,
172350,0.025936,1.024e-05,,,7212,
172400,0.030872,1.021e-05,,,7214,
172450,0.029963,1.017e-05,,,7216,
172500,0.029170,1.014e-05,,,7218,
172550,0.021062,1.011e-05,,,7220,
172600,0.032605,1.007e-05,,,7222,
172650,0.032584,1.004e-05,,,7224,
172700,0.034566,1.001e-05,,,7226,
172750,0.031709,9.977e-06,,,7228,
172800,0.015019,9.944e-06,,,7230,
172850,0.035837,9.912e-06,,,7233,
172900,0.037622,9.880e-06,,,7235,
172950,0.027539,9.848e-06,,,7237,
173000,0.025477,9.815e-06,,,7239,
173050,0.029211,9.783e-06,,,7241,
173100,0.029049,9.751e-06,,,7243,
173150,0.021637,9.719e-06,,,7245,
173200,0.017741,9.687e-06,,,7247,
173250,0.029485,9.655e-06,,,7249,
173300,0.030274,9.623e-06,,,7252,
173350,0.026300,9.592e-06,,,7254,
173400,0.032962,9.560e-06,,,7256,
173450,0.026493,9.528e-06,,,7258,
173500,0.031537,9.497e-06,,,7260,
173550,0.028171,9.465e-06,,,7262,
173600,0.024387,9.434e-06,,,7264,
173650,0.030418,9.402e-06,,,7266,
173700,0.022445,9.371e-06,,,7268,
173750,0.022685,9.339e-06,,,7270,
173800,0.024053,9.308e-06,,,7273,
173850,0.022267,9.277e-06,,,7275,
173900,0.028736,9.246e-06,,,7277,
173950,0.042199,9.214e-06,,,7279,
174000,0.023741,9.183e-06,,,7281,
174000,,,21.501,32.079,7281,
174050,0.028425,9.152e-06,,,7283,
174100,0.028534,9.121e-06,,,7285,
174150,0.030566,9.091e-06,,,7287,
174200,0.029273,9.060e-06,,,7289,
174250,0.025792,9.029e-06,,,7291,
174300,0.032123,8.998e-06,,,7294,
174350,0.028589,8.968e-06,,,7296,
174400,0.027429,8.937e-06,,,7298,
174450,0.022900,8.906e-06,,,7300,
174500,0.023787,8.876e-06,,,7302,
174550,0.034521,8.845e-06,,,7304,
174600,0.031317,8.815e-06,,,7306,
174650,0.027473,8.785e-06,,,7308,
174700,0.027133,8.754e-06,,,7310,
174750,0.031056,8.724e-06,,,7313,
174800,0.028344,8.694e-06,,,7315,
174850,0.025916,8.664e-06,,,7317,
174900,0.036023,8.634e-06,,,7319,
174950,0.022748,8.604e-06,,,7321,
175000,0.024553,8.574e-06,,,7323,
175050,0.029964,8.544e-06,,,7325,
175100,0.026040,8.514e-06,,,7327,
175150,0.030599,8.485e-06,,,7329,
175200,0.032923,8.455e-06,,,7331,
175250,0.026999,8.425e-06,,,7333,
175300,0.033808,8.396e-06,,,7335,
175350,0.021898,8.366e-06,,,7337,
175400,0.035228,8.337e-06,,,7340,
175450,0.024924,8.307e-06,,,7342,
175500,0.035461,8.278e-06,,,7344,
175550,0.032588,8.248e-06,,,7346,
175600,0.025868,8.219e-06,,,7348,
175650,0.032808,8.190e-06,,,7350,
175700,0.028507,8.161e-06,,,7352,
175750,0.027742,8.132e-06,,,7354,
175800,0.030007,8.103e-06,,,7356,
175850,0.020160,8.074e-06,,,7359,
175900,0.025937,8.045e-06,,,7361,
175950,0.026014,8.016e-06,,,7363,
176000,0.034653,7.987e-06,,,7365,
176000,,,21.501,32.066,7365,
176050,0.023951,7.959e-06,,,7367,
176100,0.027943,7.930e-06,,,7369,
176150,0.029728,7.901e-06,,,7371,
176200,0.030010,7.873e-06,,,7373,
176250,0.030903,7.844e-06,,,7376,
176300,0.026343,7.816e-06,,,7378,
176350,0.022599,7.787e-06,,,7380,
176400,0.027181,7.759e-06,,,7382,
176450,0.023237,7.731e-06,,,7384,
176500,0.036021,7.702e-06,,,7386,
176550,0.025150,7.674e-06,,,7388,
176600,0.038938,7.646e-06,,,7390,
176650,0.029860,7.618e-06,,,7392,
176700,0.034215,7.590e-06,,,7395,
176750,0.025836,7.562e-06,,,7397,
176800,0.024084,7.534e-06,,,7399,
176850,0.026093,7.506e-06,,,7401,
176900,0.035031,7.479e-06,,,7403,
176950,0.023022,7.451e-06,,,7405,
177000,0.025567,7.423e-06,,,7407,
177050,0.034567,7.396e-06,,,7409,
177100,0.029920,7.368e-06,,,7411,
177150,0.017999,7.341e-06,,,7413,
177200,0.027699,7.313e-06,,,7416,
177250,0.023940,7.286e-06,,,7418,
177300,0.028699,7.259e-06,,,7420,
177350,0.029236,7.231e-06,,,7422,
177400,0.032266,7.204e-06,,,7424,
177450,0.033171,7.177e-06,,,7426,
177500,0.028119,7.150e-06,,,7428,
177550,0.029254,7.123e-06,,,7430,
177600,0.039564,7.096e-06,,,7432,
177650,0.023112,7.069e-06,,,7435,
177700,0.028747,7.042e-06,,,7437,
177750,0.030945,7.015e-06,,,7439,
177800,0.024001,6.989e-06,,,7441,
177850,0.027015,6.962e-06,,,7443,
177900,0.027989,6.935e-06,,,7445,
177950,0.034888,6.909e-06,,,7447,
178000,0.031606,6.882e-06,,,7449,
178000,,,21.501,32.035,7449,
178050,0.029155,6.856e-06,,,7452,
178100,0.026190,6.830e-06,,,7454,
178150,0.030641,6.803e-06,,,7456,
178200,0.022922,6.777e-06,,,7458,
178250,0.027320,6.751e-06,,,7460,
178300,0.027389,6.725e-06,,,7462,
178350,0.024840,6.698e-06,,,7464,
178400,0.032432,6.672e-06,,,7466,
178450,0.029239,6.646e-06,,,7468,
178500,0.038974,6.621e-06,,,7470,
178550,0.034167,6.595e-06,,,7473,
178600,0.027797,6.569e-06,,,7475,
178650,0.025144,6.543e-06,,,7477,
178700,0.032998,6.517e-06,,,7479,
178750,0.027201,6.492e-06,,,7481,
178800,0.025241,6.466e-06,,,7483,
178850,0.027825,6.441e-06,,,7485,
178900,0.042639,6.415e-06,,,7487,
178950,0.019788,6.390e-06,,,7489,
179000,0.045972,6.365e-06,,,7492,
179050,0.025569,6.339e-06,,,7494,
179100,0.027520,6.314e-06,,,7496,
179150,0.022513,6.289e-06,,,7498,
179200,0.024680,6.264e-06,,,7500,
179250,0.025039,6.239e-06,,,7502,
179300,0.027418,6.214e-06,,,7504,
179350,0.033227,6.189e-06,,,7506,
179400,0.029324,6.164e-06,,,7508,
179450,0.026750,6.139e-06,,,7510,
179500,0.032288,6.114e-06,,,7513,
179550,0.015514,6.090e-06,,,7515,
179600,0.037344,6.065e-06,,,7517,
179650,0.030279,6.040e-06,,,7519,
179700,0.033419,6.016e-06,,,7521,
179750,0.035404,5.991e-06,,,7523,
179800,0.037242,5.967e-06,,,7525,
179850,0.029519,5.943e-06,,,7527,
179900,0.035593,5.918e-06,,,7530,
179950,0.025873,5.894e-06,,,7532,
180000,0.026480,5.870e-06,,,7534,
180000,,,21.501,32.075,7534,
180050,0.028889,5.846e-06,,,7536,
180100,0.025228,5.822e-06,,,7538,
180150,0.024826,5.798e-06,,,7540,
180200,0.028985,5.774e-06,,,7542,
180250,0.025509,5.750e-06,,,7544,
180300,0.034025,5.726e-06,,,7546,
180350,0.020346,5.702e-06,,,7548,
180400,0.020591,5.679e-06,,,7551,
180450,0.023077,5.655e-06,,,7553,
180500,0.032984,5.631e-06,,,7555,
180550,0.030360,5.608e-06,,,7557,
180600,0.032525,5.584e-06,,,7559,
180650,0.033113,5.561e-06,,,7561,
180700,0.031805,5.538e-06,,,7563,
180750,0.035296,5.514e-06,,,7565,
180800,0.021309,5.491e-06,,,7567,
180850,0.019597,5.468e-06,,,7570,
180900,0.043215,5.445e-06,,,7572,
180950,0.028553,5.422e-06,,,7574,
181000,0.037970,5.399e-06,,,7576,
181050,0.022799,5.376e-06,,,7578,
181100,0.029676,5.353e-06,,,7580,
181150,0.031325,5.330e-06,,,7582,
181200,0.028433,5.307e-06,,,7584,
181250,0.029169,5.284e-06,,,7587,
181300,0.025604,5.262e-06,,,7589,
181350,0.035812,5.239e-06,,,7591,
181400,0.029300,5.217e-06,,,7593,
181450,0.022836,5.194e-06,,,7595,
181500,0.025689,5.172e-06,,,7597,
181550,0.031277,5.149e-06,,,7599,
181600,0.024342,5.127e-06,,,7601,
181650,0.031801,5.105e-06,,,7603,
181700,0.028915,5.083e-06,,,7606,
181750,0.041191,5.061e-06,,,7608,
181800,0.020107,5.038e-06,,,7610,
181850,0.029790,5.016e-06,,,7612,
181900,0.027589,4.995e-06,,,7614,
181950,0.032970,4.973e-06,,,7616,
182000,0.032532,4.951e-06,,,7618,
182000,,,21.501,32.055,7618,
182050,0.039989,4.929e-06,,,7620,
182100,0.040409,4.907e-06,,,7622,
182150,0.037669,4.886e-06,,,7624,
182200,0.022345,4.864e-06,,,7626,
182250,0.021875,4.843e-06,,,7628,
182300,0.024397,4.821e-06,,,7631,
182350,0.025468,4.800e-06,,,7633,
182400,0.033135,4.778e-06,,,7635,
182450,0.037234,4.757e-06,,,7637,
182500,0.035727,4.736e-06,,,7639,
182550,0.027739,4.715e-06,,,7641,
182600,0.034326,4.693e-06,,,7643,
182650,0.031960,4.672e-06,,,7646,
182700,0.032849,4.651e-06,,,7648,
182750,0.028205,4.630e-06,,,7650,
182800,0.032298,4.609e-06,,,7652,
182850,0.033651,4.589e-06,,,7654,
182900,0.030862,4.568e-06,,,7656,
182950,0.029856,4.547e-06,,,7658,
183000,0.023135,4.527e-06,,,7660,
183050,0.021610,4.506e-06,,,7662,
183100,0.032502,4.485e-06,,,7665,
183150,0.031629,4.465e-06,,,7667,
183200,0.027086,4.445e-06,,,7669,
183250,0.031337,4.424e-06,,,7671,
183300,0.034346,4.404e-06,,,7673,
183350,0.023849,4.384e-06,,,7675,
183400,0.031945,4.363e-06,,,7677,
183450,0.025889,4.343e-06,,,7679,
183500,0.024697,4.323e-06,,,7681,
183550,0.033685,4.303e-06,,,7683,
183600,0.024324,4.283e-06,,,7685,
183650,0.027825,4.263e-06,,,7687,
183700,0.029670,4.244e-06,,,7690,
183750,0.035888,4.224e-06,,,7692,
183800,0.036462,4.204e-06,,,7694,
183850,0.028541,4.185e-06,,,7696,
183900,0.021878,4.165e-06,,,7698,
183950,0.012952,4.145e-06,,,7700,
184000,0.024548,4.126e-06,,,7702,
184000,,,21.501,32.010,7702,
184050,0.021903,4.107e-06,,,7704,
184100,0.034057,4.087e-06,,,7706,
184150,0.020557,4.068e-06,,,7709,
184200,0.030946,4.049e-06,,,7711,
184250,0.031893,4.030e-06,,,7713,
184300,0.021703,4.010e-06,,,7715,
184350,0.028640,3.991e-06,,,7717,
184400,0.024208,3.972e-06,,,7719,
184450,0.031337,3.953e-06,,,7721,
184500,0.030399,3.935e-06,,,7723,
184550,0.030520,3.916e-06,,,7725,
184600,0.033035,3.897e-06,,,7727,
184650,0.030069,3.878e-06,,,7729,
184700,0.028302,3.860e-06,,,7731,
184750,0.027570,3.841e-06,,,7734,
184800,0.023375,3.823e-06,,,7736,
184850,0.038102,3.804e-06,,,7738,
184900,0.028149,3.786e-06,,,7740,
184950,0.021513,3.767e-06,,,7742,
185000,0.031414,3.749e-06,,,7744,
185050,0.033544,3.731e-06,,,7746,
185100,0.022002,3.713e-06,,,7748,
185150,0.025492,3.695e-06,,,7750,
185200,0.026499,3.677e-06,,,7752,
185250,0.029506,3.659e-06,,,7754,
185300,0.021001,3.641e-06,,,7756,
185350,0.030342,3.623e-06,,,7759,
185400,0.021394,3.605e-06,,,7761,
185450,0.029745,3.587e-06,,,7763,
185500,0.022824,3.570e-06,,,7765,
185550,0.027886,3.552e-06,,,7767,
185600,0.023357,3.535e-06,,,7769,
185650,0.022694,3.517e-06,,,7771,
185700,0.029696,3.500e-06,,,7773,
185750,0.034330,3.482e-06,,,7775,
185800,0.029808,3.465e-06,,,7778,
185850,0.023465,3.448e-06,,,7780,
185900,0.037009,3.430e-06,,,7782,
185950,0.029239,3.413e-06,,,7784,
186000,0.029752,3.396e-06,,,7786,
186000,,,21.501,32.077,7786,
186050,0.035764,3.379e-06,,,7788,
186100,0.027572,3.362e-06,,,7790,
186150,0.021390,3.345e-06,,,7792,
186200,0.032457,3.329e-06,,,7794,
186250,0.028817,3.312e-06,,,7796,
186300,0.032564,3.295e-06,,,7798,
186350,0.040017,3.278e-06,,,7800,
186400,0.034485,3.262e-06,,,7803,
186450,0.031259,3.245e-06,,,7805,
186500,0.027407,3.229e-06,,,7807,
186550,0.018713,3.212e-06,,,7809,
186600,0.027033,3.196e-06,,,7811,
186650,0.031316,3.180e-06,,,7813,
186700,0.035687,3.163e-06,,,7815,
186750,0.027630,3.147e-06,,,7817,
186800,0.033572,3.131e-06,,,7819,
186850,0.027021,3.115e-06,,,7821,
186900,0.029215,3.099e-06,,,7823,
186950,0.039648,3.083e-06,,,7825,
187000,0.025109,3.067e-06,,,7827,
187050,0.030128,3.052e-06,,,7830,
187100,0.027108,3.036e-06,,,7832,
187150,0.032047,3.020e-06,,,7834,
187200,0.035141,3.004e-06,,,7836,
187250,0.029995,2.989e-06,,,7838,
187300,0.027049,2.973e-06,,,7840,
187350,0.032226,2.958e-06,,,7842,
187400,0.032027,2.942e-06,,,7844,
187450,0.038233,2.927e-06,,,7846,
187500,0.025922,2.912e-06,,,7848,
187550,0.027839,2.897e-06,,,7851,
187600,0.024381,2.881e-06,,,7853,
187650,0.021151,2.866e-06,,,7855,
187700,0.033905,2.851e-06,,,7857,
187750,0.032399,2.836e-06,,,7859,
187800,0.029298,2.821e-06,,,7861,
187850,0.026945,2.807e-06,,,7863,
187900,0.022478,2.792e-06,,,7865,
187950,0.044950,2.777e-06,,,7867,
188000,0.026953,2.762e-06,,,7869,
188000,,,21.501,32.070,7869,
188050,0.027285,2.748e-06,,,7871,
188100,0.026624,2.733e-06,,,7873,
188150,0.029698,2.719e-06,,,7876,
188200,0.023195,2.704e-06,,,7878,
188250,0.033412,2.690e-06,,,7880,
188300,0.030815,2.676e-06,,,7882,
188350,0.024115,2.661e-06,,,7884,
188400,0.027477,2.647e-06,,,7886,
188450,0.021324,2.633e-06,,,7888,
188500,0.022196,2.619e-06,,,7890,
188550,0.029676,2.605e-06,,,7892,
188600,0.027101,2.591e-06,,,7894,
188650,0.024125,2.577e-06,,,7896,
188700,0.033823,2.563e-06,,,7898,
188750,0.031276,2.550e-06,,,7901,
188800,0.031074,2.536e-06,,,7903,
188850,0.028523,2.522e-06,,,7905,
188900,0.024618,2.509e-06,,,7907,
188950,0.035772,2.495e-06,,,7909,
189000,0.025808,2.482e-06,,,7911,
189050,0.023595,2.468e-06,,,7913,
189100,0.022413,2.455e-06,,,7915,
189150,0.021016,2.442e-06,,,7917,
189200,0.026268,2.428e-06,,,7919,
189250,0.024094,2.415e-06,,,7922,
189300,0.035162,2.402e-06,,,7924,
189350,0.023500,2.389e-06,,,7926,
189400,0.015968,2.376e-06,,,7928,
189450,0.024319,2.363e-06,,,7930,
189500,0.038434,2.350e-06,,,7932,
189550,0.031640,2.337e-06,,,7934,
189600,0.025824,2.325e-06,,,7936,
189650,0.021595,2.312e-06,,,7938,
189700,0.030250,2.299e-06,,,7940,
189750,0.034650,2.287e-06,,,7942,
189800,0.025483,2.274e-06,,,7945,
189850,0.021268,2.262e-06,,,7947,
189900,0.032090,2.250e-06,,,7949,
189950,0.025742,2.237e-06,,,7951,
190000,0.028856,2.225e-06,,,7953,
190000,,,21.501,32.069,7953,
190050,0.034804,2.213e-06,,,7955,
190100,0.024801,2.201e-06,,,7957,
190150,0.030731,2.189e-06,,,7959,
190200,0.029041,2.177e-06,,,7961,
190250,0.030819,2.165e-06,,,7963,
190300,0.024086,2.153e-06,,,7965,
190350,0.027573,2.141e-06,,,7967,
190400,0.029510,2.129e-06,,,7969,
190450,0.016479,2.117e-06,,,7972,
190500,0.035787,2.106e-06,,,7974,
190550,0.023188,2.094e-06,,,7976,
190600,0.022810,2.083e-06,,,7978,
190650,0.037142,2.071e-06,,,7980,
190700,0.026297,2.060e-06,,,7982,
190750,0.035951,2.048e-06,,,7984,
190800,0.043268,2.037e-06,,,7986,
190850,0.033619,2.026e-06,,,7988,
190900,0.031434,2.015e-06,,,7990,
190950,0.025300,2.004e-06,,,7993,
191000,0.029356,1.993e-06,,,7995,
191050,0.028529,1.982e-06,,,7997,
191100,0.027373,1.971e-06,,,7999,
191150,0.027388,1.960e-06,,,8001,
191200,0.025670,1.949e-06,,,8003,
191250,0.021511,1.938e-06,,,8005,
191300,0.018656,1.928e-06,,,8007,
191350,0.024556,1.917e-06,,,8009,
191400,0.023350,1.907e-06,,,8011,
191450,0.023343,1.896e-06,,,8013,
191500,0.025843,1.886e-06,,,8015,
191550,0.030717,1.875e-06,,,8017,
191600,0.025718,1.865e-06,,,8019,
191650,0.029227,1.855e-06,,,8022,
191700,0.036482,1.844e-06,,,8024,
191750,0.032630,1.834e-06,,,8026,
191800,0.028076,1.824e-06,,,8028,
191850,0.025264,1.814e-06,,,8030,
191900,0.036884,1.804e-06,,,8032,
191950,0.025569,1.794e-06,,,8034,
192000,0.029227,1.785e-06,,,8036,
192000,,,21.501,32.064,8036,
192050,0.026807,1.775e-06,,,8038,
192100,0.025105,1.765e-06,,,8040,
192150,0.033014,1.755e-06,,,8043,
192200,0.028186,1.746e-06,,,8045,
192250,0.025971,1.736e-06,,,8047,
192300,0.033068,1.727e-06,,,8049,
192350,0.027197,1.718e-06,,,8051,
192400,0.025350,1.708e-06,,,8053,
192450,0.022493,1.699e-06,,,8055,
192500,0.033337,1.690e-06,,,8057,
192550,0.033829,1.681e-06,,,8059,
192600,0.029818,1.671e-06,,,8061,
192650,0.030818,1.662e-06,,,8064,
192700,0.026442,1.653e-06,,,8066,
192750,0.028958,1.645e-06,,,8068,
192800,0.041545,1.636e-06,,,8070,
192850,0.020673,1.627e-06,,,8072,
192900,0.022566,1.618e-06,,,8074,
192950,0.024991,1.609e-06,,,8076,
193000,0.027596,1.601e-06,,,8078,
193050,0.028364,1.592e-06,,,8080,
193100,0.031249,1.584e-06,,,8082,
193150,0.036725,1.575e-06,,,8084,
193200,0.034232,1.567e-06,,,8086,
193250,0.031050,1.559e-06,,,8089,
193300,0.025261,1.551e-06,,,8091,
193350,0.025327,1.542e-06,,,8093,
193400,0.025623,1.534e-06,,,8095,
193450,0.027384,1.526e-06,,,8097,
193500,0.038417,1.518e-06,,,8099,
193550,0.030973,1.510e-06,,,8101,
193600,0.028578,1.502e-06,,,8103,
193650,0.029336,1.495e-06,,,8105,
193700,0.025995,1.487e-06,,,8107,
193750,0.042126,1.479e-06,,,8109,
193800,0.030392,1.471e-06,,,8112,
193850,0.022567,1.464e-06,,,8114,
193900,0.034729,1.456e-06,,,8116,
193950,0.035785,1.449e-06,,,8118,
194000,0.028939,1.442e-06,,,8120,
194000,,,21.501,32.049,8120,
194050,0.041814,1.434e-06,,,8122,
194100,0.019731,1.427e-06,,,8124,
194150,0.028635,1.420e-06,,,8126,
194200,0.034374,1.413e-06,,,8128,
194250,0.025039,1.406e-06,,,8130,
194300,0.035379,1.399e-06,,,8133,
194350,0.037840,1.392e-06,,,8135,
194400,0.026244,1.385e-06,,,8137,
194450,0.033640,1.378e-06,,,8139,
194500,0.033009,1.371e-06,,,8141,
194550,0.033566,1.364e-06,,,8143,
194600,0.026433,1.358e-06,,,8145,
194650,0.027957,1.351e-06,,,8147,
194700,0.031108,1.345e-06,,,8149,
194750,0.021337,1.338e-06,,,8151,
194800,0.037661,1.332e-06,,,8153,
194850,0.027730,1.325e-06,,,8155,
194900,0.031178,1.319e-06,,,8158,
194950,0.029068,1.313e-06,,,8160,
195000,0.026393,1.307e-06,,,8162,
195050,0.036294,1.301e-06,,,8164,
195100,0.035168,1.295e-06,,,8166,
195150,0.038638,1.289e-06,,,8168,
195200,0.024295,1.283e-06,,,8170,
195250,0.027722,1.277e-06,,,8172,
195300,0.025125,1.271e-06,,,8174,
195350,0.037157,1.265e-06,,,8176,
195400,0.027967,1.260e-06,,,8178,
195450,0.024280,1.254e-06,,,8181,
195500,0.025397,1.248e-06,,,8183,
195550,0.034162,1.243e-06,,,8185,
195600,0.032109,1.238e-06,,,8187,
195650,0.026281,1.232e-06,,,8189,
195700,0.025145,1.227e-06,,,8191,
195750,0.023449,1.222e-06,,,8193,
195800,0.032165,1.216e-06,,,8195,
195850,0.032696,1.211e-06,,,8197,
195900,0.031992,1.206e-06,,,8199,
195950,0.033798,1.201e-06,,,8201,
196000,0.030703,1.196e-06,,,8204,
196000,,,21.501,32.067,8204,
196050,0.023570,1.191e-06,,,8206,
196100,0.035116,1.187e-06,,,8208,
196150,0.027973,1.182e-06,,,8210,
196200,0.024203,1.177e-06,,,8212,
196250,0.023942,1.173e-06,,,8214,
196300,0.033696,1.168e-06,,,8216,
196350,0.024292,1.163e-06,,,8218,
196400,0.023666,1.159e-06,,,8220,
196450,0.033584,1.155e-06,,,8222,
196500,0.029272,1.150e-06,,,8224,
196550,0.038384,1.146e-06,,,8226,
196600,0.027979,1.142e-06,,,8228,
196650,0.039842,1.138e-06,,,8231,
196700,0.025660,1.134e-06,,,8233,
196750,0.028136,1.130e-06,,,8235,
196800,0.032334,1.126e-06,,,8237,
196850,0.026283,1.122e-06,,,8239,
196900,0.029557,1.118e-06,,,8241,
196950,0.021885,1.114e-06,,,8243,
197000,0.031010,1.110e-06,,,8245,
197050,0.034890,1.107e-06,,,8247,
197100,0.021622,1.103e-06,,,8249,
197150,0.028012,1.100e-06,,,8252,
197200,0.026523,1.096e-06,,,8254,
197250,0.020852,1.093e-06,,,8256,
197300,0.038084,1.089e-06,,,8258,
197350,0.035317,1.086e-06,,,8260,
197400,0.031463,1.083e-06,,,8262,
197450,0.027680,1.080e-06,,,8264,
197500,0.028702,1.077e-06,,,8266,
197550,0.049081,1.074e-06,,,8268,
197600,0.030147,1.071e-06,,,8270,
197650,0.022454,1.068e-06,,,8272,
197700,0.025055,1.065e-06,,,8275,
197750,0.021957,1.062e-06,,,8277,
197800,0.034227,1.059e-06,,,8279,
197850,0.023404,1.057e-06,,,8281,
197900,0.031355,1.054e-06,,,8283,
197950,0.033989,1.052e-06,,,8285,
198000,0.042095,1.049e-06,,,8287,
198000,,,21.501,32.055,8287,
198050,0.037078,1.047e-06,,,8289,
198100,0.024630,1.044e-06,,,8291,
198150,0.026436,1.042e-06,,,8293,
198200,0.030826,1.040e-06,,,8295,
198250,0.027546,1.038e-06,,,8297,
198300,0.031686,1.035e-06,,,8300,
198350,0.030065,1.033e-06,,,8302,
198400,0.031618,1.031e-06,,,8304,
198450,0.025944,1.029e-06,,,8306,
198500,0.033752,1.028e-06,,,8308,
198550,0.032238,1.026e-06,,,8310,
198600,0.031415,1.024e-06,,,8313,
198650,0.022552,1.022e-06,,,8315,
198700,0.034824,1.021e-06,,,8317,
198750,0.033360,1.019e-06,,,8319,
198800,0.041367,1.018e-06,,,8321,
198850,0.027579,1.016e-06,,,8323,
198900,0.030051,1.015e-06,,,8325,
198950,0.023218,1.014e-06,,,8327,
199000,0.025894,1.012e-06,,,8329,
199050,0.019246,1.011e-06,,,8331,
199100,0.021500,1.010e-06,,,8333,
199150,0.032056,1.009e-06,,,8336,
199200,0.031826,1.008e-06,,,8338,
199250,0.021647,1.007e-06,,,8340,
199300,0.028801,1.006e-06,,,8342,
199350,0.031013,1.005e-06,,,8344,
199400,0.038179,1.004e-06,,,8346,
199450,0.041613,1.004e-06,,,8348,
199500,0.027747,1.003e-06,,,8350,
199550,0.030693,1.002e-06,,,8352,
199600,0.035680,1.002e-06,,,8354,
199650,0.033538,1.002e-06,,,8356,
199700,0.030195,1.001e-06,,,8359,
199750,0.026058,1.001e-06,,,8361,
199800,0.030647,1.000e-06,,,8363,
199850,0.026654,1.000e-06,,,8365,
199900,0.028682,1.000e-06,,,8367,
199950,0.030527,1.000e-06,,,8369,
200000,0.035918,1.000e-06,,,8371,
200000,,,21.501,32.054,8371,
