step,loss,lr,psnr_in,psnr_out,secs,entropy
50,0.123850,2.000e-04,,,4,
100,0.092790,2.000e-04,,,6,
150,0.100814,2.000e-04,,,8,
200,0.097502,2.000e-04,,,10,
250,0.092201,2.000e-04,,,11,
300,0.068892,2.000e-04,,,13,
350,0.078719,2.000e-04,,,15,
400,0.097378,2.000e-04,,,17,
450,0.080399,2.000e-04,,,18,
500,0.065431,2.000e-04,,,20,
550,0.062143,2.000e-04,,,22,
600,0.055496,2.000e-04,,,24,
650,0.057585,2.000e-04,,,26,
700,0.072655,2.000e-04,,,27,
750,0.048152,2.000e-04,,,29,
800,0.048036,2.000e-04,,,31,
850,0.046955,2.000e-04,,,33,
900,0.056291,2.000e-04,,,34,
950,0.051436,2.000e-04,,,36,
1000,0.052608,2.000e-04,,,38,
1050,0.037480,2.000e-04,,,40,
1100,0.053648,2.000e-04,,,42,
1150,0.045621,2.000e-04,,,43,
1200,0.028846,2.000e-04,,,45,
1250,0.032685,2.000e-04,,,47,
1300,0.049425,2.000e-04,,,49,
1350,0.039466,2.000e-04,,,51,
1400,0.049381,2.000e-04,,,52,
1450,0.047143,2.000e-04,,,54,
1500,0.052480,2.000e-04,,,56,
1550,0.080588,2.000e-04,,,58,
1600,0.050222,2.000e-04,,,60,
1650,0.056387,2.000e-04,,,62,
1700,0.048975,2.000e-04,,,63,
1750,0.054281,2.000e-04,,,65,
1800,0.049495,2.000e-04,,,67,
1850,0.055141,2.000e-04,,,69,
1900,0.054723,2.000e-04,,,71,
1950,0.071365,2.000e-04,,,73,
2000,0.046133,2.000e-04,,,74,
2000,,,21.501,26.381,75,
2050,0.048789,1.999e-04,,,76,
2100,0.054512,1.999e-04,,,78,
2150,0.052151,1.999e-04,,,80,
2200,0.052815,1.999e-04,,,82,
2250,0.034596,1.999e-04,,,84,
2300,0.046894,1.999e-04,,,86,
2350,0.038561,1.999e-04,,,88,
2400,0.057772,1.999e-04,,,89,
2450,0.041125,1.999e-04,,,91,
2500,0.039224,1.999e-04,,,93,
2550,0.044413,1.999e-04,,,95,
2600,0.040989,1.999e-04,,,97,
2650,0.035450,1.999e-04,,,99,
2700,0.055844,1.999e-04,,,101,
2750,0.051637,1.999e-04,,,103,
2800,0.051345,1.999e-04,,,104,
2850,0.058918,1.999e-04,,,106,
2900,0.037970,1.999e-04,,,108,
2950,0.057273,1.999e-04,,,110,
3000,0.049352,1.999e-04,,,112,
3050,0.041782,1.999e-04,,,114,
3100,0.046854,1.999e-04,,,116,
3150,0.057960,1.999e-04,,,118,
3200,0.035736,1.999e-04,,,120,
3250,0.052810,1.999e-04,,,122,
3300,0.039874,1.999e-04,,,124,
3350,0.034478,1.999e-04,,,126,
3400,0.049695,1.999e-04,,,127,
3450,0.048445,1.999e-04,,,129,
3500,0.045412,1.998e-04,,,131,
3550,0.047673,1.998e-04,,,133,
3600,0.041813,1.998e-04,,,135,
3650,0.032233,1.998e-04,,,137,
3700,0.032409,1.998e-04,,,139,
3750,0.035005,1.998e-04,,,140,
3800,0.032271,1.998e-04,,,142,
3850,0.037975,1.998e-04,,,144,
3900,0.036291,1.998e-04,,,146,
3950,0.041924,1.998e-04,,,148,
4000,0.039895,1.998e-04,,,150,
4000,,,21.501,27.543,150,
4050,0.045858,1.998e-04,,,152,
4100,0.034364,1.998e-04,,,153,
4150,0.032469,1.998e-04,,,155,
4200,0.035182,1.998e-04,,,157,
4250,0.037975,1.998e-04,,,159,
4300,0.060637,1.998e-04,,,161,
4350,0.037395,1.998e-04,,,163,
4400,0.037743,1.998e-04,,,165,
4450,0.039771,1.998e-04,,,166,
4500,0.029663,1.998e-04,,,168,
4550,0.031404,1.997e-04,,,170,
4600,0.054965,1.997e-04,,,172,
4650,0.031421,1.997e-04,,,174,
4700,0.032429,1.997e-04,,,176,
4750,0.041348,1.997e-04,,,178,
4800,0.034633,1.997e-04,,,179,
4850,0.042145,1.997e-04,,,182,
4900,0.037919,1.997e-04,,,183,
4950,0.044605,1.997e-04,,,185,
5000,0.031470,1.997e-04,,,187,
5050,0.032343,1.997e-04,,,189,
5100,0.050138,1.997e-04,,,191,
5150,0.040614,1.997e-04,,,193,
5200,0.041012,1.997e-04,,,195,
5250,0.045057,1.997e-04,,,196,
5300,0.036629,1.997e-04,,,198,
5350,0.032616,1.996e-04,,,200,
5400,0.039544,1.996e-04,,,202,
5450,0.033820,1.996e-04,,,204,
5500,0.036826,1.996e-04,,,206,
5550,0.039351,1.996e-04,,,208,
5600,0.029648,1.996e-04,,,209,
5650,0.037727,1.996e-04,,,211,
5700,0.048555,1.996e-04,,,213,
5750,0.044599,1.996e-04,,,215,
5800,0.047846,1.996e-04,,,217,
5850,0.036995,1.996e-04,,,219,
5900,0.030883,1.996e-04,,,221,
5950,0.039164,1.996e-04,,,223,
6000,0.048640,1.996e-04,,,224,
6000,,,21.501,27.275,224,
6050,0.033716,1.996e-04,,,226,
6100,0.040400,1.995e-04,,,228,
6150,0.041394,1.995e-04,,,230,
6200,0.036450,1.995e-04,,,232,
6250,0.034343,1.995e-04,,,234,
6300,0.043702,1.995e-04,,,236,
6350,0.037782,1.995e-04,,,237,
6400,0.045835,1.995e-04,,,239,
6450,0.036477,1.995e-04,,,241,
6500,0.038303,1.995e-04,,,243,
6550,0.032244,1.995e-04,,,245,
6600,0.040845,1.995e-04,,,247,
6650,0.047780,1.995e-04,,,249,
6700,0.040989,1.994e-04,,,251,
6750,0.030070,1.994e-04,,,252,
6800,0.036131,1.994e-04,,,254,
6850,0.036329,1.994e-04,,,256,
6900,0.040065,1.994e-04,,,258,
6950,0.040257,1.994e-04,,,260,
7000,0.043462,1.994e-04,,,262,
7050,0.034201,1.994e-04,,,264,
7100,0.039885,1.994e-04,,,265,
7150,0.049632,1.994e-04,,,267,
7200,0.032429,1.994e-04,,,269,
7250,0.033052,1.994e-04,,,271,
7300,0.040193,1.993e-04,,,273,
7350,0.041734,1.993e-04,,,275,
7400,0.037813,1.993e-04,,,277,
7450,0.040764,1.993e-04,,,278,
7500,0.037058,1.993e-04,,,280,
7550,0.045229,1.993e-04,,,282,
7600,0.040390,1.993e-04,,,284,
7650,0.037331,1.993e-04,,,286,
7700,0.038953,1.993e-04,,,288,
7750,0.043356,1.993e-04,,,289,
7800,0.030237,1.993e-04,,,291,
7850,0.032498,1.992e-04,,,293,
7900,0.037168,1.992e-04,,,295,
7950,0.038696,1.992e-04,,,297,
8000,0.034142,1.992e-04,,,299,
8000,,,21.501,29.940,299,
8050,0.040009,1.992e-04,,,301,
8100,0.031594,1.992e-04,,,303,
8150,0.031026,1.992e-04,,,304,
8200,0.035663,1.992e-04,,,306,
8250,0.036346,1.992e-04,,,308,
8300,0.035340,1.992e-04,,,310,
8350,0.039892,1.991e-04,,,312,
8400,0.038701,1.991e-04,,,314,
8450,0.034652,1.991e-04,,,316,
8500,0.047347,1.991e-04,,,317,
8550,0.029658,1.991e-04,,,319,
8600,0.026626,1.991e-04,,,321,
8650,0.046826,1.991e-04,,,323,
8700,0.042050,1.991e-04,,,325,
8750,0.039115,1.991e-04,,,327,
8800,0.040446,1.991e-04,,,329,
8850,0.031937,1.990e-04,,,330,
8900,0.035939,1.990e-04,,,332,
8950,0.043270,1.990e-04,,,334,
9000,0.038577,1.990e-04,,,336,
9050,0.036146,1.990e-04,,,338,
9100,0.040289,1.990e-04,,,340,
9150,0.035198,1.990e-04,,,341,
9200,0.027979,1.990e-04,,,343,
9250,0.031849,1.990e-04,,,345,
9300,0.040166,1.989e-04,,,347,
9350,0.048745,1.989e-04,,,349,
9400,0.037040,1.989e-04,,,351,
9450,0.042066,1.989e-04,,,353,
9500,0.027825,1.989e-04,,,354,
9550,0.029125,1.989e-04,,,356,
9600,0.049476,1.989e-04,,,358,
9650,0.038299,1.989e-04,,,360,
9700,0.044220,1.988e-04,,,362,
9750,0.035055,1.988e-04,,,364,
9800,0.047492,1.988e-04,,,366,
9850,0.040474,1.988e-04,,,368,
9900,0.038234,1.988e-04,,,369,
9950,0.036203,1.988e-04,,,371,
10000,0.046318,1.988e-04,,,373,
10000,,,21.501,29.486,373,
10050,0.033379,1.988e-04,,,375,
10100,0.028130,1.988e-04,,,377,
10150,0.037103,1.987e-04,,,379,
10200,0.028693,1.987e-04,,,380,
10250,0.034163,1.987e-04,,,382,
10300,0.042855,1.987e-04,,,384,
10350,0.043408,1.987e-04,,,386,
10400,0.042619,1.987e-04,,,388,
10450,0.032704,1.987e-04,,,390,
10500,0.037612,1.986e-04,,,392,
10550,0.030962,1.986e-04,,,393,
10600,0.037441,1.986e-04,,,395,
10650,0.033669,1.986e-04,,,397,
10700,0.027432,1.986e-04,,,399,
10750,0.043187,1.986e-04,,,401,
10800,0.024960,1.986e-04,,,403,
10850,0.040621,1.986e-04,,,405,
10900,0.042323,1.985e-04,,,406,
10950,0.035631,1.985e-04,,,408,
11000,0.048793,1.985e-04,,,410,
11050,0.031634,1.985e-04,,,412,
11100,0.028482,1.985e-04,,,414,
11150,0.041224,1.985e-04,,,416,
11200,0.038881,1.985e-04,,,417,
11250,0.038157,1.985e-04,,,419,
11300,0.030886,1.984e-04,,,421,
11350,0.033549,1.984e-04,,,423,
11400,0.031437,1.984e-04,,,425,
11450,0.032008,1.984e-04,,,427,
11500,0.028552,1.984e-04,,,429,
11550,0.036276,1.984e-04,,,431,
11600,0.033640,1.984e-04,,,432,
11650,0.030539,1.983e-04,,,434,
11700,0.040244,1.983e-04,,,436,
11750,0.046163,1.983e-04,,,438,
11800,0.029781,1.983e-04,,,440,
11850,0.042971,1.983e-04,,,442,
11900,0.029174,1.983e-04,,,443,
11950,0.033882,1.983e-04,,,445,
12000,0.035099,1.982e-04,,,447,
12000,,,21.501,30.167,447,
12050,0.034115,1.982e-04,,,449,
12100,0.031943,1.982e-04,,,451,
12150,0.032362,1.982e-04,,,453,
12200,0.032085,1.982e-04,,,455,
12250,0.050892,1.982e-04,,,456,
12300,0.030378,1.981e-04,,,458,
12350,0.026754,1.981e-04,,,460,
12400,0.038323,1.981e-04,,,462,
12450,0.034190,1.981e-04,,,464,
12500,0.036878,1.981e-04,,,466,
12550,0.036113,1.981e-04,,,467,
12600,0.024728,1.981e-04,,,469,
12650,0.044196,1.980e-04,,,471,
12700,0.039102,1.980e-04,,,473,
12750,0.039224,1.980e-04,,,475,
12800,0.037610,1.980e-04,,,477,
12850,0.030423,1.980e-04,,,479,
12900,0.040814,1.980e-04,,,480,
12950,0.038892,1.979e-04,,,482,
13000,0.026880,1.979e-04,,,484,
13050,0.034212,1.979e-04,,,486,
13100,0.042253,1.979e-04,,,488,
13150,0.046457,1.979e-04,,,490,
13200,0.040008,1.979e-04,,,491,
13250,0.038365,1.979e-04,,,493,
13300,0.030452,1.978e-04,,,495,
13350,0.028185,1.978e-04,,,497,
13400,0.037239,1.978e-04,,,499,
13450,0.035901,1.978e-04,,,501,
13500,0.029924,1.978e-04,,,502,
13550,0.046655,1.978e-04,,,504,
13600,0.043980,1.977e-04,,,506,
13650,0.035539,1.977e-04,,,508,
13700,0.047946,1.977e-04,,,510,
13750,0.036324,1.977e-04,,,512,
13800,0.038893,1.977e-04,,,513,
13850,0.040927,1.977e-04,,,515,
13900,0.040095,1.976e-04,,,517,
13950,0.037175,1.976e-04,,,519,
14000,0.036508,1.976e-04,,,521,
14000,,,21.501,29.836,521,
14050,0.044391,1.976e-04,,,523,
14100,0.035493,1.976e-04,,,524,
14150,0.038671,1.976e-04,,,526,
14200,0.040488,1.975e-04,,,528,
14250,0.031424,1.975e-04,,,530,
14300,0.036976,1.975e-04,,,532,
14350,0.043942,1.975e-04,,,534,
14400,0.030832,1.975e-04,,,535,
14450,0.030240,1.974e-04,,,537,
14500,0.036122,1.974e-04,,,539,
14550,0.025603,1.974e-04,,,541,
14600,0.025728,1.974e-04,,,543,
14650,0.032430,1.974e-04,,,545,
14700,0.029220,1.974e-04,,,547,
14750,0.039199,1.973e-04,,,548,
14800,0.037820,1.973e-04,,,550,
14850,0.039365,1.973e-04,,,552,
14900,0.037921,1.973e-04,,,554,
14950,0.040016,1.973e-04,,,556,
15000,0.039660,1.973e-04,,,558,
15050,0.049834,1.972e-04,,,559,
15100,0.046783,1.972e-04,,,561,
15150,0.042070,1.972e-04,,,563,
15200,0.035996,1.972e-04,,,565,
15250,0.028742,1.972e-04,,,567,
15300,0.028785,1.971e-04,,,569,
15350,0.045606,1.971e-04,,,570,
15400,0.041442,1.971e-04,,,572,
15450,0.025279,1.971e-04,,,574,
15500,0.031047,1.971e-04,,,576,
15550,0.041950,1.970e-04,,,578,
15600,0.047327,1.970e-04,,,580,
15650,0.040157,1.970e-04,,,581,
15700,0.039123,1.970e-04,,,583,
15750,0.028093,1.970e-04,,,585,
15800,0.038651,1.970e-04,,,587,
15850,0.036475,1.969e-04,,,589,
15900,0.027651,1.969e-04,,,591,
15950,0.036388,1.969e-04,,,592,
16000,0.037661,1.969e-04,,,594,
16000,,,21.501,30.143,594,
16050,0.041143,1.969e-04,,,596,
16100,0.029971,1.968e-04,,,598,
16150,0.039564,1.968e-04,,,600,
16200,0.039591,1.968e-04,,,602,
16250,0.035480,1.968e-04,,,604,
16300,0.032305,1.968e-04,,,605,
16350,0.032176,1.967e-04,,,607,
16400,0.044322,1.967e-04,,,609,
16450,0.036372,1.967e-04,,,611,
16500,0.042643,1.967e-04,,,613,
16550,0.030260,1.967e-04,,,615,
16600,0.035947,1.966e-04,,,616,
16650,0.035781,1.966e-04,,,618,
16700,0.038110,1.966e-04,,,620,
16750,0.033700,1.966e-04,,,622,
16800,0.043547,1.966e-04,,,624,
16850,0.030590,1.965e-04,,,625,
16900,0.040439,1.965e-04,,,627,
16950,0.032330,1.965e-04,,,629,
17000,0.034278,1.965e-04,,,631,
17050,0.034459,1.965e-04,,,633,
17100,0.032925,1.964e-04,,,635,
17150,0.032548,1.964e-04,,,636,
17200,0.032829,1.964e-04,,,638,
17250,0.036105,1.964e-04,,,640,
17300,0.038817,1.963e-04,,,642,
17350,0.022574,1.963e-04,,,644,
17400,0.031967,1.963e-04,,,646,
17450,0.027744,1.963e-04,,,647,
17500,0.033335,1.963e-04,,,649,
17550,0.029448,1.962e-04,,,651,
17600,0.041343,1.962e-04,,,653,
17650,0.038281,1.962e-04,,,655,
17700,0.034346,1.962e-04,,,657,
17750,0.040998,1.962e-04,,,659,
17800,0.031692,1.961e-04,,,660,
17850,0.037867,1.961e-04,,,662,
17900,0.033138,1.961e-04,,,664,
17950,0.030985,1.961e-04,,,666,
18000,0.034957,1.960e-04,,,668,
18000,,,21.501,30.194,668,
18050,0.036148,1.960e-04,,,670,
18100,0.053754,1.960e-04,,,672,
18150,0.027907,1.960e-04,,,673,
18200,0.034896,1.960e-04,,,675,
18250,0.043605,1.959e-04,,,677,
18300,0.044243,1.959e-04,,,679,
18350,0.028491,1.959e-04,,,681,
18400,0.029070,1.959e-04,,,683,
18450,0.039316,1.959e-04,,,684,
18500,0.036955,1.958e-04,,,686,
18550,0.039156,1.958e-04,,,688,
18600,0.035287,1.958e-04,,,690,
18650,0.028234,1.958e-04,,,692,
18700,0.023549,1.957e-04,,,694,
18750,0.031679,1.957e-04,,,695,
18800,0.045021,1.957e-04,,,697,
18850,0.049162,1.957e-04,,,699,
18900,0.043621,1.956e-04,,,701,
18950,0.038196,1.956e-04,,,703,
19000,0.041777,1.956e-04,,,705,
19050,0.029714,1.956e-04,,,706,
19100,0.026721,1.956e-04,,,708,
19150,0.040555,1.955e-04,,,710,
19200,0.033461,1.955e-04,,,712,
19250,0.037341,1.955e-04,,,714,
19300,0.036733,1.955e-04,,,716,
19350,0.035454,1.954e-04,,,717,
19400,0.040555,1.954e-04,,,719,
19450,0.045785,1.954e-04,,,721,
19500,0.035004,1.954e-04,,,723,
19550,0.031483,1.953e-04,,,725,
19600,0.037669,1.953e-04,,,727,
19650,0.031451,1.953e-04,,,728,
19700,0.037545,1.953e-04,,,730,
19750,0.039532,1.953e-04,,,732,
19800,0.033235,1.952e-04,,,734,
19850,0.037686,1.952e-04,,,736,
19900,0.032817,1.952e-04,,,738,
19950,0.047703,1.952e-04,,,739,
20000,0.034024,1.951e-04,,,741,
20000,,,21.501,29.985,741,
20050,0.026017,1.951e-04,,,743,
20100,0.036507,1.951e-04,,,745,
20150,0.027882,1.951e-04,,,747,
20200,0.030216,1.950e-04,,,749,
20250,0.030319,1.950e-04,,,750,
20300,0.033894,1.950e-04,,,752,
20350,0.037238,1.950e-04,,,754,
20400,0.034862,1.949e-04,,,756,
20450,0.029192,1.949e-04,,,758,
20500,0.029342,1.949e-04,,,760,
20550,0.033805,1.949e-04,,,761,
20600,0.034857,1.948e-04,,,763,
20650,0.031634,1.948e-04,,,765,
20700,0.030452,1.948e-04,,,767,
20750,0.043037,1.948e-04,,,769,
20800,0.037746,1.947e-04,,,771,
20850,0.037717,1.947e-04,,,773,
20900,0.039839,1.947e-04,,,774,
20950,0.031394,1.947e-04,,,776,
21000,0.032395,1.946e-04,,,778,
21050,0.037517,1.946e-04,,,780,
21100,0.036275,1.946e-04,,,782,
21150,0.026791,1.946e-04,,,784,
21200,0.037704,1.945e-04,,,785,
21250,0.031973,1.945e-04,,,787,
21300,0.030629,1.945e-04,,,789,
21350,0.040684,1.945e-04,,,791,
21400,0.037161,1.944e-04,,,793,
21450,0.056169,1.944e-04,,,795,
21500,0.026775,1.944e-04,,,796,
21550,0.033107,1.944e-04,,,798,
21600,0.039404,1.943e-04,,,800,
21650,0.041757,1.943e-04,,,802,
21700,0.026523,1.943e-04,,,804,
21750,0.031538,1.942e-04,,,806,
21800,0.038193,1.942e-04,,,807,
21850,0.036185,1.942e-04,,,809,
21900,0.031691,1.942e-04,,,811,
21950,0.030732,1.941e-04,,,813,
22000,0.035667,1.941e-04,,,815,
22000,,,21.501,29.608,815,
22050,0.028751,1.941e-04,,,817,
22100,0.029296,1.941e-04,,,818,
22150,0.038474,1.940e-04,,,820,
22200,0.035023,1.940e-04,,,822,
22250,0.030533,1.940e-04,,,824,
22300,0.037342,1.940e-04,,,826,
22350,0.043442,1.939e-04,,,828,
22400,0.035469,1.939e-04,,,830,
22450,0.037833,1.939e-04,,,832,
22500,0.026296,1.939e-04,,,833,
22550,0.033797,1.938e-04,,,835,
22600,0.037664,1.938e-04,,,837,
22650,0.040638,1.938e-04,,,839,
22700,0.033070,1.937e-04,,,841,
22750,0.042704,1.937e-04,,,843,
22800,0.036176,1.937e-04,,,844,
22850,0.030951,1.937e-04,,,846,
22900,0.034261,1.936e-04,,,848,
22950,0.038391,1.936e-04,,,850,
23000,0.030284,1.936e-04,,,852,
23050,0.034463,1.935e-04,,,854,
23100,0.043642,1.935e-04,,,855,
23150,0.041352,1.935e-04,,,857,
23200,0.032629,1.935e-04,,,859,
23250,0.028543,1.934e-04,,,861,
23300,0.030020,1.934e-04,,,863,
23350,0.029773,1.934e-04,,,865,
23400,0.029800,1.934e-04,,,866,
23450,0.032905,1.933e-04,,,868,
23500,0.030637,1.933e-04,,,870,
23550,0.031644,1.933e-04,,,872,
23600,0.032543,1.932e-04,,,874,
23650,0.039749,1.932e-04,,,876,
23700,0.029029,1.932e-04,,,877,
23750,0.034649,1.932e-04,,,879,
23800,0.032045,1.931e-04,,,881,
23850,0.027214,1.931e-04,,,883,
23900,0.028196,1.931e-04,,,885,
23950,0.028792,1.930e-04,,,887,
24000,0.025665,1.930e-04,,,888,
24000,,,21.501,30.030,888,
24050,0.043382,1.930e-04,,,890,
24100,0.034886,1.930e-04,,,892,
24150,0.029160,1.929e-04,,,894,
24200,0.030929,1.929e-04,,,896,
24250,0.032000,1.929e-04,,,898,
24300,0.036477,1.928e-04,,,900,
24350,0.025430,1.928e-04,,,901,
24400,0.032711,1.928e-04,,,903,
24450,0.032862,1.928e-04,,,905,
24500,0.031693,1.927e-04,,,907,
24550,0.031117,1.927e-04,,,909,
24600,0.050842,1.927e-04,,,911,
24650,0.029332,1.926e-04,,,912,
24700,0.034708,1.926e-04,,,914,
24750,0.025864,1.926e-04,,,916,
24800,0.034649,1.925e-04,,,918,
24850,0.035727,1.925e-04,,,920,
24900,0.033554,1.925e-04,,,922,
24950,0.040927,1.925e-04,,,923,
25000,0.047046,1.924e-04,,,925,
25050,0.033303,1.924e-04,,,927,
25100,0.037029,1.924e-04,,,929,
25150,0.028918,1.923e-04,,,931,
25200,0.030796,1.923e-04,,,933,
25250,0.033637,1.923e-04,,,934,
25300,0.024606,1.922e-04,,,936,
25350,0.025562,1.922e-04,,,938,
25400,0.036410,1.922e-04,,,940,
25450,0.026615,1.922e-04,,,942,
25500,0.032081,1.921e-04,,,943,
25550,0.029239,1.921e-04,,,945,
25600,0.041352,1.921e-04,,,947,
25650,0.029568,1.920e-04,,,949,
25700,0.029651,1.920e-04,,,951,
25750,0.038137,1.920e-04,,,953,
25800,0.033304,1.919e-04,,,955,
25850,0.023104,1.919e-04,,,956,
25900,0.030774,1.919e-04,,,958,
25950,0.031803,1.918e-04,,,960,
26000,0.026639,1.918e-04,,,962,
26000,,,21.501,30.432,962,
26050,0.035932,1.918e-04,,,964,
26100,0.024657,1.918e-04,,,966,
26150,0.036322,1.917e-04,,,967,
26200,0.041193,1.917e-04,,,969,
26250,0.032872,1.917e-04,,,971,
26300,0.027635,1.916e-04,,,973,
26350,0.043970,1.916e-04,,,975,
26400,0.028910,1.916e-04,,,977,
26450,0.030059,1.915e-04,,,978,
26500,0.043576,1.915e-04,,,980,
26550,0.033093,1.915e-04,,,982,
26600,0.030360,1.914e-04,,,984,
26650,0.029382,1.914e-04,,,986,
26700,0.046549,1.914e-04,,,988,
26750,0.028829,1.913e-04,,,989,
26800,0.029200,1.913e-04,,,991,
26850,0.032989,1.913e-04,,,993,
26900,0.031654,1.912e-04,,,995,
26950,0.032517,1.912e-04,,,997,
27000,0.030895,1.912e-04,,,999,
27050,0.044073,1.912e-04,,,1000,
27100,0.033485,1.911e-04,,,1002,
27150,0.037529,1.911e-04,,,1004,
27200,0.034053,1.911e-04,,,1006,
27250,0.028323,1.910e-04,,,1008,
27300,0.031189,1.910e-04,,,1010,
27350,0.045473,1.910e-04,,,1012,
27400,0.026647,1.909e-04,,,1013,
27450,0.043012,1.909e-04,,,1015,
27500,0.031795,1.909e-04,,,1017,
27550,0.035360,1.908e-04,,,1019,
27600,0.031086,1.908e-04,,,1021,
27650,0.038073,1.908e-04,,,1022,
27700,0.023481,1.907e-04,,,1024,
27750,0.039104,1.907e-04,,,1026,
27800,0.032664,1.907e-04,,,1028,
27850,0.030833,1.906e-04,,,1030,
27900,0.029709,1.906e-04,,,1032,
27950,0.030097,1.906e-04,,,1033,
28000,0.031836,1.905e-04,,,1035,
28000,,,21.501,30.784,1035,
28050,0.030165,1.905e-04,,,1037,
28100,0.030194,1.905e-04,,,1039,
28150,0.029016,1.904e-04,,,1041,
28200,0.030114,1.904e-04,,,1043,
28250,0.031740,1.904e-04,,,1044,
28300,0.030257,1.903e-04,,,1046,
28350,0.029812,1.903e-04,,,1048,
28400,0.038679,1.903e-04,,,1050,
28450,0.030438,1.902e-04,,,1052,
28500,0.040586,1.902e-04,,,1054,
28550,0.032661,1.902e-04,,,1055,
28600,0.030154,1.901e-04,,,1057,
28650,0.026077,1.901e-04,,,1059,
28700,0.038526,1.901e-04,,,1061,
28750,0.031073,1.900e-04,,,1063,
28800,0.030742,1.900e-04,,,1065,
28850,0.032581,1.900e-04,,,1067,
28900,0.041744,1.899e-04,,,1068,
28950,0.033590,1.899e-04,,,1070,
29000,0.036602,1.899e-04,,,1072,
29050,0.024073,1.898e-04,,,1074,
29100,0.032403,1.898e-04,,,1076,
29150,0.033599,1.898e-04,,,1078,
29200,0.033176,1.897e-04,,,1079,
29250,0.034911,1.897e-04,,,1081,
29300,0.029267,1.896e-04,,,1083,
29350,0.034576,1.896e-04,,,1085,
29400,0.033964,1.896e-04,,,1087,
29450,0.031754,1.895e-04,,,1089,
29500,0.039292,1.895e-04,,,1090,
29550,0.030711,1.895e-04,,,1092,
29600,0.037471,1.894e-04,,,1094,
29650,0.028377,1.894e-04,,,1096,
29700,0.027530,1.894e-04,,,1098,
29750,0.033890,1.893e-04,,,1100,
29800,0.026718,1.893e-04,,,1101,
29850,0.037755,1.893e-04,,,1103,
29900,0.026277,1.892e-04,,,1105,
29950,0.029661,1.892e-04,,,1107,
30000,0.037283,1.892e-04,,,1109,
30000,,,21.501,29.945,1109,
30050,0.028923,1.891e-04,,,1111,
30100,0.029869,1.891e-04,,,1112,
30150,0.031350,1.890e-04,,,1114,
30200,0.042090,1.890e-04,,,1116,
30250,0.038338,1.890e-04,,,1118,
30300,0.029749,1.889e-04,,,1120,
30350,0.042653,1.889e-04,,,1122,
30400,0.035667,1.889e-04,,,1123,
30450,0.047113,1.888e-04,,,1125,
30500,0.037664,1.888e-04,,,1127,
30550,0.041911,1.888e-04,,,1129,
30600,0.027614,1.887e-04,,,1131,
30650,0.026153,1.887e-04,,,1133,
30700,0.031578,1.887e-04,,,1135,
30750,0.037781,1.886e-04,,,1136,
30800,0.038415,1.886e-04,,,1138,
30850,0.036050,1.885e-04,,,1140,
30900,0.038569,1.885e-04,,,1142,
30950,0.029430,1.885e-04,,,1144,
31000,0.037059,1.884e-04,,,1146,
31050,0.028223,1.884e-04,,,1147,
31100,0.024737,1.884e-04,,,1149,
31150,0.034642,1.883e-04,,,1151,
31200,0.034909,1.883e-04,,,1153,
31250,0.023690,1.883e-04,,,1155,
31300,0.038305,1.882e-04,,,1157,
31350,0.034893,1.882e-04,,,1158,
31400,0.035761,1.881e-04,,,1160,
31450,0.033342,1.881e-04,,,1162,
31500,0.024630,1.881e-04,,,1164,
31550,0.033656,1.880e-04,,,1166,
31600,0.030965,1.880e-04,,,1167,
31650,0.026398,1.880e-04,,,1169,
31700,0.021835,1.879e-04,,,1171,
31750,0.026452,1.879e-04,,,1173,
31800,0.031394,1.878e-04,,,1175,
31850,0.035962,1.878e-04,,,1177,
31900,0.034390,1.878e-04,,,1178,
31950,0.027943,1.877e-04,,,1180,
32000,0.038500,1.877e-04,,,1182,
32000,,,21.501,30.885,1182,
32050,0.037143,1.877e-04,,,1184,
32100,0.032721,1.876e-04,,,1186,
32150,0.033337,1.876e-04,,,1188,
32200,0.028627,1.875e-04,,,1190,
32250,0.039253,1.875e-04,,,1191,
32300,0.030938,1.875e-04,,,1193,
32350,0.039895,1.874e-04,,,1195,
32400,0.030699,1.874e-04,,,1197,
32450,0.028159,1.874e-04,,,1199,
32500,0.036250,1.873e-04,,,1201,
32550,0.032210,1.873e-04,,,1202,
32600,0.036699,1.872e-04,,,1204,
32650,0.023035,1.872e-04,,,1206,
32700,0.042638,1.872e-04,,,1208,
32750,0.029944,1.871e-04,,,1210,
32800,0.034597,1.871e-04,,,1212,
32850,0.032590,1.870e-04,,,1213,
32900,0.030617,1.870e-04,,,1215,
32950,0.026014,1.870e-04,,,1217,
33000,0.034217,1.869e-04,,,1219,
33050,0.037977,1.869e-04,,,1221,
33100,0.032793,1.869e-04,,,1223,
33150,0.030154,1.868e-04,,,1224,
33200,0.028206,1.868e-04,,,1226,
33250,0.036477,1.867e-04,,,1228,
33300,0.035416,1.867e-04,,,1230,
33350,0.036059,1.867e-04,,,1232,
33400,0.032380,1.866e-04,,,1233,
33450,0.037714,1.866e-04,,,1235,
33500,0.039015,1.865e-04,,,1237,
33550,0.028747,1.865e-04,,,1239,
33600,0.036833,1.865e-04,,,1241,
33650,0.033753,1.864e-04,,,1243,
33700,0.041931,1.864e-04,,,1245,
33750,0.027146,1.863e-04,,,1246,
33800,0.033429,1.863e-04,,,1248,
33850,0.042741,1.863e-04,,,1250,
33900,0.028535,1.862e-04,,,1252,
33950,0.036825,1.862e-04,,,1254,
34000,0.035482,1.861e-04,,,1256,
34000,,,21.501,30.886,1256,
34050,0.033940,1.861e-04,,,1257,
34100,0.027107,1.861e-04,,,1259,
34150,0.036624,1.860e-04,,,1261,
34200,0.032019,1.860e-04,,,1263,
34250,0.033261,1.859e-04,,,1265,
34300,0.029854,1.859e-04,,,1267,
34350,0.027578,1.859e-04,,,1268,
34400,0.027806,1.858e-04,,,1270,
34450,0.028968,1.858e-04,,,1272,
34500,0.032638,1.857e-04,,,1274,
34550,0.025296,1.857e-04,,,1276,
34600,0.030541,1.857e-04,,,1278,
34650,0.025792,1.856e-04,,,1279,
34700,0.023634,1.856e-04,,,1281,
34750,0.025432,1.855e-04,,,1283,
34800,0.036571,1.855e-04,,,1285,
34850,0.035943,1.855e-04,,,1287,
34900,0.041918,1.854e-04,,,1289,
34950,0.026915,1.854e-04,,,1290,
35000,0.028849,1.853e-04,,,1292,
35050,0.042098,1.853e-04,,,1294,
35100,0.036980,1.853e-04,,,1296,
35150,0.031822,1.852e-04,,,1298,
35200,0.036990,1.852e-04,,,1299,
35250,0.036712,1.851e-04,,,1301,
35300,0.034567,1.851e-04,,,1303,
35350,0.033359,1.851e-04,,,1305,
35400,0.030318,1.850e-04,,,1307,
35450,0.031731,1.850e-04,,,1309,
35500,0.031781,1.849e-04,,,1311,
35550,0.029107,1.849e-04,,,1312,
35600,0.032060,1.848e-04,,,1314,
35650,0.029166,1.848e-04,,,1316,
35700,0.033608,1.848e-04,,,1318,
35750,0.037547,1.847e-04,,,1320,
35800,0.020791,1.847e-04,,,1322,
35850,0.031966,1.846e-04,,,1323,
35900,0.039663,1.846e-04,,,1325,
35950,0.039398,1.846e-04,,,1327,
36000,0.032438,1.845e-04,,,1329,
36000,,,21.501,30.733,1329,
36050,0.029354,1.845e-04,,,1331,
36100,0.035634,1.844e-04,,,1333,
36150,0.026279,1.844e-04,,,1334,
36200,0.030779,1.843e-04,,,1336,
36250,0.035504,1.843e-04,,,1338,
36300,0.028713,1.843e-04,,,1340,
36350,0.036643,1.842e-04,,,1342,
36400,0.032099,1.842e-04,,,1343,
36450,0.029326,1.841e-04,,,1345,
36500,0.033629,1.841e-04,,,1347,
36550,0.033891,1.840e-04,,,1349,
36600,0.021354,1.840e-04,,,1351,
36650,0.024861,1.840e-04,,,1353,
36700,0.028373,1.839e-04,,,1354,
36750,0.040611,1.839e-04,,,1356,
36800,0.040401,1.838e-04,,,1358,
36850,0.032914,1.838e-04,,,1360,
36900,0.039554,1.837e-04,,,1362,
36950,0.028171,1.837e-04,,,1364,
37000,0.036663,1.837e-04,,,1365,
37050,0.032068,1.836e-04,,,1367,
37100,0.035713,1.836e-04,,,1369,
37150,0.041391,1.835e-04,,,1371,
37200,0.037409,1.835e-04,,,1373,
37250,0.028241,1.834e-04,,,1375,
37300,0.027927,1.834e-04,,,1376,
37350,0.034304,1.834e-04,,,1378,
37400,0.039220,1.833e-04,,,1380,
37450,0.041931,1.833e-04,,,1382,
37500,0.032416,1.832e-04,,,1384,
37550,0.041149,1.832e-04,,,1385,
37600,0.031472,1.831e-04,,,1387,
37650,0.024062,1.831e-04,,,1389,
37700,0.020650,1.831e-04,,,1391,
37750,0.038094,1.830e-04,,,1393,
37800,0.036538,1.830e-04,,,1395,
37850,0.031863,1.829e-04,,,1396,
37900,0.032227,1.829e-04,,,1398,
37950,0.030636,1.828e-04,,,1400,
38000,0.041909,1.828e-04,,,1402,
38000,,,21.501,30.681,1402,
38050,0.030037,1.828e-04,,,1404,
38100,0.025044,1.827e-04,,,1406,
38150,0.037125,1.827e-04,,,1407,
38200,0.022558,1.826e-04,,,1409,
38250,0.026329,1.826e-04,,,1411,
38300,0.039167,1.825e-04,,,1413,
38350,0.042241,1.825e-04,,,1415,
38400,0.041648,1.824e-04,,,1417,
38450,0.040860,1.824e-04,,,1419,
38500,0.026293,1.824e-04,,,1420,
38550,0.035088,1.823e-04,,,1422,
38600,0.026753,1.823e-04,,,1424,
38650,0.036754,1.822e-04,,,1426,
38700,0.038567,1.822e-04,,,1428,
38750,0.025614,1.821e-04,,,1430,
38800,0.030510,1.821e-04,,,1431,
38850,0.028058,1.820e-04,,,1433,
38900,0.032829,1.820e-04,,,1435,
38950,0.035123,1.820e-04,,,1437,
39000,0.038813,1.819e-04,,,1439,
39050,0.034181,1.819e-04,,,1441,
39100,0.025444,1.818e-04,,,1442,
39150,0.038579,1.818e-04,,,1444,
39200,0.033861,1.817e-04,,,1446,
39250,0.034089,1.817e-04,,,1448,
39300,0.023856,1.816e-04,,,1450,
39350,0.034175,1.816e-04,,,1452,
39400,0.028879,1.815e-04,,,1453,
39450,0.035526,1.815e-04,,,1455,
39500,0.029060,1.815e-04,,,1457,
39550,0.031863,1.814e-04,,,1459,
39600,0.030898,1.814e-04,,,1461,
39650,0.027203,1.813e-04,,,1462,
39700,0.037482,1.813e-04,,,1464,
39750,0.037618,1.812e-04,,,1466,
39800,0.036534,1.812e-04,,,1468,
39850,0.049208,1.811e-04,,,1470,
39900,0.029481,1.811e-04,,,1472,
39950,0.030360,1.810e-04,,,1473,
40000,0.018998,1.810e-04,,,1475,
40000,,,21.501,31.060,1475,
40050,0.028135,1.810e-04,,,1477,
40100,0.037632,1.809e-04,,,1479,
40150,0.032206,1.809e-04,,,1481,
40200,0.034553,1.808e-04,,,1483,
40250,0.041125,1.808e-04,,,1485,
40300,0.033972,1.807e-04,,,1486,
40350,0.029203,1.807e-04,,,1488,
40400,0.033525,1.806e-04,,,1490,
40450,0.033427,1.806e-04,,,1492,
40500,0.038579,1.805e-04,,,1494,
40550,0.029140,1.805e-04,,,1496,
40600,0.033661,1.804e-04,,,1497,
40650,0.028977,1.804e-04,,,1499,
40700,0.027951,1.803e-04,,,1501,
40750,0.033627,1.803e-04,,,1503,
40800,0.034911,1.803e-04,,,1505,
40850,0.031471,1.802e-04,,,1507,
40900,0.033392,1.802e-04,,,1508,
40950,0.035046,1.801e-04,,,1510,
41000,0.032232,1.801e-04,,,1512,
41050,0.033014,1.800e-04,,,1514,
41100,0.034743,1.800e-04,,,1516,
41150,0.036197,1.799e-04,,,1517,
41200,0.030946,1.799e-04,,,1519,
41250,0.031772,1.798e-04,,,1521,
41300,0.035322,1.798e-04,,,1523,
41350,0.030804,1.797e-04,,,1525,
41400,0.036376,1.797e-04,,,1527,
41450,0.023810,1.796e-04,,,1528,
41500,0.035210,1.796e-04,,,1530,
41550,0.030727,1.795e-04,,,1532,
41600,0.030887,1.795e-04,,,1534,
41650,0.029571,1.795e-04,,,1536,
41700,0.033722,1.794e-04,,,1538,
41750,0.049453,1.794e-04,,,1540,
41800,0.029629,1.793e-04,,,1541,
41850,0.027086,1.793e-04,,,1543,
41900,0.033318,1.792e-04,,,1545,
41950,0.036816,1.792e-04,,,1547,
42000,0.022779,1.791e-04,,,1549,
42000,,,21.501,31.001,1549,
42050,0.027003,1.791e-04,,,1551,
42100,0.030085,1.790e-04,,,1552,
42150,0.033525,1.790e-04,,,1554,
42200,0.038589,1.789e-04,,,1556,
42250,0.030030,1.789e-04,,,1558,
42300,0.029558,1.788e-04,,,1560,
42350,0.032603,1.788e-04,,,1562,
42400,0.032333,1.787e-04,,,1563,
42450,0.037222,1.787e-04,,,1565,
42500,0.034459,1.786e-04,,,1567,
42550,0.035620,1.786e-04,,,1569,
42600,0.042566,1.785e-04,,,1571,
42650,0.039998,1.785e-04,,,1573,
42700,0.041119,1.784e-04,,,1574,
42750,0.036684,1.784e-04,,,1576,
42800,0.042197,1.783e-04,,,1578,
42850,0.035047,1.783e-04,,,1580,
42900,0.032507,1.783e-04,,,1582,
42950,0.035331,1.782e-04,,,1583,
43000,0.034342,1.782e-04,,,1585,
43050,0.041861,1.781e-04,,,1587,
43100,0.030928,1.781e-04,,,1589,
43150,0.037261,1.780e-04,,,1591,
43200,0.028828,1.780e-04,,,1593,
43250,0.032026,1.779e-04,,,1595,
43300,0.045612,1.779e-04,,,1596,
43350,0.036294,1.778e-04,,,1598,
43400,0.036990,1.778e-04,,,1600,
43450,0.024729,1.777e-04,,,1602,
43500,0.025911,1.777e-04,,,1604,
43550,0.039217,1.776e-04,,,1605,
43600,0.035243,1.776e-04,,,1607,
43650,0.026315,1.775e-04,,,1609,
43700,0.035627,1.775e-04,,,1611,
43750,0.034232,1.774e-04,,,1613,
43800,0.032460,1.774e-04,,,1615,
43850,0.023131,1.773e-04,,,1616,
43900,0.026463,1.773e-04,,,1618,
43950,0.034814,1.772e-04,,,1620,
44000,0.036009,1.772e-04,,,1622,
44000,,,21.501,31.339,1622,
44050,0.036809,1.771e-04,,,1624,
44100,0.038228,1.771e-04,,,1626,
44150,0.027689,1.770e-04,,,1627,
44200,0.033808,1.770e-04,,,1629,
44250,0.031321,1.769e-04,,,1631,
44300,0.043700,1.769e-04,,,1633,
44350,0.034066,1.768e-04,,,1635,
44400,0.022427,1.768e-04,,,1636,
44450,0.037504,1.767e-04,,,1638,
44500,0.041302,1.767e-04,,,1640,
44550,0.038234,1.766e-04,,,1642,
44600,0.034533,1.766e-04,,,1644,
44650,0.026478,1.765e-04,,,1646,
44700,0.029818,1.765e-04,,,1647,
44750,0.028854,1.764e-04,,,1649,
44800,0.026893,1.764e-04,,,1651,
44850,0.032675,1.763e-04,,,1653,
44900,0.032872,1.763e-04,,,1655,
44950,0.033591,1.762e-04,,,1657,
45000,0.033458,1.762e-04,,,1659,
45050,0.032149,1.761e-04,,,1660,
45100,0.029051,1.761e-04,,,1662,
45150,0.028497,1.760e-04,,,1664,
45200,0.032559,1.760e-04,,,1666,
45250,0.032484,1.759e-04,,,1668,
45300,0.024274,1.759e-04,,,1669,
45350,0.035477,1.758e-04,,,1671,
45400,0.031597,1.758e-04,,,1673,
45450,0.032492,1.757e-04,,,1675,
45500,0.029485,1.757e-04,,,1677,
45550,0.029108,1.756e-04,,,1679,
45600,0.028718,1.755e-04,,,1680,
45650,0.038692,1.755e-04,,,1682,
45700,0.027432,1.754e-04,,,1684,
45750,0.028345,1.754e-04,,,1686,
45800,0.020936,1.753e-04,,,1688,
45850,0.032888,1.753e-04,,,1689,
45900,0.037363,1.752e-04,,,1691,
45950,0.035150,1.752e-04,,,1693,
46000,0.036994,1.751e-04,,,1695,
46000,,,21.501,30.931,1695,
46050,0.030752,1.751e-04,,,1697,
46100,0.036424,1.750e-04,,,1699,
46150,0.031135,1.750e-04,,,1700,
46200,0.023436,1.749e-04,,,1702,
46250,0.028916,1.749e-04,,,1704,
46300,0.026057,1.748e-04,,,1706,
46350,0.037728,1.748e-04,,,1708,
46400,0.037600,1.747e-04,,,1710,
46450,0.037765,1.747e-04,,,1712,
46500,0.030182,1.746e-04,,,1713,
46550,0.048193,1.746e-04,,,1715,
46600,0.023783,1.745e-04,,,1717,
46650,0.020636,1.745e-04,,,1719,
46700,0.032191,1.744e-04,,,1721,
46750,0.039875,1.744e-04,,,1722,
46800,0.031868,1.743e-04,,,1724,
46850,0.037566,1.743e-04,,,1726,
46900,0.038977,1.742e-04,,,1728,
46950,0.032753,1.741e-04,,,1730,
47000,0.029818,1.741e-04,,,1732,
47050,0.039801,1.740e-04,,,1733,
47100,0.035240,1.740e-04,,,1735,
47150,0.023025,1.739e-04,,,1737,
47200,0.032459,1.739e-04,,,1739,
47250,0.039275,1.738e-04,,,1741,
47300,0.035210,1.738e-04,,,1743,
47350,0.028133,1.737e-04,,,1744,
47400,0.031730,1.737e-04,,,1746,
47450,0.033591,1.736e-04,,,1748,
47500,0.033515,1.736e-04,,,1750,
47550,0.039705,1.735e-04,,,1752,
47600,0.029383,1.735e-04,,,1753,
47650,0.029536,1.734e-04,,,1755,
47700,0.033535,1.734e-04,,,1757,
47750,0.029748,1.733e-04,,,1759,
47800,0.032472,1.732e-04,,,1761,
47850,0.029411,1.732e-04,,,1763,
47900,0.038534,1.731e-04,,,1764,
47950,0.030775,1.731e-04,,,1766,
48000,0.028334,1.730e-04,,,1768,
48000,,,21.501,30.597,1768,
48050,0.035664,1.730e-04,,,1770,
48100,0.032473,1.729e-04,,,1772,
48150,0.031767,1.729e-04,,,1774,
48200,0.023382,1.728e-04,,,1776,
48250,0.051509,1.728e-04,,,1777,
48300,0.028173,1.727e-04,,,1779,
48350,0.029672,1.727e-04,,,1781,
48400,0.029767,1.726e-04,,,1783,
48450,0.026685,1.725e-04,,,1785,
48500,0.029028,1.725e-04,,,1786,
48550,0.023552,1.724e-04,,,1788,
48600,0.030647,1.724e-04,,,1790,
48650,0.031371,1.723e-04,,,1792,
48700,0.030756,1.723e-04,,,1794,
48750,0.035537,1.722e-04,,,1796,
48800,0.030260,1.722e-04,,,1797,
48850,0.043132,1.721e-04,,,1799,
48900,0.043182,1.721e-04,,,1801,
48950,0.030401,1.720e-04,,,1803,
49000,0.023117,1.720e-04,,,1805,
49050,0.030533,1.719e-04,,,1806,
49100,0.031620,1.718e-04,,,1808,
49150,0.036096,1.718e-04,,,1810,
49200,0.037233,1.717e-04,,,1812,
49250,0.026652,1.717e-04,,,1814,
49300,0.036486,1.716e-04,,,1816,
49350,0.034213,1.716e-04,,,1817,
49400,0.030093,1.715e-04,,,1819,
49450,0.044968,1.715e-04,,,1821,
49500,0.028179,1.714e-04,,,1823,
49550,0.034066,1.714e-04,,,1825,
49600,0.025705,1.713e-04,,,1827,
49650,0.026646,1.712e-04,,,1829,
49700,0.027438,1.712e-04,,,1830,
49750,0.029499,1.711e-04,,,1832,
49800,0.031258,1.711e-04,,,1834,
49850,0.032420,1.710e-04,,,1836,
49900,0.029034,1.710e-04,,,1838,
49950,0.030859,1.709e-04,,,1839,
50000,0.039188,1.709e-04,,,1841,
50000,,,21.501,30.166,1841,
50050,0.033891,1.708e-04,,,1843,
50100,0.036343,1.707e-04,,,1845,
50150,0.029574,1.707e-04,,,1847,
50200,0.028066,1.706e-04,,,1849,
50250,0.030578,1.706e-04,,,1850,
50300,0.030930,1.705e-04,,,1852,
50350,0.025652,1.705e-04,,,1854,
50400,0.028645,1.704e-04,,,1856,
50450,0.033119,1.704e-04,,,1858,
50500,0.039052,1.703e-04,,,1860,
50550,0.029726,1.702e-04,,,1861,
50600,0.030824,1.702e-04,,,1863,
50650,0.029478,1.701e-04,,,1865,
50700,0.031336,1.701e-04,,,1867,
50750,0.033376,1.700e-04,,,1869,
50800,0.029072,1.700e-04,,,1871,
50850,0.039291,1.699e-04,,,1872,
50900,0.031017,1.699e-04,,,1874,
50950,0.027752,1.698e-04,,,1876,
51000,0.029466,1.697e-04,,,1878,
51050,0.030984,1.697e-04,,,1880,
51100,0.025739,1.696e-04,,,1882,
51150,0.033918,1.696e-04,,,1883,
51200,0.031957,1.695e-04,,,1885,
51250,0.024852,1.695e-04,,,1887,
51300,0.037463,1.694e-04,,,1889,
51350,0.026595,1.693e-04,,,1891,
51400,0.032035,1.693e-04,,,1893,
51450,0.026857,1.692e-04,,,1895,
51500,0.034528,1.692e-04,,,1896,
51550,0.028278,1.691e-04,,,1898,
51600,0.029237,1.691e-04,,,1900,
51650,0.028894,1.690e-04,,,1902,
51700,0.041068,1.690e-04,,,1904,
51750,0.036678,1.689e-04,,,1905,
51800,0.034884,1.688e-04,,,1907,
51850,0.040709,1.688e-04,,,1909,
51900,0.031330,1.687e-04,,,1911,
51950,0.037366,1.687e-04,,,1913,
52000,0.040304,1.686e-04,,,1915,
52000,,,21.501,30.497,1915,
52050,0.028794,1.686e-04,,,1917,
52100,0.034127,1.685e-04,,,1918,
52150,0.037606,1.684e-04,,,1920,
52200,0.035500,1.684e-04,,,1922,
52250,0.030689,1.683e-04,,,1924,
52300,0.027875,1.683e-04,,,1926,
52350,0.032181,1.682e-04,,,1927,
52400,0.029713,1.682e-04,,,1929,
52450,0.032905,1.681e-04,,,1931,
52500,0.027071,1.680e-04,,,1933,
52550,0.029245,1.680e-04,,,1935,
52600,0.028154,1.679e-04,,,1937,
52650,0.027869,1.679e-04,,,1938,
52700,0.033257,1.678e-04,,,1940,
52750,0.038007,1.678e-04,,,1942,
52800,0.039673,1.677e-04,,,1944,
52850,0.034847,1.676e-04,,,1946,
52900,0.033522,1.676e-04,,,1948,
52950,0.034363,1.675e-04,,,1950,
53000,0.023483,1.675e-04,,,1951,
53050,0.029316,1.674e-04,,,1953,
53100,0.048122,1.673e-04,,,1955,
53150,0.032198,1.673e-04,,,1957,
53200,0.037512,1.672e-04,,,1959,
53250,0.027518,1.672e-04,,,1960,
53300,0.026749,1.671e-04,,,1962,
53350,0.034590,1.671e-04,,,1964,
53400,0.029907,1.670e-04,,,1966,
53450,0.024304,1.669e-04,,,1968,
53500,0.029805,1.669e-04,,,1970,
53550,0.030340,1.668e-04,,,1971,
53600,0.031106,1.668e-04,,,1973,
53650,0.039507,1.667e-04,,,1975,
53700,0.039196,1.667e-04,,,1977,
53750,0.037312,1.666e-04,,,1979,
53800,0.034529,1.665e-04,,,1981,
53850,0.034043,1.665e-04,,,1982,
53900,0.030844,1.664e-04,,,1984,
53950,0.027789,1.664e-04,,,1986,
54000,0.030286,1.663e-04,,,1988,
54000,,,21.501,31.208,1988,
54050,0.027817,1.662e-04,,,1990,
54100,0.028391,1.662e-04,,,1992,
54150,0.041913,1.661e-04,,,1993,
54200,0.028030,1.661e-04,,,1995,
54250,0.024338,1.660e-04,,,1997,
54300,0.033130,1.659e-04,,,1999,
54350,0.034345,1.659e-04,,,2001,
54400,0.037412,1.658e-04,,,2002,
54450,0.034323,1.658e-04,,,2004,
54500,0.045259,1.657e-04,,,2006,
54550,0.020395,1.657e-04,,,2008,
54600,0.031800,1.656e-04,,,2010,
54650,0.026935,1.655e-04,,,2012,
54700,0.031608,1.655e-04,,,2014,
54750,0.029095,1.654e-04,,,2015,
54800,0.027098,1.654e-04,,,2017,
54850,0.030564,1.653e-04,,,2019,
54900,0.024708,1.652e-04,,,2021,
54950,0.025147,1.652e-04,,,2023,
55000,0.035077,1.651e-04,,,2025,
55050,0.030348,1.651e-04,,,2026,
55100,0.021354,1.650e-04,,,2028,
55150,0.039161,1.649e-04,,,2030,
55200,0.037499,1.649e-04,,,2032,
55250,0.034030,1.648e-04,,,2034,
55300,0.031209,1.648e-04,,,2035,
55350,0.034099,1.647e-04,,,2037,
55400,0.029869,1.646e-04,,,2039,
55450,0.027336,1.646e-04,,,2041,
55500,0.029790,1.645e-04,,,2043,
55550,0.028773,1.645e-04,,,2045,
55600,0.026465,1.644e-04,,,2046,
55650,0.038489,1.643e-04,,,2048,
55700,0.031122,1.643e-04,,,2050,
55750,0.028857,1.642e-04,,,2052,
55800,0.033297,1.642e-04,,,2054,
55850,0.040329,1.641e-04,,,2056,
55900,0.037329,1.640e-04,,,2057,
55950,0.029869,1.640e-04,,,2059,
56000,0.032841,1.639e-04,,,2061,
56000,,,21.501,30.930,2061,
56050,0.027571,1.639e-04,,,2063,
56100,0.034331,1.638e-04,,,2065,
56150,0.038680,1.637e-04,,,2067,
56200,0.017833,1.637e-04,,,2069,
56250,0.036638,1.636e-04,,,2070,
56300,0.029843,1.636e-04,,,2072,
56350,0.019475,1.635e-04,,,2074,
56400,0.027176,1.634e-04,,,2076,
56450,0.032892,1.634e-04,,,2078,
56500,0.032031,1.633e-04,,,2079,
56550,0.022408,1.633e-04,,,2081,
56600,0.030271,1.632e-04,,,2083,
56650,0.035133,1.631e-04,,,2085,
56700,0.035438,1.631e-04,,,2087,
56750,0.035009,1.630e-04,,,2089,
56800,0.034090,1.630e-04,,,2090,
56850,0.037201,1.629e-04,,,2092,
56900,0.038940,1.628e-04,,,2094,
56950,0.039233,1.628e-04,,,2096,
57000,0.027559,1.627e-04,,,2098,
57050,0.028862,1.627e-04,,,2100,
57100,0.027224,1.626e-04,,,2101,
57150,0.026444,1.625e-04,,,2103,
57200,0.031157,1.625e-04,,,2105,
57250,0.034973,1.624e-04,,,2107,
57300,0.030320,1.623e-04,,,2109,
57350,0.030389,1.623e-04,,,2110,
57400,0.025581,1.622e-04,,,2112,
57450,0.039843,1.622e-04,,,2114,
57500,0.029317,1.621e-04,,,2116,
57550,0.035592,1.620e-04,,,2118,
57600,0.029852,1.620e-04,,,2120,
57650,0.033628,1.619e-04,,,2122,
57700,0.026954,1.619e-04,,,2123,
57750,0.054101,1.618e-04,,,2125,
57800,0.035659,1.617e-04,,,2127,
57850,0.029183,1.617e-04,,,2129,
57900,0.031513,1.616e-04,,,2131,
57950,0.038013,1.615e-04,,,2133,
58000,0.026503,1.615e-04,,,2134,
58000,,,21.501,30.709,2134,
58050,0.025379,1.614e-04,,,2136,
58100,0.032560,1.614e-04,,,2138,
58150,0.029231,1.613e-04,,,2140,
58200,0.034072,1.612e-04,,,2142,
58250,0.038295,1.612e-04,,,2144,
58300,0.036201,1.611e-04,,,2145,
58350,0.028474,1.611e-04,,,2147,
58400,0.027139,1.610e-04,,,2149,
58450,0.030575,1.609e-04,,,2151,
58500,0.030557,1.609e-04,,,2153,
58550,0.024326,1.608e-04,,,2154,
58600,0.033138,1.607e-04,,,2156,
58650,0.028890,1.607e-04,,,2158,
58700,0.036659,1.606e-04,,,2160,
58750,0.030840,1.606e-04,,,2162,
58800,0.040236,1.605e-04,,,2164,
58850,0.029422,1.604e-04,,,2165,
58900,0.028510,1.604e-04,,,2167,
58950,0.034305,1.603e-04,,,2169,
59000,0.033079,1.602e-04,,,2171,
59050,0.036834,1.602e-04,,,2173,
59100,0.038647,1.601e-04,,,2175,
59150,0.036162,1.601e-04,,,2176,
59200,0.034453,1.600e-04,,,2178,
59250,0.031547,1.599e-04,,,2180,
59300,0.035852,1.599e-04,,,2182,
59350,0.030416,1.598e-04,,,2184,
59400,0.035646,1.597e-04,,,2186,
59450,0.020481,1.597e-04,,,2187,
59500,0.030305,1.596e-04,,,2189,
59550,0.029405,1.596e-04,,,2191,
59600,0.036521,1.595e-04,,,2193,
59650,0.033316,1.594e-04,,,2195,
59700,0.030822,1.594e-04,,,2197,
59750,0.036582,1.593e-04,,,2198,
59800,0.029206,1.592e-04,,,2200,
59850,0.039336,1.592e-04,,,2202,
59900,0.037415,1.591e-04,,,2204,
59950,0.027882,1.590e-04,,,2206,
60000,0.037444,1.590e-04,,,2208,
60000,,,21.501,30.143,2208,
60050,0.026371,1.589e-04,,,2209,
60100,0.025625,1.589e-04,,,2211,
60150,0.042591,1.588e-04,,,2213,
60200,0.021926,1.587e-04,,,2215,
60250,0.031518,1.587e-04,,,2217,
60300,0.032259,1.586e-04,,,2219,
60350,0.036127,1.585e-04,,,2220,
60400,0.032920,1.585e-04,,,2222,
60450,0.030096,1.584e-04,,,2224,
60500,0.032243,1.584e-04,,,2226,
60550,0.026618,1.583e-04,,,2228,
60600,0.030670,1.582e-04,,,2229,
60650,0.034336,1.582e-04,,,2231,
60700,0.032924,1.581e-04,,,2233,
60750,0.027362,1.580e-04,,,2235,
60800,0.025611,1.580e-04,,,2237,
60850,0.027026,1.579e-04,,,2239,
60900,0.027021,1.578e-04,,,2241,
60950,0.037122,1.578e-04,,,2242,
61000,0.034999,1.577e-04,,,2244,
61050,0.032538,1.576e-04,,,2246,
61100,0.025890,1.576e-04,,,2248,
61150,0.033498,1.575e-04,,,2250,
61200,0.031171,1.575e-04,,,2252,
61250,0.028008,1.574e-04,,,2253,
61300,0.029118,1.573e-04,,,2255,
61350,0.027580,1.573e-04,,,2257,
61400,0.034791,1.572e-04,,,2259,
61450,0.029560,1.571e-04,,,2261,
61500,0.029864,1.571e-04,,,2263,
61550,0.033650,1.570e-04,,,2264,
61600,0.037395,1.569e-04,,,2266,
61650,0.028906,1.569e-04,,,2268,
61700,0.030789,1.568e-04,,,2270,
61750,0.027644,1.568e-04,,,2272,
61800,0.034196,1.567e-04,,,2273,
61850,0.030416,1.566e-04,,,2275,
61900,0.028776,1.566e-04,,,2277,
61950,0.034053,1.565e-04,,,2279,
62000,0.032311,1.564e-04,,,2281,
62000,,,21.501,30.909,2281,
62050,0.032394,1.564e-04,,,2283,
62100,0.037179,1.563e-04,,,2284,
62150,0.028201,1.562e-04,,,2286,
62200,0.031286,1.562e-04,,,2288,
62250,0.022545,1.561e-04,,,2290,
62300,0.026315,1.560e-04,,,2292,
62350,0.036449,1.560e-04,,,2294,
62400,0.030600,1.559e-04,,,2295,
62450,0.027289,1.558e-04,,,2297,
62500,0.025932,1.558e-04,,,2299,
62550,0.025345,1.557e-04,,,2301,
62600,0.028941,1.556e-04,,,2303,
62650,0.034607,1.556e-04,,,2305,
62700,0.031854,1.555e-04,,,2306,
62750,0.035025,1.555e-04,,,2308,
62800,0.028633,1.554e-04,,,2310,
62850,0.029108,1.553e-04,,,2312,
62900,0.030409,1.553e-04,,,2314,
62950,0.043990,1.552e-04,,,2316,
63000,0.031147,1.551e-04,,,2317,
63050,0.037134,1.551e-04,,,2319,
63100,0.030018,1.550e-04,,,2321,
63150,0.032593,1.549e-04,,,2323,
63200,0.029300,1.549e-04,,,2325,
63250,0.026657,1.548e-04,,,2327,
63300,0.027134,1.547e-04,,,2328,
63350,0.029615,1.547e-04,,,2330,
63400,0.029037,1.546e-04,,,2332,
63450,0.040839,1.545e-04,,,2334,
63500,0.021636,1.545e-04,,,2336,
63550,0.038665,1.544e-04,,,2338,
63600,0.032579,1.543e-04,,,2339,
63650,0.030619,1.543e-04,,,2341,
63700,0.030056,1.542e-04,,,2343,
63750,0.031580,1.541e-04,,,2345,
63800,0.041573,1.541e-04,,,2347,
63850,0.032953,1.540e-04,,,2348,
63900,0.030873,1.539e-04,,,2350,
63950,0.023538,1.539e-04,,,2352,
64000,0.033654,1.538e-04,,,2354,
64000,,,21.501,31.005,2354,
64050,0.038888,1.537e-04,,,2356,
64100,0.033520,1.537e-04,,,2358,
64150,0.031198,1.536e-04,,,2360,
64200,0.040728,1.536e-04,,,2362,
64250,0.031323,1.535e-04,,,2363,
64300,0.033855,1.534e-04,,,2365,
64350,0.033955,1.534e-04,,,2367,
64400,0.027454,1.533e-04,,,2369,
64450,0.035930,1.532e-04,,,2371,
64500,0.027318,1.532e-04,,,2373,
64550,0.033224,1.531e-04,,,2374,
64600,0.033890,1.530e-04,,,2376,
64650,0.037604,1.530e-04,,,2378,
64700,0.029102,1.529e-04,,,2380,
64750,0.032782,1.528e-04,,,2382,
64800,0.032320,1.528e-04,,,2384,
64850,0.033853,1.527e-04,,,2386,
64900,0.037699,1.526e-04,,,2387,
64950,0.026621,1.526e-04,,,2389,
65000,0.035288,1.525e-04,,,2391,
65050,0.026493,1.524e-04,,,2393,
65100,0.029039,1.524e-04,,,2395,
65150,0.030975,1.523e-04,,,2397,
65200,0.030959,1.522e-04,,,2399,
65250,0.035224,1.522e-04,,,2400,
65300,0.035213,1.521e-04,,,2402,
65350,0.035515,1.520e-04,,,2404,
65400,0.035325,1.520e-04,,,2406,
65450,0.023605,1.519e-04,,,2408,
65500,0.032059,1.518e-04,,,2410,
65550,0.027504,1.518e-04,,,2411,
65600,0.032383,1.517e-04,,,2413,
65650,0.033309,1.516e-04,,,2415,
65700,0.035631,1.516e-04,,,2417,
65750,0.022038,1.515e-04,,,2419,
65800,0.026367,1.514e-04,,,2421,
65850,0.022949,1.514e-04,,,2423,
65900,0.027330,1.513e-04,,,2425,
65950,0.022456,1.512e-04,,,2426,
66000,0.029377,1.511e-04,,,2428,
66000,,,21.501,31.338,2428,
66050,0.030713,1.511e-04,,,2430,
66100,0.033672,1.510e-04,,,2432,
66150,0.036003,1.509e-04,,,2434,
66200,0.029503,1.509e-04,,,2436,
66250,0.031899,1.508e-04,,,2438,
66300,0.030013,1.507e-04,,,2439,
66350,0.026727,1.507e-04,,,2441,
66400,0.035526,1.506e-04,,,2443,
66450,0.026744,1.505e-04,,,2445,
66500,0.037388,1.505e-04,,,2447,
66550,0.036180,1.504e-04,,,2449,
66600,0.035134,1.503e-04,,,2450,
66650,0.029835,1.503e-04,,,2452,
66700,0.030879,1.502e-04,,,2454,
66750,0.030322,1.501e-04,,,2456,
66800,0.031127,1.501e-04,,,2458,
66850,0.028442,1.500e-04,,,2460,
66900,0.034272,1.499e-04,,,2462,
66950,0.032859,1.499e-04,,,2463,
67000,0.024744,1.498e-04,,,2465,
67050,0.029379,1.497e-04,,,2467,
67100,0.034452,1.497e-04,,,2469,
67150,0.034387,1.496e-04,,,2471,
67200,0.027538,1.495e-04,,,2473,
67250,0.029346,1.495e-04,,,2475,
67300,0.031385,1.494e-04,,,2476,
67350,0.030753,1.493e-04,,,2478,
67400,0.027061,1.493e-04,,,2480,
67450,0.029791,1.492e-04,,,2482,
67500,0.039779,1.491e-04,,,2484,
67550,0.046765,1.490e-04,,,2486,
67600,0.034204,1.490e-04,,,2488,
67650,0.031738,1.489e-04,,,2489,
67700,0.037732,1.488e-04,,,2491,
67750,0.030616,1.488e-04,,,2493,
67800,0.027898,1.487e-04,,,2495,
67850,0.030088,1.486e-04,,,2497,
67900,0.028429,1.486e-04,,,2499,
67950,0.026996,1.485e-04,,,2500,
68000,0.035674,1.484e-04,,,2502,
68000,,,21.501,31.477,2502,
68050,0.027490,1.484e-04,,,2504,
68100,0.044202,1.483e-04,,,2506,
68150,0.030178,1.482e-04,,,2508,
68200,0.035305,1.482e-04,,,2510,
68250,0.034778,1.481e-04,,,2512,
68300,0.038170,1.480e-04,,,2513,
68350,0.043781,1.480e-04,,,2515,
68400,0.030061,1.479e-04,,,2517,
68450,0.026731,1.478e-04,,,2519,
68500,0.025776,1.477e-04,,,2521,
68550,0.034212,1.477e-04,,,2523,
68600,0.024821,1.476e-04,,,2524,
68650,0.033489,1.475e-04,,,2526,
68700,0.031277,1.475e-04,,,2528,
68750,0.031896,1.474e-04,,,2530,
68800,0.025553,1.473e-04,,,2532,
68850,0.032495,1.473e-04,,,2534,
68900,0.026512,1.472e-04,,,2536,
68950,0.019186,1.471e-04,,,2538,
69000,0.043489,1.471e-04,,,2539,
69050,0.019554,1.470e-04,,,2541,
69100,0.034161,1.469e-04,,,2543,
69150,0.041943,1.469e-04,,,2545,
69200,0.030157,1.468e-04,,,2547,
69250,0.023030,1.467e-04,,,2549,
69300,0.028984,1.466e-04,,,2550,
69350,0.038573,1.466e-04,,,2552,
69400,0.031346,1.465e-04,,,2554,
69450,0.032720,1.464e-04,,,2556,
69500,0.036387,1.464e-04,,,2558,
69550,0.030531,1.463e-04,,,2560,
69600,0.028219,1.462e-04,,,2562,
69650,0.028397,1.462e-04,,,2563,
69700,0.027915,1.461e-04,,,2565,
69750,0.034155,1.460e-04,,,2567,
69800,0.037429,1.460e-04,,,2569,
69850,0.024606,1.459e-04,,,2571,
69900,0.030633,1.458e-04,,,2573,
69950,0.041137,1.457e-04,,,2574,
70000,0.040303,1.457e-04,,,2576,
70000,,,21.501,31.227,2576,
70050,0.032281,1.456e-04,,,2578,
70100,0.025228,1.455e-04,,,2580,
70150,0.038475,1.455e-04,,,2582,
70200,0.032670,1.454e-04,,,2584,
70250,0.036451,1.453e-04,,,2586,
70300,0.029972,1.453e-04,,,2587,
70350,0.026073,1.452e-04,,,2589,
70400,0.034263,1.451e-04,,,2591,
70450,0.025384,1.450e-04,,,2593,
70500,0.031016,1.450e-04,,,2595,
70550,0.028435,1.449e-04,,,2597,
70600,0.032182,1.448e-04,,,2599,
70650,0.030566,1.448e-04,,,2601,
70700,0.021744,1.447e-04,,,2602,
70750,0.029588,1.446e-04,,,2604,
70800,0.037124,1.446e-04,,,2606,
70850,0.034378,1.445e-04,,,2608,
70900,0.028807,1.444e-04,,,2610,
70950,0.037696,1.443e-04,,,2612,
71000,0.027500,1.443e-04,,,2613,
71050,0.032119,1.442e-04,,,2615,
71100,0.036510,1.441e-04,,,2617,
71150,0.026963,1.441e-04,,,2619,
71200,0.020924,1.440e-04,,,2621,
71250,0.031425,1.439e-04,,,2623,
71300,0.033333,1.439e-04,,,2625,
71350,0.028969,1.438e-04,,,2626,
71400,0.020921,1.437e-04,,,2628,
71450,0.032054,1.436e-04,,,2630,
71500,0.025929,1.436e-04,,,2632,
71550,0.026972,1.435e-04,,,2634,
71600,0.029081,1.434e-04,,,2636,
71650,0.037539,1.434e-04,,,2637,
71700,0.022003,1.433e-04,,,2639,
71750,0.041821,1.432e-04,,,2641,
71800,0.025827,1.431e-04,,,2643,
71850,0.028299,1.431e-04,,,2645,
71900,0.032870,1.430e-04,,,2647,
71950,0.027047,1.429e-04,,,2649,
72000,0.033452,1.429e-04,,,2650,
72000,,,21.501,31.360,2650,
72050,0.035875,1.428e-04,,,2652,
72100,0.032397,1.427e-04,,,2654,
72150,0.026499,1.427e-04,,,2656,
72200,0.040610,1.426e-04,,,2658,
72250,0.034431,1.425e-04,,,2660,
72300,0.029400,1.424e-04,,,2662,
72350,0.031464,1.424e-04,,,2664,
72400,0.032392,1.423e-04,,,2665,
72450,0.026012,1.422e-04,,,2667,
72500,0.024667,1.422e-04,,,2669,
72550,0.028682,1.421e-04,,,2671,
72600,0.028143,1.420e-04,,,2673,
72650,0.030785,1.419e-04,,,2675,
72700,0.029145,1.419e-04,,,2677,
72750,0.024918,1.418e-04,,,2678,
72800,0.031897,1.417e-04,,,2680,
72850,0.029133,1.417e-04,,,2682,
72900,0.033221,1.416e-04,,,2684,
72950,0.025658,1.415e-04,,,2686,
73000,0.031520,1.414e-04,,,2688,
73050,0.037112,1.414e-04,,,2689,
73100,0.033975,1.413e-04,,,2691,
73150,0.026268,1.412e-04,,,2693,
73200,0.026357,1.412e-04,,,2695,
73250,0.033812,1.411e-04,,,2697,
73300,0.034631,1.410e-04,,,2699,
73350,0.030326,1.409e-04,,,2701,
73400,0.032834,1.409e-04,,,2702,
73450,0.032738,1.408e-04,,,2704,
73500,0.023641,1.407e-04,,,2706,
73550,0.040485,1.407e-04,,,2708,
73600,0.028917,1.406e-04,,,2710,
73650,0.024670,1.405e-04,,,2712,
73700,0.031198,1.404e-04,,,2714,
73750,0.030122,1.404e-04,,,2715,
73800,0.039731,1.403e-04,,,2717,
73850,0.033193,1.402e-04,,,2719,
73900,0.031019,1.402e-04,,,2721,
73950,0.033769,1.401e-04,,,2723,
74000,0.040434,1.400e-04,,,2725,
74000,,,21.501,31.315,2725,
74050,0.023481,1.399e-04,,,2727,
74100,0.031801,1.399e-04,,,2728,
74150,0.033025,1.398e-04,,,2730,
74200,0.028980,1.397e-04,,,2732,
74250,0.027881,1.397e-04,,,2734,
74300,0.031715,1.396e-04,,,2736,
74350,0.026786,1.395e-04,,,2738,
74400,0.038739,1.394e-04,,,2739,
74450,0.023200,1.394e-04,,,2741,
74500,0.039154,1.393e-04,,,2743,
74550,0.039956,1.392e-04,,,2745,
74600,0.036680,1.392e-04,,,2747,
74650,0.028941,1.391e-04,,,2749,
74700,0.029431,1.390e-04,,,2751,
74750,0.033114,1.389e-04,,,2752,
74800,0.028803,1.389e-04,,,2754,
74850,0.041168,1.388e-04,,,2756,
74900,0.041105,1.387e-04,,,2758,
74950,0.027910,1.386e-04,,,2760,
75000,0.031167,1.386e-04,,,2762,
75050,0.026097,1.385e-04,,,2763,
75100,0.035894,1.384e-04,,,2765,
75150,0.034859,1.384e-04,,,2767,
75200,0.041651,1.383e-04,,,2769,
75250,0.035705,1.382e-04,,,2771,
75300,0.035811,1.381e-04,,,2773,
75350,0.037132,1.381e-04,,,2775,
75400,0.025458,1.380e-04,,,2777,
75450,0.026102,1.379e-04,,,2778,
75500,0.026229,1.379e-04,,,2780,
75550,0.030194,1.378e-04,,,2782,
75600,0.024954,1.377e-04,,,2784,
75650,0.032841,1.376e-04,,,2786,
75700,0.025069,1.376e-04,,,2788,
75750,0.038690,1.375e-04,,,2789,
75800,0.030346,1.374e-04,,,2791,
75850,0.021508,1.373e-04,,,2793,
75900,0.025931,1.373e-04,,,2795,
75950,0.040563,1.372e-04,,,2797,
76000,0.032171,1.371e-04,,,2799,
76000,,,21.501,31.292,2799,
76050,0.027205,1.371e-04,,,2801,
76100,0.027012,1.370e-04,,,2802,
76150,0.032763,1.369e-04,,,2804,
76200,0.024223,1.368e-04,,,2806,
76250,0.032430,1.368e-04,,,2808,
76300,0.040025,1.367e-04,,,2810,
76350,0.036442,1.366e-04,,,2812,
76400,0.030525,1.365e-04,,,2813,
76450,0.024351,1.365e-04,,,2815,
76500,0.032007,1.364e-04,,,2817,
76550,0.032056,1.363e-04,,,2819,
76600,0.026051,1.363e-04,,,2821,
76650,0.029849,1.362e-04,,,2823,
76700,0.025669,1.361e-04,,,2825,
76750,0.025146,1.360e-04,,,2826,
76800,0.039959,1.360e-04,,,2828,
76850,0.032838,1.359e-04,,,2830,
76900,0.025027,1.358e-04,,,2832,
76950,0.034172,1.357e-04,,,2834,
77000,0.031236,1.357e-04,,,2836,
77050,0.037648,1.356e-04,,,2838,
77100,0.028798,1.355e-04,,,2839,
77150,0.019568,1.355e-04,,,2841,
77200,0.032309,1.354e-04,,,2843,
77250,0.024497,1.353e-04,,,2845,
77300,0.016750,1.352e-04,,,2847,
77350,0.026303,1.352e-04,,,2849,
77400,0.037464,1.351e-04,,,2850,
77450,0.033583,1.350e-04,,,2852,
77500,0.039719,1.349e-04,,,2854,
77550,0.024179,1.349e-04,,,2856,
77600,0.025674,1.348e-04,,,2858,
77650,0.042622,1.347e-04,,,2860,
77700,0.026382,1.346e-04,,,2862,
77750,0.029901,1.346e-04,,,2863,
77800,0.037516,1.345e-04,,,2865,
77850,0.027500,1.344e-04,,,2867,
77900,0.036567,1.344e-04,,,2869,
77950,0.029424,1.343e-04,,,2871,
78000,0.020317,1.342e-04,,,2873,
78000,,,21.501,31.272,2873,
78050,0.035190,1.341e-04,,,2874,
78100,0.032352,1.341e-04,,,2876,
78150,0.036675,1.340e-04,,,2878,
78200,0.034353,1.339e-04,,,2880,
78250,0.037603,1.338e-04,,,2882,
78300,0.030559,1.338e-04,,,2884,
78350,0.028609,1.337e-04,,,2886,
78400,0.028595,1.336e-04,,,2887,
78450,0.034854,1.335e-04,,,2889,
78500,0.026269,1.335e-04,,,2891,
78550,0.030694,1.334e-04,,,2893,
78600,0.038551,1.333e-04,,,2895,
78650,0.027480,1.332e-04,,,2897,
78700,0.033022,1.332e-04,,,2899,
78750,0.023313,1.331e-04,,,2900,
78800,0.036837,1.330e-04,,,2902,
78850,0.041161,1.330e-04,,,2904,
78900,0.031957,1.329e-04,,,2906,
78950,0.038473,1.328e-04,,,2908,
79000,0.032968,1.327e-04,,,2910,
79050,0.031895,1.327e-04,,,2911,
79100,0.021294,1.326e-04,,,2913,
79150,0.030982,1.325e-04,,,2915,
79200,0.025407,1.324e-04,,,2917,
79250,0.040550,1.324e-04,,,2919,
79300,0.038832,1.323e-04,,,2921,
79350,0.034239,1.322e-04,,,2922,
79400,0.027187,1.321e-04,,,2924,
79450,0.032301,1.321e-04,,,2926,
79500,0.036324,1.320e-04,,,2928,
79550,0.038226,1.319e-04,,,2930,
79600,0.040427,1.318e-04,,,2932,
79650,0.033798,1.318e-04,,,2934,
79700,0.033846,1.317e-04,,,2935,
79750,0.032124,1.316e-04,,,2937,
79800,0.027618,1.315e-04,,,2939,
79850,0.030072,1.315e-04,,,2941,
79900,0.028581,1.314e-04,,,2943,
79950,0.030540,1.313e-04,,,2945,
80000,0.033311,1.312e-04,,,2946,
80000,,,21.501,31.018,2946,
80050,0.030747,1.312e-04,,,2949,
80100,0.022783,1.311e-04,,,2950,
80150,0.034313,1.310e-04,,,2952,
80200,0.026811,1.309e-04,,,2954,
80250,0.030106,1.309e-04,,,2956,
80300,0.023342,1.308e-04,,,2958,
80350,0.029571,1.307e-04,,,2960,
80400,0.025978,1.307e-04,,,2961,
80450,0.034807,1.306e-04,,,2963,
80500,0.034019,1.305e-04,,,2965,
80550,0.029052,1.304e-04,,,2967,
80600,0.023574,1.304e-04,,,2969,
80650,0.029965,1.303e-04,,,2971,
80700,0.040660,1.302e-04,,,2972,
80750,0.035388,1.301e-04,,,2974,
80800,0.034026,1.301e-04,,,2976,
80850,0.024160,1.300e-04,,,2978,
80900,0.022337,1.299e-04,,,2980,
80950,0.033564,1.298e-04,,,2982,
81000,0.028899,1.298e-04,,,2984,
81050,0.034209,1.297e-04,,,2985,
81100,0.035559,1.296e-04,,,2987,
81150,0.025575,1.295e-04,,,2989,
81200,0.033531,1.295e-04,,,2991,
81250,0.022978,1.294e-04,,,2993,
81300,0.022113,1.293e-04,,,2995,
81350,0.031161,1.292e-04,,,2996,
81400,0.038413,1.292e-04,,,2998,
81450,0.028795,1.291e-04,,,3000,
81500,0.030698,1.290e-04,,,3002,
81550,0.038814,1.289e-04,,,3004,
81600,0.030619,1.289e-04,,,3006,
81650,0.023643,1.288e-04,,,3008,
81700,0.024604,1.287e-04,,,3009,
81750,0.032094,1.286e-04,,,3011,
81800,0.032987,1.286e-04,,,3013,
81850,0.028419,1.285e-04,,,3015,
81900,0.035069,1.284e-04,,,3017,
81950,0.035020,1.283e-04,,,3019,
82000,0.022737,1.283e-04,,,3020,
82000,,,21.501,31.651,3020,
82050,0.029786,1.282e-04,,,3022,
82100,0.041029,1.281e-04,,,3024,
82150,0.034306,1.280e-04,,,3026,
82200,0.030315,1.280e-04,,,3028,
82250,0.019005,1.279e-04,,,3030,
82300,0.035748,1.278e-04,,,3032,
82350,0.035768,1.277e-04,,,3033,
82400,0.027313,1.277e-04,,,3035,
82450,0.029921,1.276e-04,,,3037,
82500,0.030392,1.275e-04,,,3039,
82550,0.029195,1.274e-04,,,3041,
82600,0.035425,1.274e-04,,,3043,
82650,0.031382,1.273e-04,,,3044,
82700,0.032677,1.272e-04,,,3046,
82750,0.027148,1.271e-04,,,3048,
82800,0.028512,1.271e-04,,,3050,
82850,0.026443,1.270e-04,,,3052,
82900,0.031034,1.269e-04,,,3053,
82950,0.021436,1.268e-04,,,3055,
83000,0.030961,1.268e-04,,,3057,
83050,0.031903,1.267e-04,,,3059,
83100,0.033715,1.266e-04,,,3061,
83150,0.036404,1.265e-04,,,3063,
83200,0.024172,1.265e-04,,,3064,
83250,0.035076,1.264e-04,,,3066,
83300,0.024113,1.263e-04,,,3068,
83350,0.033691,1.262e-04,,,3070,
83400,0.032253,1.262e-04,,,3072,
83450,0.021500,1.261e-04,,,3074,
83500,0.019905,1.260e-04,,,3075,
83550,0.032695,1.259e-04,,,3077,
83600,0.034296,1.258e-04,,,3079,
83650,0.030062,1.258e-04,,,3081,
83700,0.022777,1.257e-04,,,3083,
83750,0.027805,1.256e-04,,,3085,
83800,0.027058,1.255e-04,,,3086,
83850,0.027911,1.255e-04,,,3088,
83900,0.032400,1.254e-04,,,3090,
83950,0.033501,1.253e-04,,,3092,
84000,0.024623,1.252e-04,,,3094,
84000,,,21.501,30.854,3094,
84050,0.030241,1.252e-04,,,3096,
84100,0.034037,1.251e-04,,,3097,
84150,0.045953,1.250e-04,,,3099,
84200,0.027030,1.249e-04,,,3101,
84250,0.029605,1.249e-04,,,3103,
84300,0.034028,1.248e-04,,,3105,
84350,0.026524,1.247e-04,,,3107,
84400,0.041270,1.246e-04,,,3108,
84450,0.032318,1.246e-04,,,3110,
84500,0.026358,1.245e-04,,,3112,
84550,0.020087,1.244e-04,,,3114,
84600,0.031242,1.243e-04,,,3116,
84650,0.034416,1.243e-04,,,3118,
84700,0.033339,1.242e-04,,,3119,
84750,0.026489,1.241e-04,,,3121,
84800,0.028973,1.240e-04,,,3123,
84850,0.033661,1.240e-04,,,3125,
84900,0.035981,1.239e-04,,,3127,
84950,0.026481,1.238e-04,,,3129,
85000,0.029591,1.237e-04,,,3130,
85050,0.035875,1.237e-04,,,3132,
85100,0.030700,1.236e-04,,,3134,
85150,0.030306,1.235e-04,,,3136,
85200,0.031409,1.234e-04,,,3138,
85250,0.032873,1.233e-04,,,3140,
85300,0.031800,1.233e-04,,,3141,
85350,0.031553,1.232e-04,,,3143,
85400,0.033548,1.231e-04,,,3145,
85450,0.034113,1.230e-04,,,3147,
85500,0.028390,1.230e-04,,,3149,
85550,0.032189,1.229e-04,,,3151,
85600,0.034770,1.228e-04,,,3152,
85650,0.033203,1.227e-04,,,3154,
85700,0.036210,1.227e-04,,,3156,
85750,0.035240,1.226e-04,,,3158,
85800,0.033075,1.225e-04,,,3160,
85850,0.034342,1.224e-04,,,3162,
85900,0.033379,1.224e-04,,,3163,
85950,0.028968,1.223e-04,,,3165,
86000,0.028190,1.222e-04,,,3167,
86000,,,21.501,31.110,3167,
86050,0.023112,1.221e-04,,,3169,
86100,0.024871,1.221e-04,,,3171,
86150,0.045844,1.220e-04,,,3173,
86200,0.024586,1.219e-04,,,3174,
86250,0.036485,1.218e-04,,,3176,
86300,0.035790,1.217e-04,,,3178,
86350,0.029605,1.217e-04,,,3180,
86400,0.030378,1.216e-04,,,3182,
86450,0.032835,1.215e-04,,,3184,
86500,0.027165,1.214e-04,,,3186,
86550,0.022357,1.214e-04,,,3187,
86600,0.028835,1.213e-04,,,3189,
86650,0.028650,1.212e-04,,,3191,
86700,0.035055,1.211e-04,,,3193,
86750,0.030773,1.211e-04,,,3195,
86800,0.033981,1.210e-04,,,3197,
86850,0.037804,1.209e-04,,,3198,
86900,0.027440,1.208e-04,,,3200,
86950,0.024907,1.208e-04,,,3202,
87000,0.024895,1.207e-04,,,3204,
87050,0.031322,1.206e-04,,,3206,
87100,0.033829,1.205e-04,,,3208,
87150,0.028753,1.204e-04,,,3209,
87200,0.021080,1.204e-04,,,3211,
87250,0.034982,1.203e-04,,,3213,
87300,0.033641,1.202e-04,,,3215,
87350,0.028945,1.201e-04,,,3217,
87400,0.028561,1.201e-04,,,3218,
87450,0.027806,1.200e-04,,,3220,
87500,0.026332,1.199e-04,,,3222,
87550,0.026448,1.198e-04,,,3224,
87600,0.036976,1.198e-04,,,3226,
87650,0.026076,1.197e-04,,,3228,
87700,0.032970,1.196e-04,,,3229,
87750,0.031902,1.195e-04,,,3231,
87800,0.024867,1.195e-04,,,3233,
87850,0.023426,1.194e-04,,,3235,
87900,0.035321,1.193e-04,,,3237,
87950,0.029972,1.192e-04,,,3239,
88000,0.039091,1.191e-04,,,3240,
88000,,,21.501,31.610,3240,
88050,0.022589,1.191e-04,,,3242,
88100,0.035097,1.190e-04,,,3244,
88150,0.028073,1.189e-04,,,3246,
88200,0.028670,1.188e-04,,,3248,
88250,0.032175,1.188e-04,,,3250,
88300,0.025747,1.187e-04,,,3252,
88350,0.024251,1.186e-04,,,3253,
88400,0.027955,1.185e-04,,,3255,
88450,0.022503,1.185e-04,,,3257,
88500,0.035122,1.184e-04,,,3259,
88550,0.038664,1.183e-04,,,3261,
88600,0.031295,1.182e-04,,,3262,
88650,0.021089,1.181e-04,,,3264,
88700,0.030392,1.181e-04,,,3266,
88750,0.035070,1.180e-04,,,3268,
88800,0.036524,1.179e-04,,,3270,
88850,0.027363,1.178e-04,,,3272,
88900,0.023145,1.178e-04,,,3273,
88950,0.034960,1.177e-04,,,3275,
89000,0.027515,1.176e-04,,,3277,
89050,0.027537,1.175e-04,,,3279,
89100,0.032417,1.175e-04,,,3281,
89150,0.027456,1.174e-04,,,3283,
89200,0.031034,1.173e-04,,,3284,
89250,0.028042,1.172e-04,,,3286,
89300,0.031250,1.171e-04,,,3288,
89350,0.026318,1.171e-04,,,3290,
89400,0.027433,1.170e-04,,,3292,
89450,0.030833,1.169e-04,,,3294,
89500,0.035360,1.168e-04,,,3295,
89550,0.030501,1.168e-04,,,3297,
89600,0.020783,1.167e-04,,,3299,
89650,0.031418,1.166e-04,,,3301,
89700,0.033497,1.165e-04,,,3303,
89750,0.026988,1.165e-04,,,3305,
89800,0.033113,1.164e-04,,,3306,
89850,0.028820,1.163e-04,,,3308,
89900,0.030759,1.162e-04,,,3310,
89950,0.029720,1.161e-04,,,3312,
90000,0.024215,1.161e-04,,,3314,
90000,,,21.501,31.653,3314,
90050,0.039091,1.160e-04,,,3316,
90100,0.027041,1.159e-04,,,3317,
90150,0.033432,1.158e-04,,,3319,
90200,0.029509,1.158e-04,,,3321,
90250,0.027050,1.157e-04,,,3323,
90300,0.030454,1.156e-04,,,3325,
90350,0.028415,1.155e-04,,,3327,
90400,0.023357,1.154e-04,,,3328,
90450,0.033832,1.154e-04,,,3330,
90500,0.042902,1.153e-04,,,3332,
90550,0.019104,1.152e-04,,,3334,
90600,0.030257,1.151e-04,,,3336,
90650,0.029389,1.151e-04,,,3338,
90700,0.033025,1.150e-04,,,3339,
90750,0.034851,1.149e-04,,,3341,
90800,0.029428,1.148e-04,,,3343,
90850,0.026984,1.148e-04,,,3345,
90900,0.031840,1.147e-04,,,3347,
90950,0.032616,1.146e-04,,,3349,
91000,0.025375,1.145e-04,,,3350,
91050,0.026535,1.144e-04,,,3352,
91100,0.026389,1.144e-04,,,3354,
91150,0.035345,1.143e-04,,,3356,
91200,0.017854,1.142e-04,,,3358,
91250,0.037759,1.141e-04,,,3360,
91300,0.035077,1.141e-04,,,3361,
91350,0.027644,1.140e-04,,,3363,
91400,0.025466,1.139e-04,,,3365,
91450,0.029776,1.138e-04,,,3367,
91500,0.035759,1.137e-04,,,3369,
91550,0.030002,1.137e-04,,,3371,
91600,0.032552,1.136e-04,,,3372,
91650,0.029211,1.135e-04,,,3374,
91700,0.033047,1.134e-04,,,3376,
91750,0.039283,1.134e-04,,,3378,
91800,0.035312,1.133e-04,,,3380,
91850,0.033639,1.132e-04,,,3382,
91900,0.029404,1.131e-04,,,3383,
91950,0.032327,1.130e-04,,,3385,
92000,0.040626,1.130e-04,,,3387,
92000,,,21.501,31.478,3387,
92050,0.024721,1.129e-04,,,3389,
92100,0.035296,1.128e-04,,,3391,
92150,0.047041,1.127e-04,,,3393,
92200,0.031557,1.127e-04,,,3394,
92250,0.029171,1.126e-04,,,3396,
92300,0.031028,1.125e-04,,,3398,
92350,0.029872,1.124e-04,,,3400,
92400,0.036479,1.124e-04,,,3402,
92450,0.024312,1.123e-04,,,3404,
92500,0.028540,1.122e-04,,,3405,
92550,0.025970,1.121e-04,,,3407,
92600,0.031782,1.120e-04,,,3409,
92650,0.040651,1.120e-04,,,3411,
92700,0.031241,1.119e-04,,,3413,
92750,0.028205,1.118e-04,,,3415,
92800,0.032630,1.117e-04,,,3416,
92850,0.027207,1.117e-04,,,3418,
92900,0.029207,1.116e-04,,,3420,
92950,0.025758,1.115e-04,,,3422,
93000,0.030247,1.114e-04,,,3424,
93050,0.042418,1.113e-04,,,3426,
93100,0.032683,1.113e-04,,,3428,
93150,0.028428,1.112e-04,,,3429,
93200,0.030697,1.111e-04,,,3431,
93250,0.025046,1.110e-04,,,3433,
93300,0.034114,1.110e-04,,,3435,
93350,0.030447,1.109e-04,,,3437,
93400,0.026043,1.108e-04,,,3438,
93450,0.029206,1.107e-04,,,3440,
93500,0.034787,1.106e-04,,,3442,
93550,0.032759,1.106e-04,,,3444,
93600,0.023093,1.105e-04,,,3446,
93650,0.028233,1.104e-04,,,3448,
93700,0.035483,1.103e-04,,,3449,
93750,0.028501,1.103e-04,,,3451,
93800,0.038353,1.102e-04,,,3453,
93850,0.031553,1.101e-04,,,3455,
93900,0.028909,1.100e-04,,,3457,
93950,0.034336,1.099e-04,,,3459,
94000,0.029291,1.099e-04,,,3460,
94000,,,21.501,31.338,3461,
94050,0.032065,1.098e-04,,,3462,
94100,0.037386,1.097e-04,,,3464,
94150,0.022694,1.096e-04,,,3466,
94200,0.028639,1.096e-04,,,3468,
94250,0.035246,1.095e-04,,,3470,
94300,0.024604,1.094e-04,,,3472,
94350,0.029174,1.093e-04,,,3473,
94400,0.037496,1.092e-04,,,3475,
94450,0.031584,1.092e-04,,,3477,
94500,0.033541,1.091e-04,,,3479,
94550,0.031657,1.090e-04,,,3481,
94600,0.030739,1.089e-04,,,3483,
94650,0.030151,1.089e-04,,,3484,
94700,0.026998,1.088e-04,,,3486,
94750,0.025375,1.087e-04,,,3488,
94800,0.033048,1.086e-04,,,3490,
94850,0.039050,1.085e-04,,,3492,
94900,0.030760,1.085e-04,,,3494,
94950,0.030793,1.084e-04,,,3495,
95000,0.030279,1.083e-04,,,3497,
95050,0.024522,1.082e-04,,,3499,
95100,0.040152,1.082e-04,,,3501,
95150,0.030238,1.081e-04,,,3503,
95200,0.026305,1.080e-04,,,3505,
95250,0.030860,1.079e-04,,,3506,
95300,0.037596,1.078e-04,,,3508,
95350,0.030137,1.078e-04,,,3510,
95400,0.026592,1.077e-04,,,3512,
95450,0.026637,1.076e-04,,,3514,
95500,0.031520,1.075e-04,,,3516,
95550,0.022555,1.074e-04,,,3517,
95600,0.032292,1.074e-04,,,3519,
95650,0.035814,1.073e-04,,,3521,
95700,0.032989,1.072e-04,,,3523,
95750,0.032502,1.071e-04,,,3525,
95800,0.030201,1.071e-04,,,3526,
95850,0.026168,1.070e-04,,,3528,
95900,0.040079,1.069e-04,,,3530,
95950,0.030429,1.068e-04,,,3532,
96000,0.031957,1.067e-04,,,3534,
96000,,,21.501,31.514,3534,
96050,0.032738,1.067e-04,,,3536,
96100,0.026113,1.066e-04,,,3538,
96150,0.019456,1.065e-04,,,3540,
96200,0.030543,1.064e-04,,,3541,
96250,0.031502,1.064e-04,,,3543,
96300,0.036991,1.063e-04,,,3545,
96350,0.031066,1.062e-04,,,3547,
96400,0.030187,1.061e-04,,,3549,
96450,0.033177,1.060e-04,,,3551,
96500,0.029441,1.060e-04,,,3552,
96550,0.027887,1.059e-04,,,3554,
96600,0.036803,1.058e-04,,,3556,
96650,0.024660,1.057e-04,,,3558,
96700,0.038607,1.057e-04,,,3560,
96750,0.026495,1.056e-04,,,3561,
96800,0.022985,1.055e-04,,,3563,
96850,0.029808,1.054e-04,,,3565,
96900,0.026882,1.053e-04,,,3567,
96950,0.033304,1.053e-04,,,3569,
97000,0.035824,1.052e-04,,,3571,
97050,0.043676,1.051e-04,,,3572,
97100,0.029825,1.050e-04,,,3574,
97150,0.033237,1.050e-04,,,3576,
97200,0.025845,1.049e-04,,,3578,
97250,0.027665,1.048e-04,,,3580,
97300,0.031679,1.047e-04,,,3582,
97350,0.032964,1.046e-04,,,3583,
97400,0.034338,1.046e-04,,,3585,
97450,0.046350,1.045e-04,,,3587,
97500,0.036465,1.044e-04,,,3589,
97550,0.025759,1.043e-04,,,3591,
97600,0.033213,1.043e-04,,,3593,
97650,0.023425,1.042e-04,,,3595,
97700,0.032298,1.041e-04,,,3596,
97750,0.028642,1.040e-04,,,3598,
97800,0.021521,1.039e-04,,,3600,
97850,0.030129,1.039e-04,,,3602,
97900,0.030289,1.038e-04,,,3604,
97950,0.025326,1.037e-04,,,3606,
98000,0.031819,1.036e-04,,,3607,
98000,,,21.501,31.523,3607,
98050,0.037633,1.035e-04,,,3609,
98100,0.033456,1.035e-04,,,3611,
98150,0.030960,1.034e-04,,,3613,
98200,0.021058,1.033e-04,,,3615,
98250,0.023160,1.032e-04,,,3617,
98300,0.038244,1.032e-04,,,3618,
98350,0.025069,1.031e-04,,,3620,
98400,0.027976,1.030e-04,,,3622,
98450,0.031991,1.029e-04,,,3624,
98500,0.024435,1.028e-04,,,3626,
98550,0.034281,1.028e-04,,,3627,
98600,0.027967,1.027e-04,,,3629,
98650,0.026429,1.026e-04,,,3631,
98700,0.029640,1.025e-04,,,3633,
98750,0.024235,1.025e-04,,,3635,
98800,0.033112,1.024e-04,,,3637,
98850,0.025743,1.023e-04,,,3638,
98900,0.020140,1.022e-04,,,3640,
98950,0.033167,1.021e-04,,,3642,
99000,0.024433,1.021e-04,,,3644,
99050,0.034758,1.020e-04,,,3646,
99100,0.038840,1.019e-04,,,3648,
99150,0.027411,1.018e-04,,,3649,
99200,0.031690,1.018e-04,,,3651,
99250,0.028546,1.017e-04,,,3653,
99300,0.029344,1.016e-04,,,3655,
99350,0.030431,1.015e-04,,,3657,
99400,0.022681,1.014e-04,,,3659,
99450,0.024097,1.014e-04,,,3661,
99500,0.028126,1.013e-04,,,3662,
99550,0.021387,1.012e-04,,,3664,
99600,0.031827,1.011e-04,,,3666,
99650,0.032361,1.010e-04,,,3668,
99700,0.029986,1.010e-04,,,3670,
99750,0.019247,1.009e-04,,,3672,
99800,0.024851,1.008e-04,,,3673,
99850,0.026819,1.007e-04,,,3675,
99900,0.027833,1.007e-04,,,3677,
99950,0.025753,1.006e-04,,,3679,
100000,0.021109,1.005e-04,,,3681,
100000,,,21.501,31.471,3681,
100050,0.027932,1.004e-04,,,3683,
100100,0.031527,1.003e-04,,,3684,
100150,0.037115,1.003e-04,,,3686,
100200,0.032625,1.002e-04,,,3688,
100250,0.036334,1.001e-04,,,3690,
100300,0.030153,1.000e-04,,,3692,
100350,0.032718,9.995e-05,,,3694,
100400,0.031917,9.987e-05,,,3695,
100450,0.026246,9.980e-05,,,3697,
100500,0.021356,9.972e-05,,,3699,
100550,0.030210,9.964e-05,,,3701,
100600,0.041003,9.956e-05,,,3703,
100650,0.030242,9.948e-05,,,3704,
100700,0.030201,9.941e-05,,,3706,
100750,0.033365,9.933e-05,,,3708,
100800,0.033412,9.925e-05,,,3710,
100850,0.030583,9.917e-05,,,3712,
100900,0.031991,9.909e-05,,,3714,
100950,0.035498,9.902e-05,,,3716,
101000,0.025198,9.894e-05,,,3717,
101050,0.032040,9.886e-05,,,3719,
101100,0.027885,9.878e-05,,,3721,
101150,0.025298,9.870e-05,,,3723,
101200,0.018919,9.862e-05,,,3725,
101250,0.024124,9.855e-05,,,3727,
101300,0.032089,9.847e-05,,,3728,
101350,0.034101,9.839e-05,,,3730,
101400,0.024457,9.831e-05,,,3732,
101450,0.025641,9.823e-05,,,3734,
101500,0.023501,9.816e-05,,,3736,
101550,0.025559,9.808e-05,,,3738,
101600,0.030450,9.800e-05,,,3739,
101650,0.025719,9.792e-05,,,3741,
101700,0.029123,9.784e-05,,,3743,
101750,0.035761,9.777e-05,,,3745,
101800,0.037492,9.769e-05,,,3747,
101850,0.026989,9.761e-05,,,3748,
101900,0.024715,9.753e-05,,,3750,
101950,0.034187,9.745e-05,,,3752,
102000,0.028230,9.737e-05,,,3754,
102000,,,21.501,31.482,3754,
102050,0.030560,9.730e-05,,,3756,
102100,0.033138,9.722e-05,,,3758,
102150,0.022263,9.714e-05,,,3760,
102200,0.026258,9.706e-05,,,3761,
102250,0.034708,9.698e-05,,,3763,
102300,0.021324,9.691e-05,,,3765,
102350,0.031083,9.683e-05,,,3767,
102400,0.033738,9.675e-05,,,3769,
102450,0.028735,9.667e-05,,,3771,
102500,0.027644,9.659e-05,,,3772,
102550,0.034678,9.652e-05,,,3774,
102600,0.025618,9.644e-05,,,3776,
102650,0.025298,9.636e-05,,,3778,
102700,0.037556,9.628e-05,,,3780,
102750,0.031303,9.620e-05,,,3782,
102800,0.036746,9.613e-05,,,3783,
102850,0.025958,9.605e-05,,,3785,
102900,0.030414,9.597e-05,,,3787,
102950,0.035965,9.589e-05,,,3789,
103000,0.028749,9.581e-05,,,3791,
103050,0.039510,9.573e-05,,,3793,
103100,0.018138,9.566e-05,,,3794,
103150,0.025052,9.558e-05,,,3796,
103200,0.038389,9.550e-05,,,3798,
103250,0.025019,9.542e-05,,,3800,
103300,0.030717,9.534e-05,,,3802,
103350,0.026163,9.527e-05,,,3804,
103400,0.031978,9.519e-05,,,3805,
103450,0.026638,9.511e-05,,,3807,
103500,0.027756,9.503e-05,,,3809,
103550,0.028160,9.495e-05,,,3811,
103600,0.033159,9.488e-05,,,3813,
103650,0.029485,9.480e-05,,,3815,
103700,0.048309,9.472e-05,,,3816,
103750,0.031456,9.464e-05,,,3818,
103800,0.039281,9.456e-05,,,3820,
103850,0.026140,9.449e-05,,,3822,
103900,0.033628,9.441e-05,,,3824,
103950,0.036108,9.433e-05,,,3825,
104000,0.038329,9.425e-05,,,3827,
104000,,,21.501,31.706,3827,
104050,0.035441,9.417e-05,,,3829,
104100,0.035084,9.410e-05,,,3831,
104150,0.029194,9.402e-05,,,3833,
104200,0.027059,9.394e-05,,,3835,
104250,0.026967,9.386e-05,,,3837,
104300,0.026349,9.378e-05,,,3838,
104350,0.022817,9.371e-05,,,3840,
104400,0.028055,9.363e-05,,,3842,
104450,0.030627,9.355e-05,,,3844,
104500,0.031971,9.347e-05,,,3846,
104550,0.029375,9.339e-05,,,3848,
104600,0.032920,9.332e-05,,,3849,
104650,0.037116,9.324e-05,,,3851,
104700,0.035979,9.316e-05,,,3853,
104750,0.024980,9.308e-05,,,3855,
104800,0.030412,9.300e-05,,,3857,
104850,0.033222,9.293e-05,,,3859,
104900,0.025134,9.285e-05,,,3860,
104950,0.033204,9.277e-05,,,3862,
105000,0.030281,9.269e-05,,,3864,
105050,0.027488,9.262e-05,,,3866,
105100,0.028485,9.254e-05,,,3868,
105150,0.035884,9.246e-05,,,3870,
105200,0.031818,9.238e-05,,,3871,
105250,0.029530,9.230e-05,,,3873,
105300,0.043390,9.223e-05,,,3875,
105350,0.024907,9.215e-05,,,3877,
105400,0.025421,9.207e-05,,,3879,
105450,0.023528,9.199e-05,,,3880,
105500,0.034302,9.191e-05,,,3882,
105550,0.025735,9.184e-05,,,3884,
105600,0.031918,9.176e-05,,,3886,
105650,0.028407,9.168e-05,,,3888,
105700,0.027770,9.160e-05,,,3890,
105750,0.026047,9.153e-05,,,3892,
105800,0.037318,9.145e-05,,,3894,
105850,0.031028,9.137e-05,,,3895,
105900,0.021961,9.129e-05,,,3897,
105950,0.025997,9.121e-05,,,3899,
106000,0.035217,9.114e-05,,,3901,
106000,,,21.501,31.382,3901,
106050,0.025771,9.106e-05,,,3903,
106100,0.033469,9.098e-05,,,3905,
106150,0.031492,9.090e-05,,,3906,
106200,0.041269,9.083e-05,,,3908,
106250,0.034313,9.075e-05,,,3910,
106300,0.029972,9.067e-05,,,3912,
106350,0.026255,9.059e-05,,,3914,
106400,0.035043,9.051e-05,,,3916,
106450,0.027234,9.044e-05,,,3917,
106500,0.029678,9.036e-05,,,3919,
106550,0.022204,9.028e-05,,,3921,
106600,0.036254,9.020e-05,,,3923,
106650,0.028671,9.013e-05,,,3925,
106700,0.030351,9.005e-05,,,3926,
106750,0.037600,8.997e-05,,,3928,
106800,0.035729,8.989e-05,,,3930,
106850,0.025307,8.981e-05,,,3932,
106900,0.025728,8.974e-05,,,3934,
106950,0.025967,8.966e-05,,,3936,
107000,0.026602,8.958e-05,,,3937,
107050,0.031885,8.950e-05,,,3939,
107100,0.031942,8.943e-05,,,3941,
107150,0.038420,8.935e-05,,,3943,
107200,0.026745,8.927e-05,,,3945,
107250,0.022010,8.919e-05,,,3947,
107300,0.040395,8.912e-05,,,3949,
107350,0.021536,8.904e-05,,,3950,
107400,0.024383,8.896e-05,,,3952,
107450,0.024032,8.888e-05,,,3954,
107500,0.024655,8.881e-05,,,3956,
107550,0.032193,8.873e-05,,,3958,
107600,0.035255,8.865e-05,,,3960,
107650,0.028225,8.857e-05,,,3961,
107700,0.029908,8.849e-05,,,3963,
107750,0.043215,8.842e-05,,,3965,
107800,0.024013,8.834e-05,,,3967,
107850,0.025149,8.826e-05,,,3969,
107900,0.036160,8.818e-05,,,3971,
107950,0.030643,8.811e-05,,,3972,
108000,0.029275,8.803e-05,,,3974,
108000,,,21.501,31.806,3974,
108050,0.026159,8.795e-05,,,3976,
108100,0.027526,8.787e-05,,,3978,
108150,0.037858,8.780e-05,,,3980,
108200,0.031624,8.772e-05,,,3982,
108250,0.028573,8.764e-05,,,3983,
108300,0.026200,8.756e-05,,,3985,
108350,0.024142,8.749e-05,,,3987,
108400,0.029975,8.741e-05,,,3989,
108450,0.041056,8.733e-05,,,3991,
108500,0.034942,8.725e-05,,,3993,
108550,0.025046,8.718e-05,,,3994,
108600,0.038866,8.710e-05,,,3996,
108650,0.028387,8.702e-05,,,3998,
108700,0.036908,8.694e-05,,,4000,
108750,0.030595,8.687e-05,,,4002,
108800,0.039172,8.679e-05,,,4004,
108850,0.032068,8.671e-05,,,4006,
108900,0.024657,8.664e-05,,,4007,
108950,0.021235,8.656e-05,,,4009,
109000,0.035405,8.648e-05,,,4011,
109050,0.031690,8.640e-05,,,4013,
109100,0.034312,8.633e-05,,,4015,
109150,0.038557,8.625e-05,,,4017,
109200,0.040800,8.617e-05,,,4018,
109250,0.029431,8.609e-05,,,4020,
109300,0.027857,8.602e-05,,,4022,
109350,0.027591,8.594e-05,,,4024,
109400,0.028009,8.586e-05,,,4026,
109450,0.028959,8.578e-05,,,4028,
109500,0.036289,8.571e-05,,,4029,
109550,0.028733,8.563e-05,,,4031,
109600,0.023323,8.555e-05,,,4033,
109650,0.024375,8.548e-05,,,4035,
109700,0.032102,8.540e-05,,,4037,
109750,0.019784,8.532e-05,,,4039,
109800,0.029808,8.524e-05,,,4040,
109850,0.035061,8.517e-05,,,4042,
109900,0.031661,8.509e-05,,,4044,
109950,0.029935,8.501e-05,,,4046,
110000,0.027965,8.493e-05,,,4048,
110000,,,21.501,31.694,4048,
110050,0.022200,8.486e-05,,,4050,
110100,0.030426,8.478e-05,,,4051,
110150,0.027238,8.470e-05,,,4053,
110200,0.039487,8.463e-05,,,4055,
110250,0.020444,8.455e-05,,,4057,
110300,0.026197,8.447e-05,,,4059,
110350,0.029821,8.439e-05,,,4061,
110400,0.034609,8.432e-05,,,4062,
110450,0.030796,8.424e-05,,,4064,
110500,0.029101,8.416e-05,,,4066,
110550,0.031005,8.409e-05,,,4068,
110600,0.038082,8.401e-05,,,4070,
110650,0.028980,8.393e-05,,,4072,
110700,0.032359,8.386e-05,,,4073,
110750,0.033554,8.378e-05,,,4075,
110800,0.024712,8.370e-05,,,4077,
110850,0.039347,8.362e-05,,,4079,
110900,0.028133,8.355e-05,,,4081,
110950,0.034196,8.347e-05,,,4083,
111000,0.040397,8.339e-05,,,4084,
111050,0.030074,8.332e-05,,,4086,
111100,0.022222,8.324e-05,,,4088,
111150,0.029312,8.316e-05,,,4090,
111200,0.032772,8.309e-05,,,4092,
111250,0.027090,8.301e-05,,,4094,
111300,0.034577,8.293e-05,,,4095,
111350,0.018251,8.285e-05,,,4097,
111400,0.025991,8.278e-05,,,4099,
111450,0.027880,8.270e-05,,,4101,
111500,0.027770,8.262e-05,,,4103,
111550,0.024209,8.255e-05,,,4105,
111600,0.033649,8.247e-05,,,4106,
111650,0.032951,8.239e-05,,,4108,
111700,0.024322,8.232e-05,,,4110,
111750,0.031937,8.224e-05,,,4112,
111800,0.039676,8.216e-05,,,4114,
111850,0.033463,8.209e-05,,,4116,
111900,0.031799,8.201e-05,,,4117,
111950,0.028807,8.193e-05,,,4119,
112000,0.037436,8.186e-05,,,4121,
112000,,,21.501,31.448,4121,
112050,0.025281,8.178e-05,,,4123,
112100,0.031562,8.170e-05,,,4125,
112150,0.024730,8.163e-05,,,4127,
112200,0.035854,8.155e-05,,,4128,
112250,0.028495,8.147e-05,,,4130,
112300,0.022850,8.140e-05,,,4132,
112350,0.025919,8.132e-05,,,4134,
112400,0.028499,8.124e-05,,,4136,
112450,0.025337,8.117e-05,,,4138,
112500,0.027436,8.109e-05,,,4139,
112550,0.033645,8.101e-05,,,4141,
112600,0.046958,8.094e-05,,,4143,
112650,0.020948,8.086e-05,,,4145,
112700,0.022874,8.078e-05,,,4147,
112750,0.038247,8.071e-05,,,4149,
112800,0.033240,8.063e-05,,,4150,
112850,0.035357,8.055e-05,,,4152,
112900,0.027222,8.048e-05,,,4154,
112950,0.024520,8.040e-05,,,4156,
113000,0.026876,8.032e-05,,,4158,
113050,0.019502,8.025e-05,,,4160,
113100,0.026614,8.017e-05,,,4161,
113150,0.029379,8.009e-05,,,4163,
113200,0.034286,8.002e-05,,,4165,
113250,0.033414,7.994e-05,,,4167,
113300,0.023785,7.986e-05,,,4169,
113350,0.047306,7.979e-05,,,4171,
113400,0.033568,7.971e-05,,,4172,
113450,0.034531,7.963e-05,,,4174,
113500,0.033801,7.956e-05,,,4176,
113550,0.037004,7.948e-05,,,4178,
113600,0.026901,7.941e-05,,,4180,
113650,0.034506,7.933e-05,,,4182,
113700,0.042129,7.925e-05,,,4183,
113750,0.029255,7.918e-05,,,4185,
113800,0.027277,7.910e-05,,,4187,
113850,0.032514,7.902e-05,,,4189,
113900,0.023615,7.895e-05,,,4191,
113950,0.034073,7.887e-05,,,4193,
114000,0.024692,7.879e-05,,,4194,
114000,,,21.501,31.515,4194,
114050,0.027383,7.872e-05,,,4196,
114100,0.019275,7.864e-05,,,4198,
114150,0.031085,7.857e-05,,,4200,
114200,0.025091,7.849e-05,,,4202,
114250,0.026601,7.841e-05,,,4204,
114300,0.033453,7.834e-05,,,4205,
114350,0.026363,7.826e-05,,,4207,
114400,0.031490,7.819e-05,,,4209,
114450,0.031555,7.811e-05,,,4211,
114500,0.040808,7.803e-05,,,4213,
114550,0.032571,7.796e-05,,,4215,
114600,0.026211,7.788e-05,,,4216,
114650,0.034490,7.780e-05,,,4218,
114700,0.026088,7.773e-05,,,4220,
114750,0.024508,7.765e-05,,,4222,
114800,0.035121,7.758e-05,,,4224,
114850,0.029466,7.750e-05,,,4226,
114900,0.030080,7.742e-05,,,4228,
114950,0.031510,7.735e-05,,,4229,
115000,0.030999,7.727e-05,,,4231,
115050,0.041131,7.720e-05,,,4233,
115100,0.030993,7.712e-05,,,4235,
115150,0.026512,7.704e-05,,,4237,
115200,0.026076,7.697e-05,,,4239,
115250,0.028942,7.689e-05,,,4241,
115300,0.020523,7.682e-05,,,4242,
115350,0.024772,7.674e-05,,,4244,
115400,0.032030,7.666e-05,,,4246,
115450,0.027122,7.659e-05,,,4248,
115500,0.029215,7.651e-05,,,4250,
115550,0.023121,7.644e-05,,,4252,
115600,0.024999,7.636e-05,,,4253,
115650,0.027758,7.629e-05,,,4255,
115700,0.028228,7.621e-05,,,4257,
115750,0.041710,7.613e-05,,,4259,
115800,0.030835,7.606e-05,,,4261,
115850,0.030296,7.598e-05,,,4263,
115900,0.032714,7.591e-05,,,4264,
115950,0.025374,7.583e-05,,,4266,
116000,0.027973,7.576e-05,,,4268,
116000,,,21.501,31.670,4268,
116050,0.024461,7.568e-05,,,4270,
116100,0.036065,7.560e-05,,,4272,
116150,0.034664,7.553e-05,,,4274,
116200,0.033516,7.545e-05,,,4275,
116250,0.023845,7.538e-05,,,4277,
116300,0.030410,7.530e-05,,,4279,
116350,0.028812,7.523e-05,,,4281,
116400,0.024947,7.515e-05,,,4283,
116450,0.039594,7.507e-05,,,4285,
116500,0.035169,7.500e-05,,,4287,
116550,0.020794,7.492e-05,,,4288,
116600,0.027821,7.485e-05,,,4290,
116650,0.026378,7.477e-05,,,4292,
116700,0.028150,7.470e-05,,,4294,
116750,0.033203,7.462e-05,,,4296,
116800,0.027023,7.455e-05,,,4297,
116850,0.023670,7.447e-05,,,4300,
116900,0.039131,7.440e-05,,,4301,
116950,0.036587,7.432e-05,,,4303,
117000,0.031132,7.424e-05,,,4305,
117050,0.032145,7.417e-05,,,4307,
117100,0.020126,7.409e-05,,,4309,
117150,0.028567,7.402e-05,,,4311,
117200,0.032671,7.394e-05,,,4312,
117250,0.026331,7.387e-05,,,4314,
117300,0.025906,7.379e-05,,,4316,
117350,0.022476,7.372e-05,,,4318,
117400,0.024851,7.364e-05,,,4320,
117450,0.023143,7.357e-05,,,4322,
117500,0.030999,7.349e-05,,,4323,
117550,0.030065,7.342e-05,,,4325,
117600,0.026230,7.334e-05,,,4327,
117650,0.027456,7.327e-05,,,4329,
117700,0.028632,7.319e-05,,,4331,
117750,0.021346,7.312e-05,,,4333,
117800,0.031343,7.304e-05,,,4334,
117850,0.027355,7.297e-05,,,4336,
117900,0.030532,7.289e-05,,,4338,
117950,0.027033,7.282e-05,,,4340,
118000,0.037894,7.274e-05,,,4342,
118000,,,21.501,31.734,4342,
118050,0.023697,7.267e-05,,,4344,
118100,0.027593,7.259e-05,,,4345,
118150,0.021485,7.252e-05,,,4347,
118200,0.031474,7.244e-05,,,4349,
118250,0.034334,7.237e-05,,,4351,
118300,0.034030,7.229e-05,,,4353,
118350,0.027180,7.222e-05,,,4355,
118400,0.023569,7.214e-05,,,4356,
118450,0.031014,7.207e-05,,,4358,
118500,0.036275,7.199e-05,,,4360,
118550,0.035908,7.192e-05,,,4362,
118600,0.025822,7.184e-05,,,4364,
118650,0.031167,7.177e-05,,,4366,
118700,0.022761,7.169e-05,,,4368,
118750,0.040007,7.162e-05,,,4369,
118800,0.030978,7.154e-05,,,4371,
118850,0.032220,7.147e-05,,,4373,
118900,0.029497,7.139e-05,,,4375,
118950,0.033281,7.132e-05,,,4377,
119000,0.035717,7.124e-05,,,4379,
119050,0.026436,7.117e-05,,,4381,
119100,0.026538,7.109e-05,,,4382,
119150,0.026857,7.102e-05,,,4384,
119200,0.026518,7.094e-05,,,4386,
119250,0.029913,7.087e-05,,,4388,
119300,0.024973,7.080e-05,,,4390,
119350,0.017531,7.072e-05,,,4392,
119400,0.032897,7.065e-05,,,4393,
119450,0.024978,7.057e-05,,,4395,
119500,0.029521,7.050e-05,,,4397,
119550,0.018173,7.042e-05,,,4399,
119600,0.030895,7.035e-05,,,4401,
119650,0.034074,7.027e-05,,,4403,
119700,0.029012,7.020e-05,,,4404,
119750,0.027023,7.012e-05,,,4406,
119800,0.032788,7.005e-05,,,4408,
119850,0.020011,6.998e-05,,,4410,
119900,0.037116,6.990e-05,,,4412,
119950,0.032677,6.983e-05,,,4414,
120000,0.031610,6.975e-05,,,4415,
120000,,,21.501,31.766,4415,
120050,0.034360,6.968e-05,,,4417,
120100,0.030995,6.960e-05,,,4419,
120150,0.037267,6.953e-05,,,4421,
120200,0.022685,6.946e-05,,,4423,
120250,0.025731,6.938e-05,,,4425,
120300,0.028421,6.931e-05,,,4427,
120350,0.025834,6.923e-05,,,4428,
120400,0.029021,6.916e-05,,,4430,
120450,0.028356,6.908e-05,,,4432,
120500,0.026860,6.901e-05,,,4434,
120550,0.034553,6.894e-05,,,4436,
120600,0.026502,6.886e-05,,,4438,
120650,0.031097,6.879e-05,,,4439,
120700,0.027791,6.871e-05,,,4441,
120750,0.043552,6.864e-05,,,4443,
120800,0.025820,6.857e-05,,,4445,
120850,0.037045,6.849e-05,,,4447,
120900,0.037933,6.842e-05,,,4449,
120950,0.035419,6.834e-05,,,4450,
121000,0.027367,6.827e-05,,,4452,
121050,0.020179,6.820e-05,,,4454,
121100,0.036859,6.812e-05,,,4456,
121150,0.024741,6.805e-05,,,4458,
121200,0.025643,6.797e-05,,,4460,
121250,0.033936,6.790e-05,,,4462,
121300,0.029084,6.783e-05,,,4463,
121350,0.022895,6.775e-05,,,4465,
121400,0.034508,6.768e-05,,,4467,
121450,0.023318,6.761e-05,,,4469,
121500,0.035260,6.753e-05,,,4471,
121550,0.030040,6.746e-05,,,4472,
121600,0.033957,6.738e-05,,,4474,
121650,0.029157,6.731e-05,,,4476,
121700,0.029018,6.724e-05,,,4478,
121750,0.026523,6.716e-05,,,4480,
121800,0.020986,6.709e-05,,,4482,
121850,0.037589,6.702e-05,,,4484,
121900,0.033738,6.694e-05,,,4485,
121950,0.035465,6.687e-05,,,4487,
122000,0.033125,6.680e-05,,,4489,
122000,,,21.501,31.654,4489,
122050,0.030822,6.672e-05,,,4491,
122100,0.023261,6.665e-05,,,4493,
122150,0.025205,6.658e-05,,,4495,
122200,0.028583,6.650e-05,,,4496,
122250,0.026333,6.643e-05,,,4498,
122300,0.027333,6.635e-05,,,4500,
122350,0.026353,6.628e-05,,,4502,
122400,0.041775,6.621e-05,,,4504,
122450,0.025428,6.613e-05,,,4506,
122500,0.025588,6.606e-05,,,4507,
122550,0.028335,6.599e-05,,,4509,
122600,0.020825,6.591e-05,,,4511,
122650,0.027347,6.584e-05,,,4513,
122700,0.029977,6.577e-05,,,4515,
122750,0.027661,6.570e-05,,,4517,
122800,0.027486,6.562e-05,,,4518,
122850,0.043972,6.555e-05,,,4520,
122900,0.039583,6.548e-05,,,4522,
122950,0.033641,6.540e-05,,,4524,
123000,0.031331,6.533e-05,,,4526,
123050,0.040102,6.526e-05,,,4527,
123100,0.038983,6.518e-05,,,4529,
123150,0.023127,6.511e-05,,,4531,
123200,0.047103,6.504e-05,,,4533,
123250,0.028100,6.496e-05,,,4535,
123300,0.035561,6.489e-05,,,4537,
123350,0.036939,6.482e-05,,,4539,
123400,0.027778,6.475e-05,,,4540,
123450,0.021621,6.467e-05,,,4542,
123500,0.024226,6.460e-05,,,4544,
123550,0.028616,6.453e-05,,,4546,
123600,0.019116,6.445e-05,,,4548,
123650,0.032657,6.438e-05,,,4550,
123700,0.035191,6.431e-05,,,4551,
123750,0.026238,6.424e-05,,,4553,
123800,0.029311,6.416e-05,,,4555,
123850,0.029117,6.409e-05,,,4557,
123900,0.033433,6.402e-05,,,4559,
123950,0.029328,6.394e-05,,,4561,
124000,0.033048,6.387e-05,,,4562,
124000,,,21.501,31.818,4562,
124050,0.028238,6.380e-05,,,4564,
124100,0.034545,6.373e-05,,,4566,
124150,0.040119,6.365e-05,,,4568,
124200,0.030882,6.358e-05,,,4570,
124250,0.036002,6.351e-05,,,4572,
124300,0.031809,6.344e-05,,,4573,
124350,0.029011,6.336e-05,,,4575,
124400,0.025151,6.329e-05,,,4577,
124450,0.026073,6.322e-05,,,4579,
124500,0.028816,6.315e-05,,,4581,
124550,0.030539,6.307e-05,,,4583,
124600,0.019389,6.300e-05,,,4584,
124650,0.025259,6.293e-05,,,4586,
124700,0.032771,6.286e-05,,,4588,
124750,0.027278,6.278e-05,,,4590,
124800,0.036049,6.271e-05,,,4592,
124850,0.033693,6.264e-05,,,4594,
124900,0.030882,6.257e-05,,,4596,
124950,0.032173,6.250e-05,,,4597,
125000,0.025398,6.242e-05,,,4599,
125050,0.029558,6.235e-05,,,4601,
125100,0.026766,6.228e-05,,,4603,
125150,0.034348,6.221e-05,,,4605,
125200,0.031342,6.213e-05,,,4606,
125250,0.026969,6.206e-05,,,4608,
125300,0.027989,6.199e-05,,,4610,
125350,0.026938,6.192e-05,,,4612,
125400,0.033220,6.185e-05,,,4614,
125450,0.030952,6.177e-05,,,4616,
125500,0.028102,6.170e-05,,,4617,
125550,0.028916,6.163e-05,,,4619,
125600,0.035453,6.156e-05,,,4621,
125650,0.035472,6.149e-05,,,4623,
125700,0.033613,6.141e-05,,,4625,
125750,0.032772,6.134e-05,,,4627,
125800,0.037076,6.127e-05,,,4628,
125850,0.031358,6.120e-05,,,4630,
125900,0.024451,6.113e-05,,,4632,
125950,0.032294,6.106e-05,,,4634,
126000,0.030721,6.098e-05,,,4636,
126000,,,21.501,31.702,4636,
126050,0.026927,6.091e-05,,,4638,
126100,0.027572,6.084e-05,,,4639,
126150,0.025354,6.077e-05,,,4641,
126200,0.029926,6.070e-05,,,4643,
126250,0.031780,6.063e-05,,,4645,
126300,0.035228,6.055e-05,,,4647,
126350,0.019605,6.048e-05,,,4649,
126400,0.022791,6.041e-05,,,4650,
126450,0.021151,6.034e-05,,,4652,
126500,0.031191,6.027e-05,,,4654,
126550,0.023080,6.020e-05,,,4656,
126600,0.028155,6.012e-05,,,4658,
126650,0.028426,6.005e-05,,,4660,
126700,0.022147,5.998e-05,,,4662,
126750,0.028664,5.991e-05,,,4663,
126800,0.027066,5.984e-05,,,4665,
126850,0.038096,5.977e-05,,,4667,
126900,0.020502,5.970e-05,,,4669,
126950,0.029715,5.963e-05,,,4671,
127000,0.021888,5.955e-05,,,4673,
127050,0.034832,5.948e-05,,,4675,
127100,0.034903,5.941e-05,,,4676,
127150,0.027753,5.934e-05,,,4678,
127200,0.026762,5.927e-05,,,4680,
127250,0.025665,5.920e-05,,,4682,
127300,0.026138,5.913e-05,,,4684,
127350,0.025804,5.906e-05,,,4686,
127400,0.024954,5.899e-05,,,4687,
127450,0.024380,5.891e-05,,,4689,
127500,0.034675,5.884e-05,,,4691,
127550,0.031913,5.877e-05,,,4693,
127600,0.040212,5.870e-05,,,4695,
127650,0.034132,5.863e-05,,,4697,
127700,0.031058,5.856e-05,,,4698,
127750,0.021332,5.849e-05,,,4700,
127800,0.034795,5.842e-05,,,4702,
127850,0.030462,5.835e-05,,,4704,
127900,0.027103,5.828e-05,,,4706,
127950,0.026637,5.821e-05,,,4708,
128000,0.037032,5.813e-05,,,4709,
128000,,,21.501,31.629,4709,
128050,0.039319,5.806e-05,,,4712,
128100,0.034619,5.799e-05,,,4713,
128150,0.032191,5.792e-05,,,4715,
128200,0.031495,5.785e-05,,,4717,
128250,0.029166,5.778e-05,,,4719,
128300,0.021882,5.771e-05,,,4721,
128350,0.022129,5.764e-05,,,4723,
128400,0.026853,5.757e-05,,,4724,
128450,0.033503,5.750e-05,,,4726,
128500,0.035227,5.743e-05,,,4728,
128550,0.030173,5.736e-05,,,4730,
128600,0.028109,5.729e-05,,,4732,
128650,0.018747,5.722e-05,,,4734,
128700,0.029867,5.715e-05,,,4735,
128750,0.024495,5.708e-05,,,4737,
128800,0.030764,5.701e-05,,,4739,
128850,0.024932,5.694e-05,,,4741,
128900,0.036841,5.687e-05,,,4743,
128950,0.024463,5.680e-05,,,4745,
129000,0.025427,5.673e-05,,,4746,
129050,0.029034,5.666e-05,,,4748,
129100,0.032820,5.659e-05,,,4750,
129150,0.030300,5.652e-05,,,4752,
129200,0.023322,5.645e-05,,,4754,
129250,0.035744,5.638e-05,,,4756,
129300,0.032155,5.631e-05,,,4757,
129350,0.041293,5.624e-05,,,4759,
129400,0.023568,5.617e-05,,,4761,
129450,0.028591,5.610e-05,,,4763,
129500,0.028239,5.603e-05,,,4765,
129550,0.022793,5.596e-05,,,4767,
129600,0.031135,5.589e-05,,,4768,
129650,0.023143,5.582e-05,,,4770,
129700,0.031832,5.575e-05,,,4772,
129750,0.029675,5.568e-05,,,4774,
129800,0.032081,5.561e-05,,,4776,
129850,0.028431,5.554e-05,,,4778,
129900,0.033596,5.547e-05,,,4780,
129950,0.029275,5.540e-05,,,4781,
130000,0.032845,5.533e-05,,,4783,
130000,,,21.501,31.713,4783,
130050,0.034817,5.526e-05,,,4785,
130100,0.025670,5.519e-05,,,4787,
130150,0.025059,5.512e-05,,,4789,
130200,0.035351,5.505e-05,,,4791,
130250,0.036667,5.498e-05,,,4792,
130300,0.031265,5.491e-05,,,4794,
130350,0.034286,5.484e-05,,,4796,
130400,0.033953,5.477e-05,,,4798,
130450,0.037128,5.470e-05,,,4800,
130500,0.034967,5.463e-05,,,4802,
130550,0.029927,5.456e-05,,,4803,
130600,0.028202,5.449e-05,,,4805,
130650,0.034465,5.443e-05,,,4807,
130700,0.033586,5.436e-05,,,4809,
130750,0.029231,5.429e-05,,,4811,
130800,0.036194,5.422e-05,,,4813,
130850,0.026534,5.415e-05,,,4814,
130900,0.021274,5.408e-05,,,4816,
130950,0.032432,5.401e-05,,,4818,
131000,0.019894,5.394e-05,,,4820,
131050,0.030920,5.387e-05,,,4822,
131100,0.043182,5.380e-05,,,4824,
131150,0.034260,5.373e-05,,,4825,
131200,0.036280,5.366e-05,,,4827,
131250,0.029132,5.360e-05,,,4829,
131300,0.024337,5.353e-05,,,4831,
131350,0.023525,5.346e-05,,,4833,
131400,0.028522,5.339e-05,,,4835,
131450,0.023587,5.332e-05,,,4837,
131500,0.036048,5.325e-05,,,4838,
131550,0.033255,5.318e-05,,,4840,
131600,0.030976,5.311e-05,,,4842,
131650,0.027129,5.305e-05,,,4844,
131700,0.030311,5.298e-05,,,4846,
131750,0.046889,5.291e-05,,,4848,
131800,0.028238,5.284e-05,,,4850,
131850,0.028363,5.277e-05,,,4851,
131900,0.038058,5.270e-05,,,4853,
131950,0.030669,5.263e-05,,,4855,
132000,0.026316,5.257e-05,,,4857,
132000,,,21.501,31.751,4857,
132050,0.021837,5.250e-05,,,4859,
132100,0.038799,5.243e-05,,,4861,
132150,0.032752,5.236e-05,,,4862,
132200,0.030458,5.229e-05,,,4864,
132250,0.034324,5.222e-05,,,4866,
132300,0.029386,5.216e-05,,,4868,
132350,0.033845,5.209e-05,,,4870,
132400,0.031353,5.202e-05,,,4872,
132450,0.027191,5.195e-05,,,4873,
132500,0.028456,5.188e-05,,,4875,
132550,0.027447,5.181e-05,,,4877,
132600,0.033979,5.175e-05,,,4879,
132650,0.031733,5.168e-05,,,4881,
132700,0.031222,5.161e-05,,,4883,
132750,0.029555,5.154e-05,,,4884,
132800,0.042427,5.147e-05,,,4886,
132850,0.025400,5.141e-05,,,4888,
132900,0.027283,5.134e-05,,,4890,
132950,0.036468,5.127e-05,,,4892,
133000,0.021943,5.120e-05,,,4894,
133050,0.027657,5.113e-05,,,4896,
133100,0.018896,5.107e-05,,,4897,
133150,0.029722,5.100e-05,,,4899,
133200,0.027940,5.093e-05,,,4901,
133250,0.029317,5.086e-05,,,4903,
133300,0.040301,5.080e-05,,,4905,
133350,0.026150,5.073e-05,,,4907,
133400,0.026013,5.066e-05,,,4908,
133450,0.035365,5.059e-05,,,4910,
133500,0.025953,5.052e-05,,,4912,
133550,0.029495,5.046e-05,,,4914,
133600,0.041432,5.039e-05,,,4916,
133650,0.033220,5.032e-05,,,4918,
133700,0.020715,5.025e-05,,,4919,
133750,0.026573,5.019e-05,,,4921,
133800,0.026275,5.012e-05,,,4923,
133850,0.025534,5.005e-05,,,4925,
133900,0.031030,4.998e-05,,,4927,
133950,0.033009,4.992e-05,,,4929,
134000,0.025489,4.985e-05,,,4931,
134000,,,21.501,31.790,4931,
134050,0.033366,4.978e-05,,,4932,
134100,0.027859,4.972e-05,,,4934,
134150,0.016926,4.965e-05,,,4936,
134200,0.041696,4.958e-05,,,4938,
134250,0.023442,4.951e-05,,,4940,
134300,0.030992,4.945e-05,,,4942,
134350,0.027713,4.938e-05,,,4943,
134400,0.035714,4.931e-05,,,4945,
134450,0.023490,4.925e-05,,,4947,
134500,0.032366,4.918e-05,,,4949,
134550,0.033059,4.911e-05,,,4951,
134600,0.021453,4.905e-05,,,4953,
134650,0.027037,4.898e-05,,,4955,
134700,0.026132,4.891e-05,,,4956,
134750,0.028178,4.884e-05,,,4958,
134800,0.028361,4.878e-05,,,4960,
134850,0.022934,4.871e-05,,,4962,
134900,0.032022,4.864e-05,,,4964,
134950,0.031862,4.858e-05,,,4966,
135000,0.032667,4.851e-05,,,4967,
135050,0.022937,4.844e-05,,,4969,
135100,0.025273,4.838e-05,,,4971,
135150,0.030511,4.831e-05,,,4973,
135200,0.026133,4.825e-05,,,4975,
135250,0.021920,4.818e-05,,,4977,
135300,0.032060,4.811e-05,,,4978,
135350,0.033231,4.805e-05,,,4980,
135400,0.033065,4.798e-05,,,4982,
135450,0.029436,4.791e-05,,,4984,
135500,0.025818,4.785e-05,,,4986,
135550,0.025579,4.778e-05,,,4988,
135600,0.023205,4.771e-05,,,4989,
135650,0.042960,4.765e-05,,,4991,
135700,0.031439,4.758e-05,,,4993,
135750,0.027491,4.752e-05,,,4995,
135800,0.034133,4.745e-05,,,4997,
135850,0.026013,4.738e-05,,,4999,
135900,0.020443,4.732e-05,,,5000,
135950,0.025406,4.725e-05,,,5002,
136000,0.040877,4.719e-05,,,5004,
136000,,,21.501,31.598,5004,
136050,0.017859,4.712e-05,,,5006,
136100,0.027425,4.705e-05,,,5008,
136150,0.034325,4.699e-05,,,5010,
136200,0.030682,4.692e-05,,,5012,
136250,0.032176,4.686e-05,,,5013,
136300,0.024706,4.679e-05,,,5015,
136350,0.037722,4.672e-05,,,5017,
136400,0.029000,4.666e-05,,,5019,
136450,0.030346,4.659e-05,,,5021,
136500,0.029110,4.653e-05,,,5023,
136550,0.035073,4.646e-05,,,5024,
136600,0.030527,4.640e-05,,,5026,
136650,0.033828,4.633e-05,,,5028,
136700,0.032151,4.626e-05,,,5030,
136750,0.038713,4.620e-05,,,5032,
136800,0.026606,4.613e-05,,,5034,
136850,0.038736,4.607e-05,,,5036,
136900,0.029186,4.600e-05,,,5037,
136950,0.024319,4.594e-05,,,5039,
137000,0.030785,4.587e-05,,,5041,
137050,0.029308,4.581e-05,,,5043,
137100,0.029766,4.574e-05,,,5045,
137150,0.028343,4.568e-05,,,5047,
137200,0.043904,4.561e-05,,,5048,
137250,0.027242,4.555e-05,,,5050,
137300,0.035255,4.548e-05,,,5052,
137350,0.031823,4.542e-05,,,5054,
137400,0.036041,4.535e-05,,,5056,
137450,0.030750,4.529e-05,,,5058,
137500,0.023004,4.522e-05,,,5059,
137550,0.031713,4.516e-05,,,5061,
137600,0.021476,4.509e-05,,,5063,
137650,0.035581,4.503e-05,,,5065,
137700,0.025810,4.496e-05,,,5067,
137750,0.032947,4.490e-05,,,5069,
137800,0.029056,4.483e-05,,,5070,
137850,0.027462,4.477e-05,,,5072,
137900,0.036324,4.470e-05,,,5074,
137950,0.032260,4.464e-05,,,5076,
138000,0.038133,4.457e-05,,,5078,
138000,,,21.501,31.715,5078,
138050,0.033733,4.451e-05,,,5080,
138100,0.034218,4.444e-05,,,5082,
138150,0.030182,4.438e-05,,,5083,
138200,0.028245,4.431e-05,,,5085,
138250,0.021154,4.425e-05,,,5087,
138300,0.027342,4.419e-05,,,5089,
138350,0.022885,4.412e-05,,,5091,
138400,0.030736,4.406e-05,,,5093,
138450,0.038593,4.399e-05,,,5094,
138500,0.032495,4.393e-05,,,5096,
138550,0.026810,4.386e-05,,,5098,
138600,0.022799,4.380e-05,,,5100,
138650,0.039974,4.374e-05,,,5102,
138700,0.026962,4.367e-05,,,5104,
138750,0.029650,4.361e-05,,,5105,
138800,0.037291,4.354e-05,,,5107,
138850,0.029964,4.348e-05,,,5109,
138900,0.029708,4.341e-05,,,5111,
138950,0.031227,4.335e-05,,,5113,
139000,0.034601,4.329e-05,,,5115,
139050,0.041707,4.322e-05,,,5116,
139100,0.037031,4.316e-05,,,5118,
139150,0.034775,4.310e-05,,,5120,
139200,0.027271,4.303e-05,,,5122,
139250,0.029036,4.297e-05,,,5124,
139300,0.031436,4.290e-05,,,5126,
139350,0.023929,4.284e-05,,,5128,
139400,0.025411,4.278e-05,,,5129,
139450,0.028935,4.271e-05,,,5131,
139500,0.032158,4.265e-05,,,5133,
139550,0.032036,4.259e-05,,,5135,
139600,0.026846,4.252e-05,,,5137,
139650,0.023761,4.246e-05,,,5139,
139700,0.032983,4.240e-05,,,5140,
139750,0.025365,4.233e-05,,,5142,
139800,0.014795,4.227e-05,,,5144,
139850,0.027902,4.221e-05,,,5146,
139900,0.037593,4.214e-05,,,5148,
139950,0.036140,4.208e-05,,,5150,
140000,0.027227,4.202e-05,,,5151,
140000,,,21.501,31.794,5152,
140050,0.036048,4.195e-05,,,5153,
140100,0.031186,4.189e-05,,,5155,
140150,0.027516,4.183e-05,,,5157,
140200,0.036422,4.176e-05,,,5159,
140250,0.020550,4.170e-05,,,5161,
140300,0.025644,4.164e-05,,,5163,
140350,0.035302,4.157e-05,,,5164,
140400,0.028966,4.151e-05,,,5166,
140450,0.029759,4.145e-05,,,5168,
140500,0.031988,4.138e-05,,,5170,
140550,0.021262,4.132e-05,,,5172,
140600,0.036107,4.126e-05,,,5173,
140650,0.024920,4.120e-05,,,5175,
140700,0.027302,4.113e-05,,,5177,
140750,0.030092,4.107e-05,,,5179,
140800,0.029048,4.101e-05,,,5181,
140850,0.035563,4.095e-05,,,5183,
140900,0.033565,4.088e-05,,,5185,
140950,0.029362,4.082e-05,,,5186,
141000,0.026291,4.076e-05,,,5188,
141050,0.035009,4.070e-05,,,5190,
141100,0.024398,4.063e-05,,,5192,
141150,0.026058,4.057e-05,,,5194,
141200,0.027164,4.051e-05,,,5196,
141250,0.028774,4.045e-05,,,5197,
141300,0.033286,4.038e-05,,,5199,
141350,0.030255,4.032e-05,,,5201,
141400,0.040237,4.026e-05,,,5203,
141450,0.029973,4.020e-05,,,5205,
141500,0.024447,4.014e-05,,,5207,
141550,0.029089,4.007e-05,,,5208,
141600,0.033422,4.001e-05,,,5210,
141650,0.027451,3.995e-05,,,5212,
141700,0.034242,3.989e-05,,,5214,
141750,0.023413,3.982e-05,,,5216,
141800,0.024009,3.976e-05,,,5218,
141850,0.027685,3.970e-05,,,5219,
141900,0.032246,3.964e-05,,,5221,
141950,0.027527,3.958e-05,,,5223,
142000,0.036185,3.952e-05,,,5225,
142000,,,21.501,31.790,5225,
142050,0.031993,3.945e-05,,,5227,
142100,0.033716,3.939e-05,,,5229,
142150,0.035780,3.933e-05,,,5230,
142200,0.023121,3.927e-05,,,5232,
142250,0.031817,3.921e-05,,,5234,
142300,0.026233,3.915e-05,,,5236,
142350,0.026107,3.908e-05,,,5238,
142400,0.027142,3.902e-05,,,5240,
142450,0.037512,3.896e-05,,,5242,
142500,0.030647,3.890e-05,,,5243,
142550,0.020499,3.884e-05,,,5245,
142600,0.028634,3.878e-05,,,5247,
142650,0.034408,3.872e-05,,,5249,
142700,0.030494,3.865e-05,,,5251,
142750,0.029481,3.859e-05,,,5253,
142800,0.029981,3.853e-05,,,5254,
142850,0.038649,3.847e-05,,,5256,
142900,0.024149,3.841e-05,,,5258,
142950,0.029588,3.835e-05,,,5260,
143000,0.032720,3.829e-05,,,5262,
143050,0.029934,3.823e-05,,,5263,
143100,0.031705,3.817e-05,,,5265,
143150,0.029436,3.811e-05,,,5267,
143200,0.022485,3.804e-05,,,5269,
143250,0.027746,3.798e-05,,,5271,
143300,0.027526,3.792e-05,,,5273,
143350,0.021746,3.786e-05,,,5274,
143400,0.026672,3.780e-05,,,5276,
143450,0.040852,3.774e-05,,,5278,
143500,0.031247,3.768e-05,,,5280,
143550,0.022213,3.762e-05,,,5282,
143600,0.032528,3.756e-05,,,5284,
143650,0.030366,3.750e-05,,,5285,
143700,0.033357,3.744e-05,,,5287,
143750,0.035007,3.738e-05,,,5289,
143800,0.023465,3.732e-05,,,5291,
143850,0.034823,3.726e-05,,,5293,
143900,0.040244,3.720e-05,,,5295,
143950,0.029780,3.714e-05,,,5296,
144000,0.037348,3.708e-05,,,5298,
144000,,,21.501,31.730,5298,
144050,0.035630,3.702e-05,,,5300,
144100,0.026065,3.696e-05,,,5302,
144150,0.024498,3.690e-05,,,5304,
144200,0.028971,3.684e-05,,,5306,
144250,0.027452,3.678e-05,,,5308,
144300,0.025400,3.672e-05,,,5309,
144350,0.031124,3.666e-05,,,5311,
144400,0.031797,3.660e-05,,,5313,
144450,0.032171,3.654e-05,,,5315,
144500,0.038024,3.648e-05,,,5317,
144550,0.025611,3.642e-05,,,5319,
144600,0.025445,3.636e-05,,,5320,
144650,0.033093,3.630e-05,,,5322,
144700,0.026735,3.624e-05,,,5324,
144750,0.023222,3.618e-05,,,5326,
144800,0.024300,3.612e-05,,,5328,
144850,0.026123,3.606e-05,,,5330,
144900,0.035502,3.600e-05,,,5332,
144950,0.023643,3.594e-05,,,5333,
145000,0.030415,3.588e-05,,,5335,
145050,0.030913,3.582e-05,,,5337,
145100,0.027361,3.576e-05,,,5339,
145150,0.028511,3.570e-05,,,5341,
145200,0.031239,3.564e-05,,,5343,
145250,0.025233,3.558e-05,,,5344,
145300,0.032280,3.552e-05,,,5346,
145350,0.032621,3.546e-05,,,5348,
145400,0.028873,3.541e-05,,,5350,
145450,0.029687,3.535e-05,,,5352,
145500,0.028348,3.529e-05,,,5354,
145550,0.030929,3.523e-05,,,5355,
145600,0.028128,3.517e-05,,,5357,
145650,0.028879,3.511e-05,,,5359,
145700,0.024532,3.505e-05,,,5361,
145750,0.030348,3.499e-05,,,5363,
145800,0.029927,3.493e-05,,,5365,
145850,0.025327,3.488e-05,,,5366,
145900,0.031849,3.482e-05,,,5368,
145950,0.027249,3.476e-05,,,5370,
146000,0.034986,3.470e-05,,,5372,
146000,,,21.501,31.812,5372,
146050,0.026360,3.464e-05,,,5374,
146100,0.030389,3.458e-05,,,5376,
146150,0.035333,3.452e-05,,,5378,
146200,0.029047,3.447e-05,,,5379,
146250,0.029038,3.441e-05,,,5381,
146300,0.029829,3.435e-05,,,5383,
146350,0.032414,3.429e-05,,,5385,
146400,0.024374,3.423e-05,,,5387,
146450,0.031902,3.417e-05,,,5389,
146500,0.030649,3.412e-05,,,5390,
146550,0.025389,3.406e-05,,,5392,
146600,0.039571,3.400e-05,,,5394,
146650,0.024262,3.394e-05,,,5396,
146700,0.031975,3.388e-05,,,5398,
146750,0.022812,3.382e-05,,,5400,
146800,0.029729,3.377e-05,,,5401,
146850,0.030382,3.371e-05,,,5403,
146900,0.031268,3.365e-05,,,5405,
146950,0.024836,3.359e-05,,,5407,
147000,0.028094,3.354e-05,,,5409,
147050,0.037117,3.348e-05,,,5411,
147100,0.026283,3.342e-05,,,5412,
147150,0.027554,3.336e-05,,,5414,
147200,0.026321,3.330e-05,,,5416,
147250,0.028842,3.325e-05,,,5418,
147300,0.030594,3.319e-05,,,5420,
147350,0.029552,3.313e-05,,,5422,
147400,0.026307,3.307e-05,,,5424,
147450,0.028977,3.302e-05,,,5425,
147500,0.028977,3.296e-05,,,5427,
147550,0.041927,3.290e-05,,,5429,
147600,0.029623,3.284e-05,,,5431,
147650,0.023548,3.279e-05,,,5433,
147700,0.029749,3.273e-05,,,5435,
147750,0.033757,3.267e-05,,,5436,
147800,0.032375,3.262e-05,,,5438,
147850,0.028023,3.256e-05,,,5440,
147900,0.038829,3.250e-05,,,5442,
147950,0.023507,3.244e-05,,,5444,
148000,0.023390,3.239e-05,,,5446,
148000,,,21.501,31.924,5446,
148050,0.036849,3.233e-05,,,5448,
148100,0.033160,3.227e-05,,,5449,
148150,0.030150,3.222e-05,,,5451,
148200,0.028256,3.216e-05,,,5453,
148250,0.025643,3.210e-05,,,5455,
148300,0.031570,3.205e-05,,,5457,
148350,0.042142,3.199e-05,,,5459,
148400,0.030856,3.193e-05,,,5460,
148450,0.025481,3.188e-05,,,5462,
148500,0.030210,3.182e-05,,,5464,
148550,0.022039,3.176e-05,,,5466,
148600,0.026427,3.171e-05,,,5468,
148650,0.040561,3.165e-05,,,5470,
148700,0.030983,3.159e-05,,,5471,
148750,0.033499,3.154e-05,,,5473,
148800,0.031298,3.148e-05,,,5475,
148850,0.035560,3.143e-05,,,5477,
148900,0.030162,3.137e-05,,,5479,
148950,0.026234,3.131e-05,,,5481,
149000,0.033879,3.126e-05,,,5483,
149050,0.034859,3.120e-05,,,5484,
149100,0.028658,3.114e-05,,,5486,
149150,0.037619,3.109e-05,,,5488,
149200,0.029659,3.103e-05,,,5490,
149250,0.031753,3.098e-05,,,5492,
149300,0.024191,3.092e-05,,,5494,
149350,0.031701,3.086e-05,,,5495,
149400,0.030138,3.081e-05,,,5497,
149450,0.024333,3.075e-05,,,5499,
149500,0.025337,3.070e-05,,,5501,
149550,0.030960,3.064e-05,,,5503,
149600,0.029180,3.059e-05,,,5505,
149650,0.028442,3.053e-05,,,5506,
149700,0.029953,3.048e-05,,,5508,
149750,0.041928,3.042e-05,,,5510,
149800,0.025495,3.036e-05,,,5512,
149850,0.034292,3.031e-05,,,5514,
149900,0.025351,3.025e-05,,,5516,
149950,0.021166,3.020e-05,,,5517,
150000,0.030011,3.014e-05,,,5519,
150000,,,21.501,31.769,5519,
150050,0.032629,3.009e-05,,,5521,
150100,0.025963,3.003e-05,,,5523,
150150,0.033960,2.998e-05,,,5525,
150200,0.022033,2.992e-05,,,5527,
150250,0.029342,2.987e-05,,,5528,
150300,0.026895,2.981e-05,,,5530,
150350,0.030924,2.976e-05,,,5532,
150400,0.024593,2.970e-05,,,5534,
150450,0.043952,2.965e-05,,,5536,
150500,0.027028,2.959e-05,,,5538,
150550,0.029724,2.954e-05,,,5540,
150600,0.035980,2.948e-05,,,5541,
150650,0.022818,2.943e-05,,,5543,
150700,0.035819,2.937e-05,,,5545,
150750,0.034506,2.932e-05,,,5547,
150800,0.028910,2.926e-05,,,5549,
150850,0.025486,2.921e-05,,,5551,
150900,0.036526,2.916e-05,,,5552,
150950,0.028394,2.910e-05,,,5554,
151000,0.025700,2.905e-05,,,5556,
151050,0.028590,2.899e-05,,,5558,
151100,0.024720,2.894e-05,,,5560,
151150,0.032556,2.888e-05,,,5561,
151200,0.037588,2.883e-05,,,5563,
151250,0.027760,2.878e-05,,,5565,
151300,0.029476,2.872e-05,,,5567,
151350,0.022423,2.867e-05,,,5569,
151400,0.028505,2.861e-05,,,5571,
151450,0.027817,2.856e-05,,,5572,
151500,0.018073,2.850e-05,,,5574,
151550,0.027435,2.845e-05,,,5576,
151600,0.027271,2.840e-05,,,5578,
151650,0.029305,2.834e-05,,,5580,
151700,0.026278,2.829e-05,,,5582,
151750,0.037307,2.824e-05,,,5583,
151800,0.024433,2.818e-05,,,5585,
151850,0.033238,2.813e-05,,,5587,
151900,0.018550,2.807e-05,,,5589,
151950,0.026466,2.802e-05,,,5591,
152000,0.025070,2.797e-05,,,5593,
152000,,,21.501,31.856,5593,
152050,0.032986,2.791e-05,,,5595,
152100,0.034175,2.786e-05,,,5596,
152150,0.021965,2.781e-05,,,5598,
152200,0.029037,2.775e-05,,,5600,
152250,0.028821,2.770e-05,,,5602,
152300,0.031365,2.765e-05,,,5604,
152350,0.027260,2.759e-05,,,5606,
152400,0.024973,2.754e-05,,,5607,
152450,0.028588,2.749e-05,,,5609,
152500,0.022119,2.743e-05,,,5611,
152550,0.028005,2.738e-05,,,5613,
152600,0.025489,2.733e-05,,,5615,
152650,0.028599,2.728e-05,,,5617,
152700,0.030526,2.722e-05,,,5619,
152750,0.029735,2.717e-05,,,5620,
152800,0.029944,2.712e-05,,,5622,
152850,0.032419,2.706e-05,,,5624,
152900,0.027915,2.701e-05,,,5626,
152950,0.034722,2.696e-05,,,5628,
153000,0.029904,2.691e-05,,,5629,
153050,0.035958,2.685e-05,,,5631,
153100,0.019024,2.680e-05,,,5633,
153150,0.029147,2.675e-05,,,5635,
153200,0.026291,2.670e-05,,,5637,
153250,0.025000,2.664e-05,,,5639,
153300,0.027414,2.659e-05,,,5640,
153350,0.023973,2.654e-05,,,5642,
153400,0.040084,2.649e-05,,,5644,
153450,0.031158,2.644e-05,,,5646,
153500,0.037902,2.638e-05,,,5648,
153550,0.032140,2.633e-05,,,5650,
153600,0.040858,2.628e-05,,,5652,
153650,0.031314,2.623e-05,,,5653,
153700,0.021817,2.617e-05,,,5655,
153750,0.032958,2.612e-05,,,5657,
153800,0.027181,2.607e-05,,,5659,
153850,0.028008,2.602e-05,,,5661,
153900,0.026315,2.597e-05,,,5663,
153950,0.028806,2.592e-05,,,5664,
154000,0.026929,2.586e-05,,,5666,
154000,,,21.501,31.892,5666,
154050,0.024346,2.581e-05,,,5668,
154100,0.026041,2.576e-05,,,5670,
154150,0.038568,2.571e-05,,,5672,
154200,0.019015,2.566e-05,,,5674,
154250,0.035101,2.561e-05,,,5676,
154300,0.032466,2.555e-05,,,5677,
154350,0.026750,2.550e-05,,,5679,
154400,0.035031,2.545e-05,,,5681,
154450,0.023491,2.540e-05,,,5683,
154500,0.028990,2.535e-05,,,5685,
154550,0.027397,2.530e-05,,,5687,
154600,0.021370,2.525e-05,,,5688,
154650,0.023290,2.520e-05,,,5690,
154700,0.034432,2.514e-05,,,5692,
154750,0.035544,2.509e-05,,,5694,
154800,0.028480,2.504e-05,,,5696,
154850,0.030723,2.499e-05,,,5698,
154900,0.029534,2.494e-05,,,5699,
154950,0.018672,2.489e-05,,,5701,
155000,0.031411,2.484e-05,,,5703,
155050,0.027675,2.479e-05,,,5705,
155100,0.028616,2.474e-05,,,5707,
155150,0.025723,2.469e-05,,,5709,
155200,0.040269,2.464e-05,,,5710,
155250,0.023846,2.459e-05,,,5712,
155300,0.032187,2.454e-05,,,5714,
155350,0.026790,2.449e-05,,,5716,
155400,0.033020,2.444e-05,,,5718,
155450,0.034742,2.438e-05,,,5720,
155500,0.027619,2.433e-05,,,5722,
155550,0.025993,2.428e-05,,,5723,
155600,0.025119,2.423e-05,,,5725,
155650,0.033111,2.418e-05,,,5727,
155700,0.029718,2.413e-05,,,5729,
155750,0.021642,2.408e-05,,,5731,
155800,0.039578,2.403e-05,,,5733,
155850,0.031660,2.398e-05,,,5734,
155900,0.028612,2.393e-05,,,5736,
155950,0.029858,2.388e-05,,,5738,
156000,0.028543,2.383e-05,,,5740,
156000,,,21.501,31.724,5740,
156050,0.024930,2.378e-05,,,5742,
156100,0.040144,2.373e-05,,,5744,
156150,0.020416,2.368e-05,,,5745,
156200,0.025188,2.364e-05,,,5747,
156250,0.032933,2.359e-05,,,5749,
156300,0.024870,2.354e-05,,,5751,
156350,0.026631,2.349e-05,,,5753,
156400,0.026111,2.344e-05,,,5755,
156450,0.036164,2.339e-05,,,5756,
156500,0.032515,2.334e-05,,,5758,
156550,0.027397,2.329e-05,,,5760,
156600,0.037046,2.324e-05,,,5762,
156650,0.029363,2.319e-05,,,5764,
156700,0.028137,2.314e-05,,,5766,
156750,0.025459,2.309e-05,,,5767,
156800,0.032695,2.304e-05,,,5769,
156850,0.024123,2.299e-05,,,5771,
156900,0.019553,2.294e-05,,,5773,
156950,0.038287,2.290e-05,,,5775,
157000,0.025227,2.285e-05,,,5777,
157050,0.028836,2.280e-05,,,5779,
157100,0.021966,2.275e-05,,,5781,
157150,0.025981,2.270e-05,,,5782,
157200,0.028151,2.265e-05,,,5784,
157250,0.034640,2.260e-05,,,5786,
157300,0.027158,2.255e-05,,,5788,
157350,0.028031,2.251e-05,,,5790,
157400,0.026208,2.246e-05,,,5792,
157450,0.034803,2.241e-05,,,5793,
157500,0.032884,2.236e-05,,,5795,
157550,0.027555,2.231e-05,,,5797,
157600,0.024103,2.226e-05,,,5799,
157650,0.030629,2.222e-05,,,5801,
157700,0.032366,2.217e-05,,,5803,
157750,0.031374,2.212e-05,,,5804,
157800,0.022907,2.207e-05,,,5806,
157850,0.035072,2.202e-05,,,5808,
157900,0.022381,2.198e-05,,,5810,
157950,0.021058,2.193e-05,,,5812,
158000,0.028056,2.188e-05,,,5814,
158000,,,21.501,31.879,5814,
158050,0.031193,2.183e-05,,,5815,
158100,0.033876,2.178e-05,,,5817,
158150,0.031100,2.174e-05,,,5819,
158200,0.034591,2.169e-05,,,5821,
158250,0.025395,2.164e-05,,,5823,
158300,0.035375,2.159e-05,,,5825,
158350,0.027871,2.155e-05,,,5826,
158400,0.025729,2.150e-05,,,5828,
158450,0.020770,2.145e-05,,,5830,
158500,0.021286,2.140e-05,,,5832,
158550,0.026618,2.136e-05,,,5834,
158600,0.036027,2.131e-05,,,5836,
158650,0.025733,2.126e-05,,,5838,
158700,0.027746,2.121e-05,,,5839,
158750,0.034685,2.117e-05,,,5841,
158800,0.032624,2.112e-05,,,5843,
158850,0.026270,2.107e-05,,,5845,
158900,0.024284,2.103e-05,,,5847,
158950,0.031686,2.098e-05,,,5849,
159000,0.026383,2.093e-05,,,5850,
159050,0.024640,2.088e-05,,,5852,
159100,0.032002,2.084e-05,,,5854,
159150,0.023097,2.079e-05,,,5856,
159200,0.032883,2.074e-05,,,5858,
159250,0.031827,2.070e-05,,,5860,
159300,0.024640,2.065e-05,,,5861,
159350,0.021586,2.060e-05,,,5863,
159400,0.030945,2.056e-05,,,5865,
159450,0.027894,2.051e-05,,,5867,
159500,0.037673,2.046e-05,,,5869,
159550,0.023914,2.042e-05,,,5871,
159600,0.032586,2.037e-05,,,5872,
159650,0.037465,2.033e-05,,,5874,
159700,0.034186,2.028e-05,,,5876,
159750,0.034458,2.023e-05,,,5878,
159800,0.024006,2.019e-05,,,5880,
159850,0.037115,2.014e-05,,,5882,
159900,0.020371,2.009e-05,,,5883,
159950,0.023222,2.005e-05,,,5885,
160000,0.026343,2.000e-05,,,5887,
160000,,,21.501,31.950,5887,
160050,0.036160,1.996e-05,,,5889,
160100,0.026511,1.991e-05,,,5891,
160150,0.028080,1.987e-05,,,5893,
160200,0.032888,1.982e-05,,,5895,
160250,0.031483,1.977e-05,,,5896,
160300,0.025019,1.973e-05,,,5898,
160350,0.028023,1.968e-05,,,5900,
160400,0.029484,1.964e-05,,,5902,
160450,0.027756,1.959e-05,,,5904,
160500,0.032295,1.955e-05,,,5906,
160550,0.031277,1.950e-05,,,5907,
160600,0.031706,1.946e-05,,,5909,
160650,0.028150,1.941e-05,,,5911,
160700,0.038160,1.936e-05,,,5913,
160750,0.043084,1.932e-05,,,5915,
160800,0.033484,1.927e-05,,,5917,
160850,0.029911,1.923e-05,,,5918,
160900,0.023377,1.918e-05,,,5920,
160950,0.023561,1.914e-05,,,5922,
161000,0.036190,1.909e-05,,,5924,
161050,0.038350,1.905e-05,,,5926,
161100,0.025279,1.900e-05,,,5928,
161150,0.032237,1.896e-05,,,5929,
161200,0.028847,1.891e-05,,,5931,
161250,0.028455,1.887e-05,,,5933,
161300,0.028071,1.883e-05,,,5935,
161350,0.026621,1.878e-05,,,5937,
161400,0.031140,1.874e-05,,,5939,
161450,0.034393,1.869e-05,,,5941,
161500,0.036868,1.865e-05,,,5942,
161550,0.034755,1.860e-05,,,5944,
161600,0.029217,1.856e-05,,,5946,
161650,0.029728,1.851e-05,,,5948,
161700,0.027287,1.847e-05,,,5950,
161750,0.027259,1.843e-05,,,5952,
161800,0.023750,1.838e-05,,,5954,
161850,0.021118,1.834e-05,,,5955,
161900,0.024140,1.829e-05,,,5957,
161950,0.030292,1.825e-05,,,5959,
162000,0.025446,1.821e-05,,,5961,
162000,,,21.501,31.898,5961,
162050,0.028355,1.816e-05,,,5963,
162100,0.031955,1.812e-05,,,5965,
162150,0.031575,1.807e-05,,,5966,
162200,0.034402,1.803e-05,,,5968,
162250,0.030172,1.799e-05,,,5970,
162300,0.024818,1.794e-05,,,5972,
162350,0.037476,1.790e-05,,,5974,
162400,0.028479,1.786e-05,,,5976,
162450,0.031883,1.781e-05,,,5977,
162500,0.028377,1.777e-05,,,5979,
162550,0.027913,1.773e-05,,,5981,
162600,0.021436,1.768e-05,,,5983,
162650,0.025271,1.764e-05,,,5985,
162700,0.032167,1.760e-05,,,5987,
162750,0.034959,1.755e-05,,,5988,
162800,0.032538,1.751e-05,,,5990,
162850,0.031813,1.747e-05,,,5992,
162900,0.021138,1.742e-05,,,5994,
162950,0.023923,1.738e-05,,,5996,
163000,0.032370,1.734e-05,,,5998,
163050,0.033183,1.729e-05,,,5999,
163100,0.028336,1.725e-05,,,6001,
163150,0.032913,1.721e-05,,,6003,
163200,0.028769,1.717e-05,,,6005,
163250,0.025441,1.712e-05,,,6007,
163300,0.024313,1.708e-05,,,6009,
163350,0.022877,1.704e-05,,,6011,
163400,0.032630,1.700e-05,,,6012,
163450,0.034737,1.695e-05,,,6014,
163500,0.030479,1.691e-05,,,6016,
163550,0.034948,1.687e-05,,,6018,
163600,0.026865,1.683e-05,,,6020,
163650,0.027914,1.678e-05,,,6022,
163700,0.024252,1.674e-05,,,6024,
163750,0.035556,1.670e-05,,,6025,
163800,0.025381,1.666e-05,,,6027,
163850,0.028639,1.662e-05,,,6029,
163900,0.040540,1.657e-05,,,6031,
163950,0.029019,1.653e-05,,,6033,
164000,0.029535,1.649e-05,,,6034,
164000,,,21.501,31.957,6034,
164050,0.030975,1.645e-05,,,6036,
164100,0.026022,1.641e-05,,,6038,
164150,0.028386,1.636e-05,,,6040,
164200,0.026016,1.632e-05,,,6042,
164250,0.021906,1.628e-05,,,6044,
164300,0.032654,1.624e-05,,,6045,
164350,0.028069,1.620e-05,,,6047,
164400,0.036138,1.616e-05,,,6049,
164450,0.033593,1.611e-05,,,6051,
164500,0.030088,1.607e-05,,,6053,
164550,0.025795,1.603e-05,,,6055,
164600,0.023790,1.599e-05,,,6057,
164650,0.030204,1.595e-05,,,6058,
164700,0.025532,1.591e-05,,,6060,
164750,0.025215,1.587e-05,,,6062,
164800,0.028761,1.583e-05,,,6064,
164850,0.024354,1.579e-05,,,6066,
164900,0.026188,1.574e-05,,,6068,
164950,0.037061,1.570e-05,,,6070,
165000,0.036857,1.566e-05,,,6071,
165050,0.023824,1.562e-05,,,6073,
165100,0.028911,1.558e-05,,,6075,
165150,0.032532,1.554e-05,,,6077,
165200,0.030016,1.550e-05,,,6079,
165250,0.034242,1.546e-05,,,6081,
165300,0.033914,1.542e-05,,,6082,
165350,0.029488,1.538e-05,,,6084,
165400,0.029860,1.534e-05,,,6086,
165450,0.021301,1.530e-05,,,6088,
165500,0.028319,1.526e-05,,,6090,
165550,0.030801,1.522e-05,,,6092,
165600,0.026148,1.518e-05,,,6093,
165650,0.032307,1.514e-05,,,6095,
165700,0.028762,1.510e-05,,,6097,
165750,0.031596,1.506e-05,,,6099,
165800,0.033671,1.502e-05,,,6101,
165850,0.023125,1.498e-05,,,6103,
165900,0.029936,1.494e-05,,,6104,
165950,0.039352,1.490e-05,,,6106,
166000,0.024952,1.486e-05,,,6108,
166000,,,21.501,31.904,6108,
166050,0.025890,1.482e-05,,,6110,
166100,0.025814,1.478e-05,,,6112,
166150,0.031708,1.474e-05,,,6114,
166200,0.026038,1.470e-05,,,6116,
166250,0.025816,1.466e-05,,,6117,
166300,0.023360,1.462e-05,,,6119,
166350,0.028424,1.458e-05,,,6121,
166400,0.025686,1.454e-05,,,6123,
166450,0.029716,1.450e-05,,,6125,
166500,0.024401,1.446e-05,,,6127,
166550,0.034015,1.442e-05,,,6129,
166600,0.025155,1.438e-05,,,6130,
166650,0.026243,1.434e-05,,,6132,
166700,0.027280,1.430e-05,,,6134,
166750,0.028055,1.427e-05,,,6136,
166800,0.034798,1.423e-05,,,6138,
166850,0.026536,1.419e-05,,,6140,
166900,0.034595,1.415e-05,,,6141,
166950,0.029616,1.411e-05,,,6143,
167000,0.031356,1.407e-05,,,6145,
167050,0.030925,1.403e-05,,,6147,
167100,0.026265,1.399e-05,,,6149,
167150,0.031731,1.396e-05,,,6151,
167200,0.037565,1.392e-05,,,6152,
167250,0.023612,1.388e-05,,,6154,
167300,0.033020,1.384e-05,,,6156,
167350,0.031132,1.380e-05,,,6158,
167400,0.033112,1.376e-05,,,6160,
167450,0.036575,1.372e-05,,,6162,
167500,0.035065,1.369e-05,,,6163,
167550,0.023746,1.365e-05,,,6165,
167600,0.023017,1.361e-05,,,6167,
167650,0.040349,1.357e-05,,,6169,
167700,0.025014,1.353e-05,,,6171,
167750,0.029860,1.350e-05,,,6173,
167800,0.037924,1.346e-05,,,6174,
167850,0.027604,1.342e-05,,,6176,
167900,0.030594,1.338e-05,,,6178,
167950,0.020681,1.335e-05,,,6180,
168000,0.023397,1.331e-05,,,6182,
168000,,,21.501,31.935,6182,
168050,0.028430,1.327e-05,,,6184,
168100,0.034762,1.323e-05,,,6186,
168150,0.028553,1.319e-05,,,6187,
168200,0.028932,1.316e-05,,,6189,
168250,0.025841,1.312e-05,,,6191,
168300,0.030852,1.308e-05,,,6193,
168350,0.028822,1.305e-05,,,6195,
168400,0.030963,1.301e-05,,,6197,
168450,0.028070,1.297e-05,,,6198,
168500,0.028299,1.293e-05,,,6200,
168550,0.024756,1.290e-05,,,6202,
168600,0.026291,1.286e-05,,,6204,
168650,0.027437,1.282e-05,,,6206,
168700,0.029935,1.279e-05,,,6208,
168750,0.023756,1.275e-05,,,6209,
168800,0.030655,1.271e-05,,,6211,
168850,0.026673,1.268e-05,,,6213,
168900,0.039277,1.264e-05,,,6215,
168950,0.021211,1.260e-05,,,6217,
169000,0.023588,1.257e-05,,,6219,
169050,0.034676,1.253e-05,,,6220,
169100,0.034951,1.249e-05,,,6222,
169150,0.032502,1.246e-05,,,6224,
169200,0.024443,1.242e-05,,,6226,
169250,0.029632,1.238e-05,,,6228,
169300,0.028900,1.235e-05,,,6230,
169350,0.032446,1.231e-05,,,6231,
169400,0.020459,1.227e-05,,,6233,
169450,0.031243,1.224e-05,,,6235,
169500,0.025275,1.220e-05,,,6237,
169550,0.034683,1.217e-05,,,6239,
169600,0.034783,1.213e-05,,,6241,
169650,0.033840,1.209e-05,,,6243,
169700,0.029942,1.206e-05,,,6244,
169750,0.028487,1.202e-05,,,6246,
169800,0.018977,1.199e-05,,,6248,
169850,0.034903,1.195e-05,,,6250,
169900,0.022980,1.192e-05,,,6252,
169950,0.022165,1.188e-05,,,6254,
170000,0.031851,1.184e-05,,,6255,
170000,,,21.501,31.867,6255,
170050,0.035786,1.181e-05,,,6257,
170100,0.029677,1.177e-05,,,6259,
170150,0.033251,1.174e-05,,,6261,
170200,0.037466,1.170e-05,,,6263,
170250,0.032422,1.167e-05,,,6265,
170300,0.032938,1.163e-05,,,6266,
170350,0.029664,1.160e-05,,,6268,
170400,0.033070,1.156e-05,,,6270,
170450,0.028303,1.153e-05,,,6272,
170500,0.029451,1.149e-05,,,6274,
170550,0.029449,1.146e-05,,,6276,
170600,0.024761,1.142e-05,,,6277,
170650,0.028915,1.139e-05,,,6279,
170700,0.028565,1.135e-05,,,6281,
170750,0.035800,1.132e-05,,,6283,
170800,0.034648,1.128e-05,,,6285,
170850,0.025464,1.125e-05,,,6287,
170900,0.028042,1.122e-05,,,6288,
170950,0.022673,1.118e-05,,,6290,
171000,0.013661,1.115e-05,,,6292,
171050,0.021681,1.111e-05,,,6294,
171100,0.027165,1.108e-05,,,6296,
171150,0.029834,1.104e-05,,,6298,
171200,0.022134,1.101e-05,,,6299,
171250,0.029167,1.098e-05,,,6302,
171300,0.034214,1.094e-05,,,6303,
171350,0.025138,1.091e-05,,,6305,
171400,0.023064,1.087e-05,,,6307,
171450,0.024500,1.084e-05,,,6309,
171500,0.047699,1.081e-05,,,6311,
171550,0.030233,1.077e-05,,,6313,
171600,0.026008,1.074e-05,,,6314,
171650,0.028899,1.070e-05,,,6316,
171700,0.035173,1.067e-05,,,6318,
171750,0.032781,1.064e-05,,,6320,
171800,0.026374,1.060e-05,,,6322,
171850,0.027182,1.057e-05,,,6324,
171900,0.032093,1.054e-05,,,6325,
171950,0.026811,1.050e-05,,,6327,
172000,0.032924,1.047e-05,,,6329,
172000,,,21.501,31.926,6329,
172050,0.028620,1.044e-05,,,6331,
172100,0.038559,1.040e-05,,,6333,
172150,0.028071,1.037e-05,,,6335,
172200,0.021949,1.034e-05,,,6336,
172250,0.037736,1.030e-05,,,6338,
172300,0.027298,1.027e-05,,,6340,
172350,0.029816,1.024e-05,,,6342,
172400,0.023849,1.021e-05,,,6344,
172450,0.024670,1.017e-05,,,6346,
172500,0.031829,1.014e-05,,,6347,
172550,0.039800,1.011e-05,,,6349,
172600,0.025430,1.007e-05,,,6351,
172650,0.025009,1.004e-05,,,6353,
172700,0.025528,1.001e-05,,,6355,
172750,0.027773,9.977e-06,,,6357,
172800,0.025481,9.944e-06,,,6358,
172850,0.030309,9.912e-06,,,6360,
172900,0.027220,9.880e-06,,,6362,
172950,0.026486,9.848e-06,,,6364,
173000,0.025382,9.815e-06,,,6366,
173050,0.031238,9.783e-06,,,6368,
173100,0.022711,9.751e-06,,,6370,
173150,0.020860,9.719e-06,,,6372,
173200,0.027047,9.687e-06,,,6373,
173250,0.031604,9.655e-06,,,6375,
173300,0.021105,9.623e-06,,,6377,
173350,0.027058,9.592e-06,,,6379,
173400,0.043593,9.560e-06,,,6381,
173450,0.021482,9.528e-06,,,6383,
173500,0.040166,9.497e-06,,,6384,
173550,0.029790,9.465e-06,,,6386,
173600,0.028842,9.434e-06,,,6388,
173650,0.033155,9.402e-06,,,6390,
173700,0.027093,9.371e-06,,,6392,
173750,0.030044,9.339e-06,,,6394,
173800,0.022709,9.308e-06,,,6396,
173850,0.036070,9.277e-06,,,6397,
173900,0.033815,9.246e-06,,,6399,
173950,0.033619,9.214e-06,,,6401,
174000,0.022588,9.183e-06,,,6403,
174000,,,21.501,31.971,6403,
174050,0.028316,9.152e-06,,,6405,
174100,0.031058,9.121e-06,,,6407,
174150,0.027710,9.091e-06,,,6409,
174200,0.033951,9.060e-06,,,6410,
174250,0.035451,9.029e-06,,,6412,
174300,0.027318,8.998e-06,,,6414,
174350,0.028648,8.968e-06,,,6416,
174400,0.025161,8.937e-06,,,6418,
174450,0.025312,8.906e-06,,,6420,
174500,0.033044,8.876e-06,,,6422,
174550,0.028055,8.845e-06,,,6423,
174600,0.045549,8.815e-06,,,6425,
174650,0.024564,8.785e-06,,,6427,
174700,0.019150,8.754e-06,,,6429,
174750,0.016441,8.724e-06,,,6431,
174800,0.026624,8.694e-06,,,6433,
174850,0.031905,8.664e-06,,,6434,
174900,0.034633,8.634e-06,,,6436,
174950,0.028643,8.604e-06,,,6438,
175000,0.026542,8.574e-06,,,6440,
175050,0.025741,8.544e-06,,,6442,
175100,0.028855,8.514e-06,,,6444,
175150,0.025723,8.485e-06,,,6446,
175200,0.026305,8.455e-06,,,6447,
175250,0.022216,8.425e-06,,,6449,
175300,0.026281,8.396e-06,,,6451,
175350,0.029168,8.366e-06,,,6453,
175400,0.032415,8.337e-06,,,6455,
175450,0.024715,8.307e-06,,,6457,
175500,0.024410,8.278e-06,,,6458,
175550,0.039237,8.248e-06,,,6460,
175600,0.020325,8.219e-06,,,6462,
175650,0.029928,8.190e-06,,,6464,
175700,0.037830,8.161e-06,,,6466,
175750,0.030081,8.132e-06,,,6468,
175800,0.030403,8.103e-06,,,6469,
175850,0.029589,8.074e-06,,,6471,
175900,0.026681,8.045e-06,,,6473,
175950,0.029828,8.016e-06,,,6475,
176000,0.016906,7.987e-06,,,6477,
176000,,,21.501,31.902,6477,
176050,0.029933,7.959e-06,,,6479,
176100,0.029726,7.930e-06,,,6481,
176150,0.025941,7.901e-06,,,6483,
176200,0.038865,7.873e-06,,,6484,
176250,0.023564,7.844e-06,,,6486,
176300,0.018223,7.816e-06,,,6488,
176350,0.029042,7.787e-06,,,6490,
176400,0.030585,7.759e-06,,,6492,
176450,0.033826,7.731e-06,,,6494,
176500,0.017803,7.702e-06,,,6496,
176550,0.027445,7.674e-06,,,6497,
176600,0.030329,7.646e-06,,,6499,
176650,0.028317,7.618e-06,,,6501,
176700,0.027441,7.590e-06,,,6503,
176750,0.024019,7.562e-06,,,6505,
176800,0.032054,7.534e-06,,,6507,
176850,0.023323,7.506e-06,,,6508,
176900,0.026962,7.479e-06,,,6510,
176950,0.028644,7.451e-06,,,6512,
177000,0.028117,7.423e-06,,,6514,
177050,0.022453,7.396e-06,,,6516,
177100,0.031885,7.368e-06,,,6518,
177150,0.031643,7.341e-06,,,6519,
177200,0.025884,7.313e-06,,,6521,
177250,0.027572,7.286e-06,,,6523,
177300,0.024223,7.259e-06,,,6525,
177350,0.034247,7.231e-06,,,6527,
177400,0.032795,7.204e-06,,,6529,
177450,0.032519,7.177e-06,,,6530,
177500,0.030331,7.150e-06,,,6532,
177550,0.028676,7.123e-06,,,6534,
177600,0.029895,7.096e-06,,,6536,
177650,0.039926,7.069e-06,,,6538,
177700,0.023292,7.042e-06,,,6540,
177750,0.024884,7.015e-06,,,6542,
177800,0.027032,6.989e-06,,,6543,
177850,0.025171,6.962e-06,,,6545,
177900,0.037411,6.935e-06,,,6547,
177950,0.025842,6.909e-06,,,6549,
178000,0.031960,6.882e-06,,,6551,
178000,,,21.501,31.929,6551,
178050,0.034284,6.856e-06,,,6553,
178100,0.025667,6.830e-06,,,6554,
178150,0.034762,6.803e-06,,,6556,
178200,0.029551,6.777e-06,,,6558,
178250,0.025770,6.751e-06,,,6560,
178300,0.034053,6.725e-06,,,6562,
178350,0.036952,6.698e-06,,,6564,
178400,0.032218,6.672e-06,,,6565,
178450,0.025550,6.646e-06,,,6567,
178500,0.032593,6.621e-06,,,6569,
178550,0.025506,6.595e-06,,,6571,
178600,0.028455,6.569e-06,,,6573,
178650,0.020185,6.543e-06,,,6575,
178700,0.032447,6.517e-06,,,6576,
178750,0.028677,6.492e-06,,,6578,
178800,0.030499,6.466e-06,,,6580,
178850,0.034918,6.441e-06,,,6582,
178900,0.035495,6.415e-06,,,6584,
178950,0.018535,6.390e-06,,,6586,
179000,0.025144,6.365e-06,,,6587,
179050,0.037416,6.339e-06,,,6589,
179100,0.025242,6.314e-06,,,6591,
179150,0.020317,6.289e-06,,,6593,
179200,0.027420,6.264e-06,,,6595,
179250,0.033736,6.239e-06,,,6597,
179300,0.030873,6.214e-06,,,6599,
179350,0.027563,6.189e-06,,,6600,
179400,0.026803,6.164e-06,,,6602,
179450,0.020432,6.139e-06,,,6604,
179500,0.024964,6.114e-06,,,6606,
179550,0.032149,6.090e-06,,,6608,
179600,0.027236,6.065e-06,,,6609,
179650,0.043659,6.040e-06,,,6611,
179700,0.022288,6.016e-06,,,6613,
179750,0.023509,5.991e-06,,,6615,
179800,0.027459,5.967e-06,,,6617,
179850,0.032299,5.943e-06,,,6619,
179900,0.021764,5.918e-06,,,6621,
179950,0.024961,5.894e-06,,,6622,
180000,0.028164,5.870e-06,,,6624,
180000,,,21.501,31.988,6624,
180050,0.032768,5.846e-06,,,6626,
180100,0.037209,5.822e-06,,,6628,
180150,0.029585,5.798e-06,,,6630,
180200,0.031911,5.774e-06,,,6632,
180250,0.035322,5.750e-06,,,6633,
180300,0.026339,5.726e-06,,,6635,
180350,0.030247,5.702e-06,,,6637,
180400,0.025061,5.679e-06,,,6639,
180450,0.034334,5.655e-06,,,6641,
180500,0.025037,5.631e-06,,,6643,
180550,0.024184,5.608e-06,,,6644,
180600,0.024539,5.584e-06,,,6646,
180650,0.027846,5.561e-06,,,6648,
180700,0.038318,5.538e-06,,,6650,
180750,0.019876,5.514e-06,,,6652,
180800,0.027659,5.491e-06,,,6654,
180850,0.025017,5.468e-06,,,6656,
180900,0.032192,5.445e-06,,,6657,
180950,0.031436,5.422e-06,,,6659,
181000,0.025385,5.399e-06,,,6661,
181050,0.032134,5.376e-06,,,6663,
181100,0.025180,5.353e-06,,,6665,
181150,0.025062,5.330e-06,,,6667,
181200,0.035466,5.307e-06,,,6668,
181250,0.029126,5.284e-06,,,6670,
181300,0.028861,5.262e-06,,,6672,
181350,0.038931,5.239e-06,,,6674,
181400,0.030124,5.217e-06,,,6676,
181450,0.025148,5.194e-06,,,6678,
181500,0.033327,5.172e-06,,,6679,
181550,0.024755,5.149e-06,,,6681,
181600,0.023719,5.127e-06,,,6683,
181650,0.031622,5.105e-06,,,6685,
181700,0.021429,5.083e-06,,,6687,
181750,0.015040,5.061e-06,,,6689,
181800,0.025859,5.038e-06,,,6690,
181850,0.033815,5.016e-06,,,6692,
181900,0.038418,4.995e-06,,,6694,
181950,0.023132,4.973e-06,,,6696,
182000,0.023231,4.951e-06,,,6698,
182000,,,21.501,31.956,6698,
182050,0.030506,4.929e-06,,,6700,
182100,0.037130,4.907e-06,,,6701,
182150,0.020733,4.886e-06,,,6703,
182200,0.030257,4.864e-06,,,6705,
182250,0.026076,4.843e-06,,,6707,
182300,0.031393,4.821e-06,,,6709,
182350,0.021397,4.800e-06,,,6711,
182400,0.023906,4.778e-06,,,6712,
182450,0.030871,4.757e-06,,,6714,
182500,0.019521,4.736e-06,,,6716,
182550,0.035278,4.715e-06,,,6718,
182600,0.027332,4.693e-06,,,6720,
182650,0.029177,4.672e-06,,,6722,
182700,0.037367,4.651e-06,,,6724,
182750,0.034181,4.630e-06,,,6725,
182800,0.026525,4.609e-06,,,6727,
182850,0.015791,4.589e-06,,,6729,
182900,0.030543,4.568e-06,,,6731,
182950,0.033150,4.547e-06,,,6733,
183000,0.029593,4.527e-06,,,6735,
183050,0.026647,4.506e-06,,,6736,
183100,0.030823,4.485e-06,,,6738,
183150,0.029306,4.465e-06,,,6740,
183200,0.029290,4.445e-06,,,6742,
183250,0.034118,4.424e-06,,,6744,
183300,0.027087,4.404e-06,,,6746,
183350,0.032294,4.384e-06,,,6747,
183400,0.029584,4.363e-06,,,6749,
183450,0.028783,4.343e-06,,,6751,
183500,0.025727,4.323e-06,,,6753,
183550,0.022284,4.303e-06,,,6755,
183600,0.026015,4.283e-06,,,6757,
183650,0.020377,4.263e-06,,,6758,
183700,0.026597,4.244e-06,,,6760,
183750,0.019315,4.224e-06,,,6762,
183800,0.034066,4.204e-06,,,6764,
183850,0.025440,4.185e-06,,,6766,
183900,0.024448,4.165e-06,,,6768,
183950,0.029635,4.145e-06,,,6769,
184000,0.036593,4.126e-06,,,6771,
184000,,,21.501,31.940,6771,
184050,0.032129,4.107e-06,,,6773,
184100,0.023526,4.087e-06,,,6775,
184150,0.033820,4.068e-06,,,6777,
184200,0.022085,4.049e-06,,,6779,
184250,0.024031,4.030e-06,,,6781,
184300,0.026263,4.010e-06,,,6782,
184350,0.035628,3.991e-06,,,6784,
184400,0.033199,3.972e-06,,,6786,
184450,0.025931,3.953e-06,,,6788,
184500,0.020552,3.935e-06,,,6790,
184550,0.032686,3.916e-06,,,6792,
184600,0.032079,3.897e-06,,,6793,
184650,0.032582,3.878e-06,,,6795,
184700,0.029601,3.860e-06,,,6797,
184750,0.025549,3.841e-06,,,6799,
184800,0.026870,3.823e-06,,,6801,
184850,0.035336,3.804e-06,,,6803,
184900,0.037821,3.786e-06,,,6804,
184950,0.021205,3.767e-06,,,6806,
185000,0.022978,3.749e-06,,,6808,
185050,0.025435,3.731e-06,,,6810,
185100,0.031646,3.713e-06,,,6812,
185150,0.028695,3.695e-06,,,6814,
185200,0.027566,3.677e-06,,,6815,
185250,0.027939,3.659e-06,,,6817,
185300,0.024773,3.641e-06,,,6819,
185350,0.041553,3.623e-06,,,6821,
185400,0.034119,3.605e-06,,,6823,
185450,0.025888,3.587e-06,,,6825,
185500,0.030736,3.570e-06,,,6827,
185550,0.024596,3.552e-06,,,6828,
185600,0.029932,3.535e-06,,,6830,
185650,0.031546,3.517e-06,,,6832,
185700,0.029376,3.500e-06,,,6834,
185750,0.036211,3.482e-06,,,6836,
185800,0.032495,3.465e-06,,,6838,
185850,0.027766,3.448e-06,,,6840,
185900,0.030582,3.430e-06,,,6841,
185950,0.039617,3.413e-06,,,6843,
186000,0.032973,3.396e-06,,,6845,
186000,,,21.501,31.974,6845,
186050,0.031107,3.379e-06,,,6847,
186100,0.035302,3.362e-06,,,6849,
186150,0.036419,3.345e-06,,,6851,
186200,0.031629,3.329e-06,,,6852,
186250,0.035822,3.312e-06,,,6854,
186300,0.023546,3.295e-06,,,6856,
186350,0.025916,3.278e-06,,,6858,
186400,0.027967,3.262e-06,,,6860,
186450,0.032532,3.245e-06,,,6862,
186500,0.023346,3.229e-06,,,6863,
186550,0.040123,3.212e-06,,,6865,
186600,0.023950,3.196e-06,,,6867,
186650,0.032808,3.180e-06,,,6869,
186700,0.035643,3.163e-06,,,6871,
186750,0.026109,3.147e-06,,,6873,
186800,0.028930,3.131e-06,,,6874,
186850,0.032659,3.115e-06,,,6876,
186900,0.022108,3.099e-06,,,6878,
186950,0.041256,3.083e-06,,,6880,
187000,0.034419,3.067e-06,,,6882,
187050,0.033107,3.052e-06,,,6884,
187100,0.027261,3.036e-06,,,6885,
187150,0.025492,3.020e-06,,,6887,
187200,0.036640,3.004e-06,,,6889,
187250,0.025876,2.989e-06,,,6891,
187300,0.029755,2.973e-06,,,6893,
187350,0.025370,2.958e-06,,,6895,
187400,0.027987,2.942e-06,,,6897,
187450,0.025894,2.927e-06,,,6898,
187500,0.025377,2.912e-06,,,6900,
187550,0.022409,2.897e-06,,,6902,
187600,0.027661,2.881e-06,,,6904,
187650,0.031321,2.866e-06,,,6906,
187700,0.030305,2.851e-06,,,6908,
187750,0.031418,2.836e-06,,,6909,
187800,0.027012,2.821e-06,,,6911,
187850,0.036903,2.807e-06,,,6913,
187900,0.022976,2.792e-06,,,6915,
187950,0.027231,2.777e-06,,,6917,
188000,0.033363,2.762e-06,,,6919,
188000,,,21.501,31.964,6919,
188050,0.032458,2.748e-06,,,6920,
188100,0.035735,2.733e-06,,,6922,
188150,0.027458,2.719e-06,,,6924,
188200,0.029063,2.704e-06,,,6926,
188250,0.027132,2.690e-06,,,6928,
188300,0.032143,2.676e-06,,,6930,
188350,0.018559,2.661e-06,,,6931,
188400,0.036396,2.647e-06,,,6933,
188450,0.033349,2.633e-06,,,6935,
188500,0.035282,2.619e-06,,,6937,
188550,0.029348,2.605e-06,,,6939,
188600,0.021555,2.591e-06,,,6941,
188650,0.034370,2.577e-06,,,6942,
188700,0.031475,2.563e-06,,,6944,
188750,0.025920,2.550e-06,,,6946,
188800,0.029014,2.536e-06,,,6948,
188850,0.037533,2.522e-06,,,6950,
188900,0.030580,2.509e-06,,,6952,
188950,0.027371,2.495e-06,,,6954,
189000,0.029452,2.482e-06,,,6955,
189050,0.038913,2.468e-06,,,6957,
189100,0.023249,2.455e-06,,,6959,
189150,0.033131,2.442e-06,,,6961,
189200,0.025001,2.428e-06,,,6963,
189250,0.024344,2.415e-06,,,6965,
189300,0.033452,2.402e-06,,,6966,
189350,0.026553,2.389e-06,,,6968,
189400,0.034825,2.376e-06,,,6970,
189450,0.027885,2.363e-06,,,6972,
189500,0.032274,2.350e-06,,,6974,
189550,0.029703,2.337e-06,,,6976,
189600,0.027242,2.325e-06,,,6977,
189650,0.040331,2.312e-06,,,6979,
189700,0.028474,2.299e-06,,,6981,
189750,0.027432,2.287e-06,,,6983,
189800,0.029806,2.274e-06,,,6985,
189850,0.029550,2.262e-06,,,6987,
189900,0.023283,2.250e-06,,,6988,
189950,0.030438,2.237e-06,,,6990,
190000,0.027690,2.225e-06,,,6992,
190000,,,21.501,31.997,6992,
190050,0.022465,2.213e-06,,,6994,
190100,0.038255,2.201e-06,,,6996,
190150,0.029062,2.189e-06,,,6998,
190200,0.022626,2.177e-06,,,6999,
190250,0.024003,2.165e-06,,,7001,
190300,0.025724,2.153e-06,,,7003,
190350,0.029257,2.141e-06,,,7005,
190400,0.033044,2.129e-06,,,7007,
190450,0.023033,2.117e-06,,,7009,
190500,0.029216,2.106e-06,,,7011,
190550,0.025703,2.094e-06,,,7012,
190600,0.026604,2.083e-06,,,7014,
190650,0.026364,2.071e-06,,,7016,
190700,0.038718,2.060e-06,,,7018,
190750,0.022584,2.048e-06,,,7020,
190800,0.036965,2.037e-06,,,7022,
190850,0.026952,2.026e-06,,,7023,
190900,0.031501,2.015e-06,,,7025,
190950,0.032517,2.004e-06,,,7027,
191000,0.024061,1.993e-06,,,7029,
191050,0.030864,1.982e-06,,,7031,
191100,0.030406,1.971e-06,,,7033,
191150,0.028015,1.960e-06,,,7034,
191200,0.025729,1.949e-06,,,7036,
191250,0.048436,1.938e-06,,,7038,
191300,0.035245,1.928e-06,,,7040,
191350,0.022625,1.917e-06,,,7042,
191400,0.025621,1.907e-06,,,7044,
191450,0.026384,1.896e-06,,,7045,
191500,0.029970,1.886e-06,,,7047,
191550,0.024837,1.875e-06,,,7049,
191600,0.023732,1.865e-06,,,7051,
191650,0.035875,1.855e-06,,,7053,
191700,0.024115,1.844e-06,,,7055,
191750,0.021579,1.834e-06,,,7056,
191800,0.029548,1.824e-06,,,7058,
191850,0.024954,1.814e-06,,,7060,
191900,0.025580,1.804e-06,,,7062,
191950,0.040207,1.794e-06,,,7064,
192000,0.023112,1.785e-06,,,7066,
192000,,,21.501,31.996,7066,
192050,0.035434,1.775e-06,,,7068,
192100,0.030404,1.765e-06,,,7070,
192150,0.027613,1.755e-06,,,7071,
192200,0.033565,1.746e-06,,,7073,
192250,0.030940,1.736e-06,,,7075,
192300,0.030231,1.727e-06,,,7077,
192350,0.027668,1.718e-06,,,7079,
192400,0.028612,1.708e-06,,,7081,
192450,0.025140,1.699e-06,,,7082,
192500,0.031102,1.690e-06,,,7084,
192550,0.037715,1.681e-06,,,7086,
192600,0.022549,1.671e-06,,,7088,
192650,0.028876,1.662e-06,,,7090,
192700,0.030981,1.653e-06,,,7092,
192750,0.029398,1.645e-06,,,7093,
192800,0.024777,1.636e-06,,,7095,
192850,0.021780,1.627e-06,,,7097,
192900,0.026490,1.618e-06,,,7099,
192950,0.024983,1.609e-06,,,7101,
193000,0.031542,1.601e-06,,,7103,
193050,0.028122,1.592e-06,,,7104,
193100,0.026549,1.584e-06,,,7106,
193150,0.021914,1.575e-06,,,7108,
193200,0.027600,1.567e-06,,,7110,
193250,0.035086,1.559e-06,,,7112,
193300,0.021036,1.551e-06,,,7113,
193350,0.035542,1.542e-06,,,7115,
193400,0.023789,1.534e-06,,,7117,
193450,0.036400,1.526e-06,,,7119,
193500,0.029854,1.518e-06,,,7121,
193550,0.022212,1.510e-06,,,7123,
193600,0.021015,1.502e-06,,,7124,
193650,0.033613,1.495e-06,,,7126,
193700,0.024180,1.487e-06,,,7128,
193750,0.018852,1.479e-06,,,7130,
193800,0.034072,1.471e-06,,,7132,
193850,0.032910,1.464e-06,,,7134,
193900,0.026502,1.456e-06,,,7136,
193950,0.034654,1.449e-06,,,7137,
194000,0.038218,1.442e-06,,,7139,
194000,,,21.501,31.969,7139,
194050,0.026297,1.434e-06,,,7141,
194100,0.029177,1.427e-06,,,7143,
194150,0.023020,1.420e-06,,,7145,
194200,0.023710,1.413e-06,,,7147,
194250,0.032085,1.406e-06,,,7148,
194300,0.033042,1.399e-06,,,7150,
194350,0.031349,1.392e-06,,,7152,
194400,0.022654,1.385e-06,,,7154,
194450,0.035874,1.378e-06,,,7156,
194500,0.023351,1.371e-06,,,7158,
194550,0.029705,1.364e-06,,,7159,
194600,0.030238,1.358e-06,,,7161,
194650,0.040969,1.351e-06,,,7163,
194700,0.039340,1.345e-06,,,7165,
194750,0.041037,1.338e-06,,,7167,
194800,0.033129,1.332e-06,,,7169,
194850,0.037257,1.325e-06,,,7170,
194900,0.034070,1.319e-06,,,7172,
194950,0.031286,1.313e-06,,,7174,
195000,0.026551,1.307e-06,,,7176,
195050,0.028047,1.301e-06,,,7178,
195100,0.034897,1.295e-06,,,7180,
195150,0.028870,1.289e-06,,,7181,
195200,0.028831,1.283e-06,,,7183,
195250,0.023987,1.277e-06,,,7185,
195300,0.038181,1.271e-06,,,7187,
195350,0.026568,1.265e-06,,,7189,
195400,0.025027,1.260e-06,,,7191,
195450,0.019739,1.254e-06,,,7193,
195500,0.026800,1.248e-06,,,7194,
195550,0.033838,1.243e-06,,,7196,
195600,0.022784,1.238e-06,,,7198,
195650,0.028862,1.232e-06,,,7200,
195700,0.027429,1.227e-06,,,7202,
195750,0.017704,1.222e-06,,,7204,
195800,0.029005,1.216e-06,,,7205,
195850,0.029565,1.211e-06,,,7207,
195900,0.023765,1.206e-06,,,7209,
195950,0.026025,1.201e-06,,,7211,
196000,0.032286,1.196e-06,,,7213,
196000,,,21.501,31.982,7213,
196050,0.020166,1.191e-06,,,7215,
196100,0.027632,1.187e-06,,,7216,
196150,0.024150,1.182e-06,,,7218,
196200,0.027141,1.177e-06,,,7220,
196250,0.031714,1.173e-06,,,7222,
196300,0.022400,1.168e-06,,,7224,
196350,0.022015,1.163e-06,,,7226,
196400,0.020472,1.159e-06,,,7227,
196450,0.031822,1.155e-06,,,7229,
196500,0.029026,1.150e-06,,,7231,
196550,0.030767,1.146e-06,,,7233,
196600,0.029804,1.142e-06,,,7235,
196650,0.027637,1.138e-06,,,7237,
196700,0.025850,1.134e-06,,,7238,
196750,0.027950,1.130e-06,,,7240,
196800,0.025820,1.126e-06,,,7242,
196850,0.027610,1.122e-06,,,7244,
196900,0.032129,1.118e-06,,,7246,
196950,0.028537,1.114e-06,,,7248,
197000,0.025953,1.110e-06,,,7250,
197050,0.021299,1.107e-06,,,7251,
197100,0.025329,1.103e-06,,,7253,
197150,0.024925,1.100e-06,,,7255,
197200,0.024812,1.096e-06,,,7257,
197250,0.035966,1.093e-06,,,7259,
197300,0.023588,1.089e-06,,,7261,
197350,0.026722,1.086e-06,,,7262,
197400,0.029262,1.083e-06,,,7264,
197450,0.025696,1.080e-06,,,7266,
197500,0.024794,1.077e-06,,,7268,
197550,0.031981,1.074e-06,,,7270,
197600,0.034876,1.071e-06,,,7272,
197650,0.033377,1.068e-06,,,7273,
197700,0.018981,1.065e-06,,,7275,
197750,0.030135,1.062e-06,,,7277,
197800,0.026199,1.059e-06,,,7279,
197850,0.048659,1.057e-06,,,7281,
197900,0.030772,1.054e-06,,,7283,
197950,0.025477,1.052e-06,,,7284,
198000,0.024982,1.049e-06,,,7286,
198000,,,21.501,31.992,7286,
198050,0.028681,1.047e-06,,,7288,
198100,0.029957,1.044e-06,,,7290,
198150,0.045729,1.042e-06,,,7292,
198200,0.026531,1.040e-06,,,7294,
198250,0.025476,1.038e-06,,,7296,
198300,0.018411,1.035e-06,,,7297,
198350,0.034270,1.033e-06,,,7299,
198400,0.035043,1.031e-06,,,7301,
198450,0.033995,1.029e-06,,,7303,
198500,0.032510,1.028e-06,,,7305,
198550,0.026600,1.026e-06,,,7307,
198600,0.032844,1.024e-06,,,7309,
198650,0.031574,1.022e-06,,,7310,
198700,0.028540,1.021e-06,,,7312,
198750,0.021010,1.019e-06,,,7314,
198800,0.024167,1.018e-06,,,7316,
198850,0.021245,1.016e-06,,,7318,
198900,0.038795,1.015e-06,,,7320,
198950,0.018306,1.014e-06,,,7321,
199000,0.031906,1.012e-06,,,7323,
199050,0.040668,1.011e-06,,,7325,
199100,0.034999,1.010e-06,,,7327,
199150,0.023748,1.009e-06,,,7329,
199200,0.031921,1.008e-06,,,7331,
199250,0.027231,1.007e-06,,,7332,
199300,0.025627,1.006e-06,,,7334,
199350,0.032040,1.005e-06,,,7336,
199400,0.022977,1.004e-06,,,7338,
199450,0.027974,1.004e-06,,,7340,
199500,0.021632,1.003e-06,,,7342,
199550,0.023667,1.002e-06,,,7343,
199600,0.022175,1.002e-06,,,7345,
199650,0.036691,1.002e-06,,,7347,
199700,0.029779,1.001e-06,,,7349,
199750,0.024911,1.001e-06,,,7351,
199800,0.026516,1.000e-06,,,7353,
199850,0.039049,1.000e-06,,,7354,
199900,0.035534,1.000e-06,,,7356,
199950,0.030628,1.000e-06,,,7358,
200000,0.025074,1.000e-06,,,7360,
200000,,,21.501,31.969,7360,
