step,loss,lr,psnr_in,psnr_out,secs,entropy
50,0.096172,2.000e-04,,,8,
100,0.087251,2.000e-04,,,14,
150,0.096113,2.000e-04,,,19,
200,0.071291,2.000e-04,,,25,
250,0.099369,2.000e-04,,,30,
300,0.068828,2.000e-04,,,36,
350,0.076500,2.000e-04,,,41,
400,0.069498,2.000e-04,,,47,
450,0.071649,2.000e-04,,,52,
500,0.076530,2.000e-04,,,58,
550,0.069805,2.000e-04,,,64,
600,0.077158,2.000e-04,,,69,
650,0.071265,2.000e-04,,,75,
700,0.065742,2.000e-04,,,81,
750,0.065261,2.000e-04,,,87,
800,0.054154,2.000e-04,,,93,
850,0.060054,2.000e-04,,,98,
900,0.056721,2.000e-04,,,104,
950,0.064472,2.000e-04,,,111,
1000,0.061287,2.000e-04,,,117,
1050,0.061675,2.000e-04,,,123,
1100,0.051688,2.000e-04,,,129,
1150,0.054503,2.000e-04,,,135,
1200,0.045122,2.000e-04,,,141,
1250,0.053725,2.000e-04,,,146,
1300,0.052902,2.000e-04,,,152,
1350,0.060149,2.000e-04,,,158,
1400,0.061943,2.000e-04,,,164,
1450,0.050468,2.000e-04,,,170,
1500,0.046642,2.000e-04,,,176,
1550,0.051021,2.000e-04,,,182,
1600,0.066839,2.000e-04,,,188,
1650,0.051385,2.000e-04,,,194,
1700,0.049111,2.000e-04,,,200,
1750,0.052967,2.000e-04,,,206,
1800,0.047434,2.000e-04,,,212,
1850,0.042512,2.000e-04,,,218,
1900,0.052419,2.000e-04,,,224,
1950,0.042903,2.000e-04,,,230,
2000,0.043613,2.000e-04,,,236,
2000,,,21.501,27.141,236,
2050,0.037853,1.999e-04,,,242,
2100,0.039979,1.999e-04,,,248,
2150,0.054047,1.999e-04,,,254,
2200,0.042761,1.999e-04,,,260,
2250,0.037976,1.999e-04,,,266,
2300,0.042685,1.999e-04,,,272,
2350,0.046883,1.999e-04,,,278,
2400,0.042312,1.999e-04,,,284,
2450,0.039570,1.999e-04,,,289,
2500,0.042716,1.999e-04,,,295,
2550,0.047749,1.999e-04,,,301,
2600,0.053928,1.999e-04,,,307,
2650,0.042650,1.999e-04,,,313,
2700,0.036176,1.999e-04,,,319,
2750,0.041501,1.999e-04,,,325,
2800,0.041799,1.999e-04,,,331,
2850,0.038592,1.999e-04,,,337,
2900,0.042086,1.999e-04,,,343,
2950,0.045490,1.999e-04,,,349,
3000,0.042811,1.999e-04,,,355,
3050,0.043667,1.999e-04,,,361,
3100,0.044275,1.999e-04,,,367,
3150,0.052333,1.999e-04,,,373,
3200,0.043919,1.999e-04,,,379,
3250,0.034232,1.999e-04,,,385,
3300,0.034751,1.999e-04,,,391,
3350,0.043474,1.999e-04,,,397,
3400,0.046088,1.999e-04,,,403,
3450,0.051987,1.999e-04,,,409,
3500,0.038459,1.998e-04,,,415,
3550,0.047937,1.998e-04,,,421,
3600,0.045195,1.998e-04,,,427,
3650,0.034737,1.998e-04,,,433,
3700,0.036049,1.998e-04,,,439,
3750,0.039417,1.998e-04,,,445,
3800,0.049608,1.998e-04,,,451,
3850,0.044969,1.998e-04,,,456,
3900,0.034742,1.998e-04,,,462,
3950,0.041167,1.998e-04,,,468,
4000,0.038935,1.998e-04,,,474,
4000,,,21.501,27.592,474,
4050,0.045461,1.998e-04,,,480,
4100,0.043753,1.998e-04,,,486,
4150,0.032438,1.998e-04,,,492,
4200,0.036213,1.998e-04,,,498,
4250,0.033116,1.998e-04,,,504,
4300,0.036751,1.998e-04,,,510,
4350,0.042730,1.998e-04,,,516,
4400,0.045735,1.998e-04,,,522,
4450,0.044356,1.998e-04,,,528,
4500,0.033952,1.998e-04,,,534,
4550,0.048931,1.997e-04,,,540,
4600,0.041299,1.997e-04,,,546,
4650,0.033165,1.997e-04,,,552,
4700,0.043798,1.997e-04,,,558,
4750,0.040616,1.997e-04,,,564,
4800,0.034714,1.997e-04,,,570,
4850,0.035261,1.997e-04,,,576,
4900,0.034521,1.997e-04,,,582,
4950,0.040026,1.997e-04,,,588,
5000,0.052617,1.997e-04,,,594,
5050,0.055041,1.997e-04,,,600,
5100,0.040221,1.997e-04,,,606,
5150,0.036079,1.997e-04,,,612,
5200,0.040734,1.997e-04,,,618,
5250,0.032223,1.997e-04,,,624,
5300,0.038872,1.997e-04,,,629,
5350,0.046115,1.996e-04,,,635,
5400,0.043563,1.996e-04,,,641,
5450,0.036190,1.996e-04,,,647,
5500,0.034891,1.996e-04,,,653,
5550,0.039347,1.996e-04,,,659,
5600,0.045600,1.996e-04,,,665,
5650,0.032513,1.996e-04,,,671,
5700,0.037350,1.996e-04,,,677,
5750,0.046656,1.996e-04,,,683,
5800,0.037232,1.996e-04,,,689,
5850,0.035628,1.996e-04,,,695,
5900,0.039669,1.996e-04,,,701,
5950,0.041031,1.996e-04,,,707,
6000,0.043625,1.996e-04,,,713,
6000,,,21.501,28.392,713,
6050,0.033347,1.996e-04,,,719,
6100,0.034371,1.995e-04,,,725,
6150,0.046090,1.995e-04,,,731,
6200,0.039400,1.995e-04,,,737,
6250,0.045947,1.995e-04,,,743,
6300,0.037219,1.995e-04,,,749,
6350,0.042568,1.995e-04,,,755,
6400,0.042905,1.995e-04,,,761,
6450,0.034520,1.995e-04,,,767,
6500,0.035726,1.995e-04,,,773,
6550,0.040070,1.995e-04,,,779,
6600,0.043582,1.995e-04,,,785,
6650,0.043588,1.995e-04,,,791,
6700,0.033187,1.994e-04,,,797,
6750,0.037307,1.994e-04,,,802,
6800,0.039027,1.994e-04,,,808,
6850,0.037149,1.994e-04,,,814,
6900,0.037187,1.994e-04,,,820,
6950,0.047224,1.994e-04,,,826,
7000,0.040164,1.994e-04,,,832,
7050,0.041949,1.994e-04,,,838,
7100,0.040554,1.994e-04,,,844,
7150,0.037832,1.994e-04,,,850,
7200,0.031358,1.994e-04,,,856,
7250,0.040102,1.994e-04,,,862,
7300,0.032802,1.993e-04,,,868,
7350,0.043242,1.993e-04,,,874,
7400,0.043189,1.993e-04,,,880,
7450,0.043960,1.993e-04,,,886,
7500,0.045323,1.993e-04,,,892,
7550,0.040591,1.993e-04,,,898,
7600,0.041625,1.993e-04,,,904,
7650,0.035300,1.993e-04,,,910,
7700,0.046387,1.993e-04,,,916,
7750,0.038325,1.993e-04,,,922,
7800,0.036263,1.993e-04,,,928,
7850,0.052557,1.992e-04,,,934,
7900,0.046024,1.992e-04,,,940,
7950,0.035476,1.992e-04,,,946,
8000,0.031863,1.992e-04,,,951,
8000,,,21.501,28.946,952,
8050,0.050767,1.992e-04,,,958,
8100,0.025623,1.992e-04,,,964,
8150,0.038677,1.992e-04,,,970,
8200,0.032470,1.992e-04,,,976,
8250,0.039798,1.992e-04,,,982,
8300,0.037529,1.992e-04,,,988,
8350,0.038710,1.991e-04,,,994,
8400,0.045616,1.991e-04,,,1000,
8450,0.035190,1.991e-04,,,1006,
8500,0.040732,1.991e-04,,,1011,
8550,0.039402,1.991e-04,,,1017,
8600,0.033352,1.991e-04,,,1023,
8650,0.051942,1.991e-04,,,1029,
8700,0.035029,1.991e-04,,,1035,
8750,0.039817,1.991e-04,,,1041,
8800,0.036534,1.991e-04,,,1047,
8850,0.036583,1.990e-04,,,1053,
8900,0.042256,1.990e-04,,,1059,
8950,0.046736,1.990e-04,,,1065,
9000,0.039514,1.990e-04,,,1071,
9050,0.037856,1.990e-04,,,1077,
9100,0.042896,1.990e-04,,,1083,
9150,0.042048,1.990e-04,,,1089,
9200,0.043299,1.990e-04,,,1095,
9250,0.051880,1.990e-04,,,1101,
9300,0.042953,1.989e-04,,,1107,
9350,0.039147,1.989e-04,,,1113,
9400,0.037002,1.989e-04,,,1119,
9450,0.044211,1.989e-04,,,1125,
9500,0.051687,1.989e-04,,,1131,
9550,0.045198,1.989e-04,,,1137,
9600,0.048644,1.989e-04,,,1143,
9650,0.039783,1.989e-04,,,1149,
9700,0.037012,1.988e-04,,,1155,
9750,0.046279,1.988e-04,,,1161,
9800,0.037227,1.988e-04,,,1167,
9850,0.047376,1.988e-04,,,1173,
9900,0.033056,1.988e-04,,,1179,
9950,0.040505,1.988e-04,,,1185,
10000,0.037133,1.988e-04,,,1191,
10000,,,21.501,28.928,1191,
10050,0.030887,1.988e-04,,,1197,
10100,0.026408,1.988e-04,,,1203,
10150,0.043057,1.987e-04,,,1209,
10200,0.035524,1.987e-04,,,1215,
10250,0.048141,1.987e-04,,,1221,
10300,0.035302,1.987e-04,,,1227,
10350,0.033537,1.987e-04,,,1233,
10400,0.041617,1.987e-04,,,1239,
10450,0.031164,1.987e-04,,,1245,
10500,0.051341,1.986e-04,,,1251,
10550,0.039287,1.986e-04,,,1257,
10600,0.028275,1.986e-04,,,1263,
10650,0.035527,1.986e-04,,,1269,
10700,0.029617,1.986e-04,,,1274,
10750,0.041765,1.986e-04,,,1280,
10800,0.032804,1.986e-04,,,1286,
10850,0.040906,1.986e-04,,,1292,
10900,0.034639,1.985e-04,,,1298,
10950,0.036075,1.985e-04,,,1304,
11000,0.033126,1.985e-04,,,1310,
11050,0.034783,1.985e-04,,,1316,
11100,0.036340,1.985e-04,,,1322,
11150,0.029156,1.985e-04,,,1328,
11200,0.032682,1.985e-04,,,1334,
11250,0.028102,1.985e-04,,,1340,
11300,0.041268,1.984e-04,,,1346,
11350,0.033943,1.984e-04,,,1352,
11400,0.026502,1.984e-04,,,1358,
11450,0.046031,1.984e-04,,,1364,
11500,0.035936,1.984e-04,,,1370,
11550,0.027945,1.984e-04,,,1376,
11600,0.037401,1.984e-04,,,1382,
11650,0.040530,1.983e-04,,,1388,
11700,0.035723,1.983e-04,,,1394,
11750,0.031844,1.983e-04,,,1400,
11800,0.036360,1.983e-04,,,1406,
11850,0.043078,1.983e-04,,,1412,
11900,0.024230,1.983e-04,,,1418,
11950,0.029857,1.983e-04,,,1424,
12000,0.029715,1.982e-04,,,1430,
12000,,,21.501,29.269,1430,
12050,0.045409,1.982e-04,,,1436,
12100,0.033597,1.982e-04,,,1442,
12150,0.036565,1.982e-04,,,1448,
12200,0.039007,1.982e-04,,,1454,
12250,0.035004,1.982e-04,,,1460,
12300,0.048936,1.981e-04,,,1466,
12350,0.033635,1.981e-04,,,1472,
12400,0.037593,1.981e-04,,,1478,
12450,0.033932,1.981e-04,,,1484,
12500,0.033247,1.981e-04,,,1490,
12550,0.032610,1.981e-04,,,1496,
12600,0.040383,1.981e-04,,,1502,
12650,0.039210,1.980e-04,,,1508,
12700,0.032460,1.980e-04,,,1514,
12750,0.052719,1.980e-04,,,1520,
12800,0.037392,1.980e-04,,,1526,
12850,0.054342,1.980e-04,,,1532,
12900,0.038032,1.980e-04,,,1538,
12950,0.035790,1.979e-04,,,1544,
13000,0.024831,1.979e-04,,,1550,
13050,0.053432,1.979e-04,,,1556,
13100,0.037250,1.979e-04,,,1562,
13150,0.023286,1.979e-04,,,1568,
13200,0.034682,1.979e-04,,,1574,
13250,0.026490,1.979e-04,,,1580,
13300,0.035232,1.978e-04,,,1586,
13350,0.036220,1.978e-04,,,1592,
13400,0.042523,1.978e-04,,,1598,
13450,0.036151,1.978e-04,,,1604,
13500,0.038604,1.978e-04,,,1610,
13550,0.033040,1.978e-04,,,1616,
13600,0.047901,1.977e-04,,,1622,
13650,0.031442,1.977e-04,,,1628,
13700,0.032644,1.977e-04,,,1634,
13750,0.037395,1.977e-04,,,1640,
13800,0.035832,1.977e-04,,,1646,
13850,0.045191,1.977e-04,,,1652,
13900,0.036228,1.976e-04,,,1658,
13950,0.034369,1.976e-04,,,1663,
14000,0.035159,1.976e-04,,,1669,
14000,,,21.501,29.499,1670,
14050,0.038774,1.976e-04,,,1676,
14100,0.040360,1.976e-04,,,1682,
14150,0.036225,1.976e-04,,,1688,
14200,0.041770,1.975e-04,,,1693,
14250,0.035318,1.975e-04,,,1699,
14300,0.042864,1.975e-04,,,1705,
14350,0.041238,1.975e-04,,,1711,
14400,0.043427,1.975e-04,,,1717,
14450,0.037679,1.974e-04,,,1724,
14500,0.037103,1.974e-04,,,1730,
14550,0.043349,1.974e-04,,,1736,
14600,0.037886,1.974e-04,,,1742,
14650,0.037881,1.974e-04,,,1748,
14700,0.033344,1.974e-04,,,1753,
14750,0.042197,1.973e-04,,,1759,
14800,0.040921,1.973e-04,,,1765,
14850,0.041386,1.973e-04,,,1771,
14900,0.043267,1.973e-04,,,1777,
14950,0.035540,1.973e-04,,,1783,
15000,0.029090,1.973e-04,,,1789,
15050,0.030140,1.972e-04,,,1795,
15100,0.039108,1.972e-04,,,1801,
15150,0.040613,1.972e-04,,,1807,
15200,0.033233,1.972e-04,,,1813,
15250,0.036309,1.972e-04,,,1819,
15300,0.040381,1.971e-04,,,1825,
15350,0.041170,1.971e-04,,,1831,
15400,0.044771,1.971e-04,,,1837,
15450,0.037866,1.971e-04,,,1843,
15500,0.033512,1.971e-04,,,1849,
15550,0.032282,1.970e-04,,,1855,
15600,0.036058,1.970e-04,,,1861,
15650,0.042005,1.970e-04,,,1867,
15700,0.032489,1.970e-04,,,1873,
15750,0.025239,1.970e-04,,,1879,
15800,0.041837,1.970e-04,,,1885,
15850,0.037520,1.969e-04,,,1891,
15900,0.034736,1.969e-04,,,1897,
15950,0.050227,1.969e-04,,,1903,
16000,0.027579,1.969e-04,,,1909,
16000,,,21.501,29.754,1909,
16050,0.028809,1.969e-04,,,1915,
16100,0.031736,1.968e-04,,,1921,
16150,0.036871,1.968e-04,,,1927,
16200,0.031840,1.968e-04,,,1933,
16250,0.045173,1.968e-04,,,1939,
16300,0.032990,1.968e-04,,,1945,
16350,0.042629,1.967e-04,,,1951,
16400,0.030764,1.967e-04,,,1957,
16450,0.038849,1.967e-04,,,1963,
16500,0.040312,1.967e-04,,,1969,
16550,0.033674,1.967e-04,,,1975,
16600,0.035475,1.966e-04,,,1981,
16650,0.031724,1.966e-04,,,1987,
16700,0.044796,1.966e-04,,,1993,
16750,0.041646,1.966e-04,,,1999,
16800,0.027212,1.966e-04,,,2005,
16850,0.037583,1.965e-04,,,2011,
16900,0.041617,1.965e-04,,,2017,
16950,0.027825,1.965e-04,,,2023,
17000,0.040227,1.965e-04,,,2029,
17050,0.043406,1.965e-04,,,2035,
17100,0.041496,1.964e-04,,,2041,
17150,0.032383,1.964e-04,,,2047,
17200,0.032850,1.964e-04,,,2053,
17250,0.035195,1.964e-04,,,2059,
17300,0.031660,1.963e-04,,,2065,
17350,0.035338,1.963e-04,,,2071,
17400,0.031729,1.963e-04,,,2077,
17450,0.030161,1.963e-04,,,2083,
17500,0.035688,1.963e-04,,,2089,
17550,0.037859,1.962e-04,,,2095,
17600,0.043423,1.962e-04,,,2101,
17650,0.039010,1.962e-04,,,2107,
17700,0.035713,1.962e-04,,,2113,
17750,0.042380,1.962e-04,,,2119,
17800,0.030250,1.961e-04,,,2125,
17850,0.028749,1.961e-04,,,2131,
17900,0.031751,1.961e-04,,,2137,
17950,0.033233,1.961e-04,,,2143,
18000,0.035460,1.960e-04,,,2149,
18000,,,21.501,29.254,2149,
18050,0.035195,1.960e-04,,,2155,
18100,0.037412,1.960e-04,,,2161,
18150,0.034689,1.960e-04,,,2167,
18200,0.028468,1.960e-04,,,2173,
18250,0.040085,1.959e-04,,,2179,
18300,0.043041,1.959e-04,,,2185,
18350,0.041624,1.959e-04,,,2191,
18400,0.036856,1.959e-04,,,2197,
18450,0.037765,1.959e-04,,,2203,
18500,0.039019,1.958e-04,,,2209,
18550,0.030459,1.958e-04,,,2215,
18600,0.042961,1.958e-04,,,2221,
18650,0.032300,1.958e-04,,,2227,
18700,0.035444,1.957e-04,,,2233,
18750,0.042094,1.957e-04,,,2239,
18800,0.037570,1.957e-04,,,2245,
18850,0.035895,1.957e-04,,,2251,
18900,0.031234,1.956e-04,,,2257,
18950,0.032605,1.956e-04,,,2262,
19000,0.044822,1.956e-04,,,2268,
19050,0.030009,1.956e-04,,,2274,
19100,0.038206,1.956e-04,,,2280,
19150,0.043257,1.955e-04,,,2286,
19200,0.039583,1.955e-04,,,2292,
19250,0.031400,1.955e-04,,,2299,
19300,0.025901,1.955e-04,,,2305,
19350,0.028820,1.954e-04,,,2311,
19400,0.033068,1.954e-04,,,2317,
19450,0.035617,1.954e-04,,,2323,
19500,0.029170,1.954e-04,,,2329,
19550,0.032985,1.953e-04,,,2335,
19600,0.027262,1.953e-04,,,2341,
19650,0.030244,1.953e-04,,,2346,
19700,0.036828,1.953e-04,,,2352,
19750,0.037873,1.953e-04,,,2358,
19800,0.026496,1.952e-04,,,2364,
19850,0.036783,1.952e-04,,,2370,
19900,0.048734,1.952e-04,,,2376,
19950,0.044908,1.952e-04,,,2382,
20000,0.034065,1.951e-04,,,2388,
20000,,,21.501,29.691,2389,
20050,0.029229,1.951e-04,,,2395,
20100,0.035174,1.951e-04,,,2401,
20150,0.032143,1.951e-04,,,2407,
20200,0.032495,1.950e-04,,,2412,
20250,0.039433,1.950e-04,,,2418,
20300,0.033971,1.950e-04,,,2424,
20350,0.048003,1.950e-04,,,2430,
20400,0.044392,1.949e-04,,,2436,
20450,0.044574,1.949e-04,,,2442,
20500,0.038795,1.949e-04,,,2448,
20550,0.035136,1.949e-04,,,2454,
20600,0.025793,1.948e-04,,,2460,
20650,0.037685,1.948e-04,,,2466,
20700,0.028304,1.948e-04,,,2472,
20750,0.025681,1.948e-04,,,2478,
20800,0.035314,1.947e-04,,,2484,
20850,0.034530,1.947e-04,,,2491,
20900,0.035114,1.947e-04,,,2497,
20950,0.035046,1.947e-04,,,2503,
21000,0.032792,1.946e-04,,,2508,
21050,0.043676,1.946e-04,,,2514,
21100,0.032055,1.946e-04,,,2520,
21150,0.027245,1.946e-04,,,2526,
21200,0.030464,1.945e-04,,,2532,
21250,0.031897,1.945e-04,,,2538,
21300,0.031894,1.945e-04,,,2544,
21350,0.037805,1.945e-04,,,2550,
21400,0.031761,1.944e-04,,,2556,
21450,0.035228,1.944e-04,,,2562,
21500,0.038053,1.944e-04,,,2568,
21550,0.036009,1.944e-04,,,2574,
21600,0.037647,1.943e-04,,,2580,
21650,0.045361,1.943e-04,,,2586,
21700,0.043716,1.943e-04,,,2592,
21750,0.035088,1.942e-04,,,2598,
21800,0.036804,1.942e-04,,,2604,
21850,0.035089,1.942e-04,,,2610,
21900,0.033326,1.942e-04,,,2616,
21950,0.028017,1.941e-04,,,2622,
22000,0.039543,1.941e-04,,,2628,
22000,,,21.501,30.066,2628,
22050,0.035794,1.941e-04,,,2635,
22100,0.037959,1.941e-04,,,2640,
22150,0.042346,1.940e-04,,,2646,
22200,0.027344,1.940e-04,,,2652,
22250,0.035635,1.940e-04,,,2658,
22300,0.035379,1.940e-04,,,2664,
22350,0.030637,1.939e-04,,,2670,
22400,0.038915,1.939e-04,,,2676,
22450,0.033855,1.939e-04,,,2683,
22500,0.029260,1.939e-04,,,2689,
22550,0.034031,1.938e-04,,,2695,
22600,0.027069,1.938e-04,,,2701,
22650,0.043990,1.938e-04,,,2707,
22700,0.036906,1.937e-04,,,2713,
22750,0.033150,1.937e-04,,,2719,
22800,0.031488,1.937e-04,,,2725,
22850,0.044216,1.937e-04,,,2731,
22900,0.054667,1.936e-04,,,2737,
22950,0.033050,1.936e-04,,,2743,
23000,0.034234,1.936e-04,,,2749,
23050,0.047424,1.935e-04,,,2755,
23100,0.035917,1.935e-04,,,2761,
23150,0.026479,1.935e-04,,,2767,
23200,0.030436,1.935e-04,,,2773,
23250,0.044531,1.934e-04,,,2779,
23300,0.037049,1.934e-04,,,2785,
23350,0.036301,1.934e-04,,,2791,
23400,0.029320,1.934e-04,,,2797,
23450,0.040038,1.933e-04,,,2803,
23500,0.036614,1.933e-04,,,2809,
23550,0.043351,1.933e-04,,,2815,
23600,0.031228,1.932e-04,,,2821,
23650,0.043167,1.932e-04,,,2827,
23700,0.045690,1.932e-04,,,2833,
23750,0.038896,1.932e-04,,,2839,
23800,0.032751,1.931e-04,,,2845,
23850,0.042754,1.931e-04,,,2851,
23900,0.042110,1.931e-04,,,2857,
23950,0.024851,1.930e-04,,,2863,
24000,0.044297,1.930e-04,,,2869,
24000,,,21.501,29.086,2869,
24050,0.035289,1.930e-04,,,2875,
24100,0.033209,1.930e-04,,,2881,
24150,0.031518,1.929e-04,,,2887,
24200,0.034641,1.929e-04,,,2893,
24250,0.031682,1.929e-04,,,2899,
24300,0.026297,1.928e-04,,,2905,
24350,0.030919,1.928e-04,,,2911,
24400,0.031771,1.928e-04,,,2917,
24450,0.027446,1.928e-04,,,2923,
24500,0.030370,1.927e-04,,,2929,
24550,0.036984,1.927e-04,,,2935,
24600,0.029094,1.927e-04,,,2941,
24650,0.029471,1.926e-04,,,2947,
24700,0.039315,1.926e-04,,,2953,
24750,0.027528,1.926e-04,,,2959,
24800,0.036735,1.925e-04,,,2965,
24850,0.029625,1.925e-04,,,2971,
24900,0.036284,1.925e-04,,,2977,
24950,0.028407,1.925e-04,,,2983,
25000,0.033461,1.924e-04,,,2989,
25050,0.032006,1.924e-04,,,2995,
25100,0.028081,1.924e-04,,,3001,
25150,0.035739,1.923e-04,,,3007,
25200,0.037010,1.923e-04,,,3013,
25250,0.032498,1.923e-04,,,3019,
25300,0.029310,1.922e-04,,,3025,
25350,0.026150,1.922e-04,,,3031,
25400,0.029570,1.922e-04,,,3037,
25450,0.026665,1.922e-04,,,3043,
25500,0.034023,1.921e-04,,,3049,
25550,0.039083,1.921e-04,,,3055,
25600,0.030325,1.921e-04,,,3061,
25650,0.025893,1.920e-04,,,3067,
25700,0.029025,1.920e-04,,,3073,
25750,0.034846,1.920e-04,,,3079,
25800,0.032977,1.919e-04,,,3085,
25850,0.034448,1.919e-04,,,3091,
25900,0.035604,1.919e-04,,,3097,
25950,0.040983,1.918e-04,,,3103,
26000,0.041639,1.918e-04,,,3109,
26000,,,21.501,30.511,3109,
26050,0.049786,1.918e-04,,,3115,
26100,0.037146,1.918e-04,,,3121,
26150,0.038821,1.917e-04,,,3127,
26200,0.036678,1.917e-04,,,3133,
26250,0.037121,1.917e-04,,,3139,
26300,0.033234,1.916e-04,,,3145,
26350,0.033114,1.916e-04,,,3151,
26400,0.034167,1.916e-04,,,3157,
26450,0.030189,1.915e-04,,,3163,
26500,0.034211,1.915e-04,,,3169,
26550,0.029669,1.915e-04,,,3175,
26600,0.033530,1.914e-04,,,3181,
26650,0.035492,1.914e-04,,,3187,
26700,0.034629,1.914e-04,,,3193,
26750,0.036405,1.913e-04,,,3199,
26800,0.033305,1.913e-04,,,3205,
26850,0.038970,1.913e-04,,,3211,
26900,0.023872,1.912e-04,,,3217,
26950,0.039279,1.912e-04,,,3223,
27000,0.035918,1.912e-04,,,3229,
27050,0.036518,1.912e-04,,,3235,
27100,0.034488,1.911e-04,,,3241,
27150,0.025738,1.911e-04,,,3247,
27200,0.033328,1.911e-04,,,3253,
27250,0.026923,1.910e-04,,,3259,
27300,0.030672,1.910e-04,,,3265,
27350,0.030443,1.910e-04,,,3271,
27400,0.031365,1.909e-04,,,3277,
27450,0.044489,1.909e-04,,,3283,
27500,0.025853,1.909e-04,,,3289,
27550,0.027637,1.908e-04,,,3295,
27600,0.038223,1.908e-04,,,3301,
27650,0.033249,1.908e-04,,,3307,
27700,0.034032,1.907e-04,,,3313,
27750,0.032861,1.907e-04,,,3319,
27800,0.040902,1.907e-04,,,3325,
27850,0.025619,1.906e-04,,,3331,
27900,0.036582,1.906e-04,,,3337,
27950,0.039135,1.906e-04,,,3343,
28000,0.026113,1.905e-04,,,3349,
28000,,,21.501,29.472,3349,
28050,0.037516,1.905e-04,,,3355,
28100,0.028238,1.905e-04,,,3361,
28150,0.037173,1.904e-04,,,3367,
28200,0.039507,1.904e-04,,,3373,
28250,0.036876,1.904e-04,,,3379,
28300,0.030349,1.903e-04,,,3385,
28350,0.040925,1.903e-04,,,3391,
28400,0.027830,1.903e-04,,,3397,
28450,0.035003,1.902e-04,,,3403,
28500,0.035853,1.902e-04,,,3409,
28550,0.036688,1.902e-04,,,3415,
28600,0.033786,1.901e-04,,,3421,
28650,0.026659,1.901e-04,,,3426,
28700,0.035568,1.901e-04,,,3432,
28750,0.029401,1.900e-04,,,3438,
28800,0.030293,1.900e-04,,,3444,
28850,0.030216,1.900e-04,,,3451,
28900,0.032480,1.899e-04,,,3457,
28950,0.040072,1.899e-04,,,3463,
29000,0.039342,1.899e-04,,,3468,
29050,0.036990,1.898e-04,,,3474,
29100,0.044814,1.898e-04,,,3480,
29150,0.032361,1.898e-04,,,3486,
29200,0.037468,1.897e-04,,,3492,
29250,0.041388,1.897e-04,,,3498,
29300,0.032010,1.896e-04,,,3504,
29350,0.042174,1.896e-04,,,3510,
29400,0.036920,1.896e-04,,,3516,
29450,0.035627,1.895e-04,,,3522,
29500,0.035205,1.895e-04,,,3528,
29550,0.038027,1.895e-04,,,3534,
29600,0.035606,1.894e-04,,,3540,
29650,0.052512,1.894e-04,,,3546,
29700,0.030816,1.894e-04,,,3552,
29750,0.033112,1.893e-04,,,3558,
29800,0.045004,1.893e-04,,,3564,
29850,0.037949,1.893e-04,,,3570,
29900,0.030147,1.892e-04,,,3576,
29950,0.032042,1.892e-04,,,3582,
30000,0.038550,1.892e-04,,,3588,
30000,,,21.501,28.971,3588,
30050,0.028236,1.891e-04,,,3594,
30100,0.045186,1.891e-04,,,3600,
30150,0.041140,1.890e-04,,,3606,
30200,0.033833,1.890e-04,,,3612,
30250,0.035191,1.890e-04,,,3618,
30300,0.032985,1.889e-04,,,3624,
30350,0.032437,1.889e-04,,,3630,
30400,0.038960,1.889e-04,,,3636,
30450,0.024210,1.888e-04,,,3642,
30500,0.033001,1.888e-04,,,3648,
30550,0.028522,1.888e-04,,,3654,
30600,0.032975,1.887e-04,,,3660,
30650,0.039757,1.887e-04,,,3666,
30700,0.034165,1.887e-04,,,3672,
30750,0.040405,1.886e-04,,,3678,
30800,0.024593,1.886e-04,,,3684,
30850,0.035133,1.885e-04,,,3690,
30900,0.037403,1.885e-04,,,3696,
30950,0.032787,1.885e-04,,,3702,
31000,0.034492,1.884e-04,,,3708,
31050,0.044543,1.884e-04,,,3714,
31100,0.040943,1.884e-04,,,3720,
31150,0.037911,1.883e-04,,,3726,
31200,0.032009,1.883e-04,,,3732,
31250,0.037271,1.883e-04,,,3738,
31300,0.037460,1.882e-04,,,3744,
31350,0.035999,1.882e-04,,,3750,
31400,0.031036,1.881e-04,,,3756,
31450,0.034590,1.881e-04,,,3762,
31500,0.029903,1.881e-04,,,3768,
31550,0.037114,1.880e-04,,,3774,
31600,0.038869,1.880e-04,,,3780,
31650,0.040137,1.880e-04,,,3786,
31700,0.041961,1.879e-04,,,3792,
31750,0.031750,1.879e-04,,,3798,
31800,0.031708,1.878e-04,,,3804,
31850,0.040294,1.878e-04,,,3810,
31900,0.028268,1.878e-04,,,3816,
31950,0.038859,1.877e-04,,,3822,
32000,0.029894,1.877e-04,,,3828,
32000,,,21.501,29.839,3828,
32050,0.036573,1.877e-04,,,3834,
32100,0.038136,1.876e-04,,,3840,
32150,0.032065,1.876e-04,,,3846,
32200,0.034624,1.875e-04,,,3852,
32250,0.036395,1.875e-04,,,3858,
32300,0.028230,1.875e-04,,,3864,
32350,0.026892,1.874e-04,,,3870,
32400,0.033279,1.874e-04,,,3876,
32450,0.026754,1.874e-04,,,3882,
32500,0.041977,1.873e-04,,,3888,
32550,0.035039,1.873e-04,,,3894,
32600,0.034961,1.872e-04,,,3900,
32650,0.032625,1.872e-04,,,3906,
32700,0.029302,1.872e-04,,,3912,
32750,0.032559,1.871e-04,,,3918,
32800,0.037750,1.871e-04,,,3924,
32850,0.042016,1.870e-04,,,3930,
32900,0.034249,1.870e-04,,,3936,
32950,0.035095,1.870e-04,,,3942,
33000,0.040848,1.869e-04,,,3948,
33050,0.036017,1.869e-04,,,3954,
33100,0.035645,1.869e-04,,,3960,
33150,0.036680,1.868e-04,,,3966,
33200,0.033151,1.868e-04,,,3972,
33250,0.039878,1.867e-04,,,3978,
33300,0.037625,1.867e-04,,,3984,
33350,0.037520,1.867e-04,,,3990,
33400,0.039747,1.866e-04,,,3996,
33450,0.029021,1.866e-04,,,4002,
33500,0.041943,1.865e-04,,,4008,
33550,0.035301,1.865e-04,,,4014,
33600,0.041165,1.865e-04,,,4020,
33650,0.035479,1.864e-04,,,4026,
33700,0.032414,1.864e-04,,,4032,
33750,0.042762,1.863e-04,,,4038,
33800,0.026298,1.863e-04,,,4044,
33850,0.027742,1.863e-04,,,4050,
33900,0.035419,1.862e-04,,,4056,
33950,0.032476,1.862e-04,,,4062,
34000,0.029045,1.861e-04,,,4068,
34000,,,21.501,30.599,4068,
34050,0.030529,1.861e-04,,,4074,
34100,0.036754,1.861e-04,,,4080,
34150,0.031483,1.860e-04,,,4086,
34200,0.029765,1.860e-04,,,4092,
34250,0.032642,1.859e-04,,,4098,
34300,0.025668,1.859e-04,,,4104,
34350,0.036715,1.859e-04,,,4110,
34400,0.042734,1.858e-04,,,4116,
34450,0.041111,1.858e-04,,,4122,
34500,0.034330,1.857e-04,,,4128,
34550,0.035561,1.857e-04,,,4134,
34600,0.033300,1.857e-04,,,4140,
34650,0.031725,1.856e-04,,,4146,
34700,0.039378,1.856e-04,,,4152,
34750,0.040803,1.855e-04,,,4158,
34800,0.040338,1.855e-04,,,4164,
34850,0.019675,1.855e-04,,,4170,
34900,0.032355,1.854e-04,,,4176,
34950,0.034207,1.854e-04,,,4182,
35000,0.026738,1.853e-04,,,4188,
35050,0.038027,1.853e-04,,,4194,
35100,0.040190,1.853e-04,,,4200,
35150,0.033499,1.852e-04,,,4206,
35200,0.031201,1.852e-04,,,4212,
35250,0.035791,1.851e-04,,,4218,
35300,0.037724,1.851e-04,,,4224,
35350,0.031107,1.851e-04,,,4230,
35400,0.032567,1.850e-04,,,4236,
35450,0.038363,1.850e-04,,,4242,
35500,0.025353,1.849e-04,,,4248,
35550,0.036209,1.849e-04,,,4254,
35600,0.035089,1.848e-04,,,4260,
35650,0.037795,1.848e-04,,,4266,
35700,0.028322,1.848e-04,,,4272,
35750,0.044617,1.847e-04,,,4278,
35800,0.026166,1.847e-04,,,4283,
35850,0.037436,1.846e-04,,,4289,
35900,0.030148,1.846e-04,,,4295,
35950,0.022177,1.846e-04,,,4301,
36000,0.028093,1.845e-04,,,4307,
36000,,,21.501,30.179,4307,
36050,0.034566,1.845e-04,,,4313,
36100,0.044388,1.844e-04,,,4319,
36150,0.029755,1.844e-04,,,4325,
36200,0.034715,1.843e-04,,,4331,
36250,0.031565,1.843e-04,,,4337,
36300,0.033567,1.843e-04,,,4343,
36350,0.042950,1.842e-04,,,4349,
36400,0.030834,1.842e-04,,,4355,
36450,0.030869,1.841e-04,,,4361,
36500,0.030837,1.841e-04,,,4367,
36550,0.030980,1.840e-04,,,4373,
36600,0.030956,1.840e-04,,,4379,
36650,0.035251,1.840e-04,,,4385,
36700,0.034143,1.839e-04,,,4391,
36750,0.040969,1.839e-04,,,4397,
36800,0.037871,1.838e-04,,,4403,
36850,0.035738,1.838e-04,,,4409,
36900,0.041904,1.837e-04,,,4415,
36950,0.029620,1.837e-04,,,4421,
37000,0.034585,1.837e-04,,,4427,
37050,0.043269,1.836e-04,,,4433,
37100,0.024469,1.836e-04,,,4439,
37150,0.034111,1.835e-04,,,4445,
37200,0.032418,1.835e-04,,,4451,
37250,0.047363,1.834e-04,,,4457,
37300,0.038017,1.834e-04,,,4463,
37350,0.027664,1.834e-04,,,4469,
37400,0.026771,1.833e-04,,,4475,
37450,0.034098,1.833e-04,,,4481,
37500,0.030454,1.832e-04,,,4487,
37550,0.029210,1.832e-04,,,4493,
37600,0.032984,1.831e-04,,,4499,
37650,0.039849,1.831e-04,,,4505,
37700,0.037449,1.831e-04,,,4511,
37750,0.032676,1.830e-04,,,4517,
37800,0.033708,1.830e-04,,,4523,
37850,0.026630,1.829e-04,,,4529,
37900,0.027906,1.829e-04,,,4535,
37950,0.034539,1.828e-04,,,4541,
38000,0.035118,1.828e-04,,,4547,
38000,,,21.501,30.218,4547,
38050,0.036520,1.828e-04,,,4553,
38100,0.038982,1.827e-04,,,4559,
38150,0.026689,1.827e-04,,,4565,
38200,0.024078,1.826e-04,,,4571,
38250,0.033451,1.826e-04,,,4577,
38300,0.036084,1.825e-04,,,4583,
38350,0.034496,1.825e-04,,,4589,
38400,0.045039,1.824e-04,,,4595,
38450,0.035246,1.824e-04,,,4601,
38500,0.038246,1.824e-04,,,4607,
38550,0.030653,1.823e-04,,,4613,
38600,0.035933,1.823e-04,,,4619,
38650,0.031368,1.822e-04,,,4625,
38700,0.027897,1.822e-04,,,4631,
38750,0.033947,1.821e-04,,,4637,
38800,0.031260,1.821e-04,,,4643,
38850,0.033033,1.820e-04,,,4649,
38900,0.041116,1.820e-04,,,4655,
38950,0.032045,1.820e-04,,,4661,
39000,0.035143,1.819e-04,,,4667,
39050,0.028494,1.819e-04,,,4673,
39100,0.029684,1.818e-04,,,4679,
39150,0.031632,1.818e-04,,,4685,
39200,0.031088,1.817e-04,,,4691,
39250,0.037418,1.817e-04,,,4697,
39300,0.030568,1.816e-04,,,4703,
39350,0.034682,1.816e-04,,,4709,
39400,0.038481,1.815e-04,,,4715,
39450,0.035027,1.815e-04,,,4721,
39500,0.034474,1.815e-04,,,4727,
39550,0.036319,1.814e-04,,,4733,
39600,0.030459,1.814e-04,,,4739,
39650,0.035581,1.813e-04,,,4745,
39700,0.029752,1.813e-04,,,4751,
39750,0.032708,1.812e-04,,,4757,
39800,0.027774,1.812e-04,,,4763,
39850,0.051779,1.811e-04,,,4769,
39900,0.033154,1.811e-04,,,4774,
39950,0.041271,1.810e-04,,,4780,
40000,0.029457,1.810e-04,,,4786,
40000,,,21.501,29.975,4787,
40050,0.036782,1.810e-04,,,4793,
40100,0.027946,1.809e-04,,,4799,
40150,0.043650,1.809e-04,,,4805,
40200,0.039479,1.808e-04,,,4811,
40250,0.031698,1.808e-04,,,4817,
40300,0.028819,1.807e-04,,,4823,
40350,0.038898,1.807e-04,,,4828,
40400,0.036505,1.806e-04,,,4834,
40450,0.029005,1.806e-04,,,4840,
40500,0.035003,1.805e-04,,,4846,
40550,0.039262,1.805e-04,,,4852,
40600,0.039400,1.804e-04,,,4858,
40650,0.037099,1.804e-04,,,4864,
40700,0.032903,1.803e-04,,,4870,
40750,0.032934,1.803e-04,,,4876,
40800,0.026297,1.803e-04,,,4882,
40850,0.032219,1.802e-04,,,4888,
40900,0.029934,1.802e-04,,,4894,
40950,0.037155,1.801e-04,,,4900,
41000,0.045191,1.801e-04,,,4906,
41050,0.030718,1.800e-04,,,4912,
41100,0.033626,1.800e-04,,,4918,
41150,0.034213,1.799e-04,,,4924,
41200,0.034890,1.799e-04,,,4930,
41250,0.033133,1.798e-04,,,4936,
41300,0.031319,1.798e-04,,,4942,
41350,0.034061,1.797e-04,,,4948,
41400,0.034530,1.797e-04,,,4954,
41450,0.024594,1.796e-04,,,4960,
41500,0.028327,1.796e-04,,,4966,
41550,0.024867,1.795e-04,,,4972,
41600,0.033726,1.795e-04,,,4978,
41650,0.026680,1.795e-04,,,4984,
41700,0.036622,1.794e-04,,,4990,
41750,0.027612,1.794e-04,,,4996,
41800,0.033319,1.793e-04,,,5002,
41850,0.025916,1.793e-04,,,5008,
41900,0.028955,1.792e-04,,,5014,
41950,0.030761,1.792e-04,,,5020,
42000,0.034786,1.791e-04,,,5026,
42000,,,21.501,29.626,5026,
42050,0.029713,1.791e-04,,,5032,
42100,0.031141,1.790e-04,,,5038,
42150,0.041711,1.790e-04,,,5044,
42200,0.032649,1.789e-04,,,5050,
42250,0.030208,1.789e-04,,,5056,
42300,0.028931,1.788e-04,,,5062,
42350,0.026954,1.788e-04,,,5068,
42400,0.037287,1.787e-04,,,5074,
42450,0.037190,1.787e-04,,,5080,
42500,0.038018,1.786e-04,,,5085,
42550,0.034534,1.786e-04,,,5091,
42600,0.037820,1.785e-04,,,5097,
42650,0.032152,1.785e-04,,,5103,
42700,0.044347,1.784e-04,,,5109,
42750,0.035904,1.784e-04,,,5115,
42800,0.040476,1.783e-04,,,5121,
42850,0.039656,1.783e-04,,,5127,
42900,0.034388,1.783e-04,,,5133,
42950,0.036153,1.782e-04,,,5139,
43000,0.035299,1.782e-04,,,5145,
43050,0.034498,1.781e-04,,,5151,
43100,0.031621,1.781e-04,,,5157,
43150,0.033939,1.780e-04,,,5163,
43200,0.036993,1.780e-04,,,5169,
43250,0.024252,1.779e-04,,,5175,
43300,0.024847,1.779e-04,,,5181,
43350,0.029954,1.778e-04,,,5187,
43400,0.025581,1.778e-04,,,5193,
43450,0.031314,1.777e-04,,,5199,
43500,0.042453,1.777e-04,,,5205,
43550,0.035244,1.776e-04,,,5211,
43600,0.034785,1.776e-04,,,5217,
43650,0.040011,1.775e-04,,,5223,
43700,0.029031,1.775e-04,,,5229,
43750,0.034126,1.774e-04,,,5235,
43800,0.033237,1.774e-04,,,5241,
43850,0.036292,1.773e-04,,,5247,
43900,0.046782,1.773e-04,,,5253,
43950,0.033049,1.772e-04,,,5259,
44000,0.031286,1.772e-04,,,5265,
44000,,,21.501,30.077,5265,
44050,0.031826,1.771e-04,,,5271,
44100,0.034505,1.771e-04,,,5277,
44150,0.047384,1.770e-04,,,5283,
44200,0.030687,1.770e-04,,,5288,
44250,0.036150,1.769e-04,,,5294,
44300,0.032484,1.769e-04,,,5300,
44350,0.033601,1.768e-04,,,5306,
44400,0.029745,1.768e-04,,,5312,
44450,0.031068,1.767e-04,,,5318,
44500,0.036792,1.767e-04,,,5324,
44550,0.025794,1.766e-04,,,5330,
44600,0.031835,1.766e-04,,,5336,
44650,0.033934,1.765e-04,,,5342,
44700,0.035296,1.765e-04,,,5348,
44750,0.036342,1.764e-04,,,5354,
44800,0.035812,1.764e-04,,,5360,
44850,0.032540,1.763e-04,,,5366,
44900,0.025895,1.763e-04,,,5372,
44950,0.030551,1.762e-04,,,5378,
45000,0.027470,1.762e-04,,,5384,
45050,0.032949,1.761e-04,,,5390,
45100,0.025367,1.761e-04,,,5396,
45150,0.034554,1.760e-04,,,5402,
45200,0.027473,1.760e-04,,,5408,
45250,0.032216,1.759e-04,,,5414,
45300,0.032508,1.759e-04,,,5420,
45350,0.032922,1.758e-04,,,5426,
45400,0.029476,1.758e-04,,,5432,
45450,0.035908,1.757e-04,,,5438,
45500,0.032636,1.757e-04,,,5444,
45550,0.027318,1.756e-04,,,5450,
45600,0.039911,1.755e-04,,,5456,
45650,0.034971,1.755e-04,,,5462,
45700,0.024262,1.754e-04,,,5468,
45750,0.040191,1.754e-04,,,5474,
45800,0.027808,1.753e-04,,,5480,
45850,0.032033,1.753e-04,,,5486,
45900,0.040900,1.752e-04,,,5492,
45950,0.028326,1.752e-04,,,5498,
46000,0.033514,1.751e-04,,,5504,
46000,,,21.501,30.840,5504,
46050,0.043334,1.751e-04,,,5510,
46100,0.027792,1.750e-04,,,5516,
46150,0.027476,1.750e-04,,,5522,
46200,0.032193,1.749e-04,,,5528,
46250,0.035592,1.749e-04,,,5534,
46300,0.032874,1.748e-04,,,5539,
46350,0.034446,1.748e-04,,,5545,
46400,0.022115,1.747e-04,,,5551,
46450,0.022368,1.747e-04,,,5558,
46500,0.030432,1.746e-04,,,5564,
46550,0.031905,1.746e-04,,,5570,
46600,0.032481,1.745e-04,,,5576,
46650,0.023406,1.745e-04,,,5582,
46700,0.038130,1.744e-04,,,5588,
46750,0.028022,1.744e-04,,,5594,
46800,0.027930,1.743e-04,,,5599,
46850,0.033278,1.743e-04,,,5605,
46900,0.022888,1.742e-04,,,5611,
46950,0.042742,1.741e-04,,,5617,
47000,0.032051,1.741e-04,,,5623,
47050,0.027549,1.740e-04,,,5629,
47100,0.027043,1.740e-04,,,5635,
47150,0.032289,1.739e-04,,,5641,
47200,0.035897,1.739e-04,,,5647,
47250,0.029621,1.738e-04,,,5653,
47300,0.033749,1.738e-04,,,5659,
47350,0.025438,1.737e-04,,,5665,
47400,0.033419,1.737e-04,,,5671,
47450,0.040594,1.736e-04,,,5677,
47500,0.032255,1.736e-04,,,5683,
47550,0.024966,1.735e-04,,,5689,
47600,0.038307,1.735e-04,,,5695,
47650,0.035384,1.734e-04,,,5701,
47700,0.029507,1.734e-04,,,5707,
47750,0.033161,1.733e-04,,,5713,
47800,0.026512,1.732e-04,,,5719,
47850,0.028491,1.732e-04,,,5725,
47900,0.032061,1.731e-04,,,5731,
47950,0.029773,1.731e-04,,,5737,
48000,0.038499,1.730e-04,,,5743,
48000,,,21.501,30.394,5743,
48050,0.036212,1.730e-04,,,5749,
48100,0.026332,1.729e-04,,,5755,
48150,0.036540,1.729e-04,,,5761,
48200,0.027355,1.728e-04,,,5767,
48250,0.031625,1.728e-04,,,5773,
48300,0.031056,1.727e-04,,,5779,
48350,0.033216,1.727e-04,,,5785,
48400,0.034785,1.726e-04,,,5791,
48450,0.031881,1.725e-04,,,5797,
48500,0.036094,1.725e-04,,,5803,
48550,0.031879,1.724e-04,,,5809,
48600,0.033258,1.724e-04,,,5815,
48650,0.026432,1.723e-04,,,5821,
48700,0.040975,1.723e-04,,,5827,
48750,0.031757,1.722e-04,,,5833,
48800,0.027314,1.722e-04,,,5839,
48850,0.048434,1.721e-04,,,5845,
48900,0.035839,1.721e-04,,,5851,
48950,0.029776,1.720e-04,,,5857,
49000,0.027662,1.720e-04,,,5863,
49050,0.033737,1.719e-04,,,5869,
49100,0.040179,1.718e-04,,,5875,
49150,0.034436,1.718e-04,,,5881,
49200,0.027227,1.717e-04,,,5887,
49250,0.024288,1.717e-04,,,5893,
49300,0.030590,1.716e-04,,,5899,
49350,0.030362,1.716e-04,,,5905,
49400,0.034371,1.715e-04,,,5911,
49450,0.030682,1.715e-04,,,5917,
49500,0.030407,1.714e-04,,,5923,
49550,0.029396,1.714e-04,,,5929,
49600,0.030696,1.713e-04,,,5935,
49650,0.029807,1.712e-04,,,5941,
49700,0.038970,1.712e-04,,,5947,
49750,0.031011,1.711e-04,,,5953,
49800,0.043017,1.711e-04,,,5959,
49850,0.034605,1.710e-04,,,5965,
49900,0.025163,1.710e-04,,,5971,
49950,0.027320,1.709e-04,,,5977,
50000,0.038101,1.709e-04,,,5983,
50000,,,21.501,30.490,5983,
50050,0.029154,1.708e-04,,,5989,
50100,0.032032,1.707e-04,,,5995,
50150,0.036010,1.707e-04,,,6001,
50200,0.030146,1.706e-04,,,6007,
50250,0.028105,1.706e-04,,,6013,
50300,0.049045,1.705e-04,,,6019,
50350,0.036941,1.705e-04,,,6025,
50400,0.041791,1.704e-04,,,6031,
50450,0.038095,1.704e-04,,,6037,
50500,0.032610,1.703e-04,,,6043,
50550,0.030564,1.702e-04,,,6049,
50600,0.033579,1.702e-04,,,6055,
50650,0.032366,1.701e-04,,,6061,
50700,0.029621,1.701e-04,,,6067,
50750,0.033576,1.700e-04,,,6073,
50800,0.026020,1.700e-04,,,6079,
50850,0.040118,1.699e-04,,,6085,
50900,0.040747,1.699e-04,,,6090,
50950,0.025930,1.698e-04,,,6096,
51000,0.033434,1.697e-04,,,6102,
51050,0.035251,1.697e-04,,,6108,
51100,0.029243,1.696e-04,,,6114,
51150,0.039335,1.696e-04,,,6120,
51200,0.025140,1.695e-04,,,6126,
51250,0.048498,1.695e-04,,,6132,
51300,0.036957,1.694e-04,,,6138,
51350,0.033714,1.693e-04,,,6144,
51400,0.029107,1.693e-04,,,6150,
51450,0.031962,1.692e-04,,,6156,
51500,0.029649,1.692e-04,,,6162,
51550,0.032510,1.691e-04,,,6168,
51600,0.039166,1.691e-04,,,6174,
51650,0.030846,1.690e-04,,,6180,
51700,0.031572,1.690e-04,,,6186,
51750,0.036418,1.689e-04,,,6192,
51800,0.039382,1.688e-04,,,6198,
51850,0.030631,1.688e-04,,,6204,
51900,0.024526,1.687e-04,,,6210,
51950,0.037854,1.687e-04,,,6216,
52000,0.031804,1.686e-04,,,6222,
52000,,,21.501,30.786,6222,
52050,0.031172,1.686e-04,,,6228,
52100,0.034232,1.685e-04,,,6234,
52150,0.035306,1.684e-04,,,6240,
52200,0.037170,1.684e-04,,,6246,
52250,0.030487,1.683e-04,,,6252,
52300,0.034523,1.683e-04,,,6258,
52350,0.034025,1.682e-04,,,6264,
52400,0.033235,1.682e-04,,,6270,
52450,0.026886,1.681e-04,,,6276,
52500,0.033634,1.680e-04,,,6282,
52550,0.035671,1.680e-04,,,6288,
52600,0.024323,1.679e-04,,,6294,
52650,0.030836,1.679e-04,,,6300,
52700,0.030106,1.678e-04,,,6306,
52750,0.026541,1.678e-04,,,6312,
52800,0.036542,1.677e-04,,,6318,
52850,0.044985,1.676e-04,,,6324,
52900,0.035778,1.676e-04,,,6330,
52950,0.038292,1.675e-04,,,6336,
53000,0.038556,1.675e-04,,,6342,
53050,0.026168,1.674e-04,,,6348,
53100,0.043317,1.673e-04,,,6354,
53150,0.039082,1.673e-04,,,6360,
53200,0.027747,1.672e-04,,,6366,
53250,0.031940,1.672e-04,,,6372,
53300,0.027178,1.671e-04,,,6378,
53350,0.038554,1.671e-04,,,6384,
53400,0.042427,1.670e-04,,,6390,
53450,0.030268,1.669e-04,,,6396,
53500,0.031535,1.669e-04,,,6402,
53550,0.028960,1.668e-04,,,6408,
53600,0.032878,1.668e-04,,,6414,
53650,0.043110,1.667e-04,,,6420,
53700,0.033732,1.667e-04,,,6426,
53750,0.026578,1.666e-04,,,6432,
53800,0.025293,1.665e-04,,,6438,
53850,0.021253,1.665e-04,,,6444,
53900,0.026488,1.664e-04,,,6449,
53950,0.038248,1.664e-04,,,6455,
54000,0.038179,1.663e-04,,,6461,
54000,,,21.501,29.889,6461,
54050,0.033291,1.662e-04,,,6467,
54100,0.037628,1.662e-04,,,6473,
54150,0.031415,1.661e-04,,,6479,
54200,0.035996,1.661e-04,,,6485,
54250,0.046902,1.660e-04,,,6491,
54300,0.039979,1.659e-04,,,6497,
54350,0.035119,1.659e-04,,,6503,
54400,0.030662,1.658e-04,,,6509,
54450,0.031322,1.658e-04,,,6515,
54500,0.035680,1.657e-04,,,6521,
54550,0.024996,1.657e-04,,,6527,
54600,0.028297,1.656e-04,,,6533,
54650,0.026387,1.655e-04,,,6539,
54700,0.039163,1.655e-04,,,6545,
54750,0.029214,1.654e-04,,,6551,
54800,0.026085,1.654e-04,,,6557,
54850,0.032945,1.653e-04,,,6563,
54900,0.042702,1.652e-04,,,6569,
54950,0.028299,1.652e-04,,,6575,
55000,0.032052,1.651e-04,,,6581,
55050,0.035863,1.651e-04,,,6587,
55100,0.037286,1.650e-04,,,6593,
55150,0.034391,1.649e-04,,,6599,
55200,0.030910,1.649e-04,,,6605,
55250,0.040727,1.648e-04,,,6611,
55300,0.035542,1.648e-04,,,6617,
55350,0.032733,1.647e-04,,,6623,
55400,0.028752,1.646e-04,,,6629,
55450,0.031760,1.646e-04,,,6635,
55500,0.029933,1.645e-04,,,6640,
55550,0.033576,1.645e-04,,,6646,
55600,0.028373,1.644e-04,,,6652,
55650,0.037040,1.643e-04,,,6658,
55700,0.030254,1.643e-04,,,6664,
55750,0.026414,1.642e-04,,,6670,
55800,0.031942,1.642e-04,,,6676,
55850,0.037240,1.641e-04,,,6682,
55900,0.027859,1.640e-04,,,6688,
55950,0.030952,1.640e-04,,,6694,
56000,0.031783,1.639e-04,,,6700,
56000,,,21.501,31.037,6700,
56050,0.037184,1.639e-04,,,6706,
56100,0.030868,1.638e-04,,,6712,
56150,0.029685,1.637e-04,,,6718,
56200,0.036139,1.637e-04,,,6724,
56250,0.029643,1.636e-04,,,6730,
56300,0.029997,1.636e-04,,,6736,
56350,0.041337,1.635e-04,,,6742,
56400,0.035388,1.634e-04,,,6748,
56450,0.023735,1.634e-04,,,6754,
56500,0.036196,1.633e-04,,,6760,
56550,0.029052,1.633e-04,,,6766,
56600,0.040439,1.632e-04,,,6772,
56650,0.037428,1.631e-04,,,6778,
56700,0.029497,1.631e-04,,,6784,
56750,0.031094,1.630e-04,,,6790,
56800,0.029347,1.630e-04,,,6796,
56850,0.030888,1.629e-04,,,6802,
56900,0.022136,1.628e-04,,,6808,
56950,0.027185,1.628e-04,,,6814,
57000,0.034878,1.627e-04,,,6820,
57050,0.032290,1.627e-04,,,6826,
57100,0.028622,1.626e-04,,,6832,
57150,0.040805,1.625e-04,,,6838,
57200,0.037928,1.625e-04,,,6844,
57250,0.033721,1.624e-04,,,6850,
57300,0.028410,1.623e-04,,,6856,
57350,0.024162,1.623e-04,,,6862,
57400,0.036390,1.622e-04,,,6868,
57450,0.024254,1.622e-04,,,6874,
57500,0.029026,1.621e-04,,,6880,
57550,0.026962,1.620e-04,,,6886,
57600,0.038078,1.620e-04,,,6892,
57650,0.030888,1.619e-04,,,6898,
57700,0.024116,1.619e-04,,,6904,
57750,0.040290,1.618e-04,,,6910,
57800,0.032008,1.617e-04,,,6916,
57850,0.024875,1.617e-04,,,6921,
57900,0.027098,1.616e-04,,,6927,
57950,0.037001,1.615e-04,,,6933,
58000,0.024623,1.615e-04,,,6939,
58000,,,21.501,30.447,6939,
58050,0.028720,1.614e-04,,,6945,
58100,0.026866,1.614e-04,,,6951,
58150,0.024840,1.613e-04,,,6957,
58200,0.031707,1.612e-04,,,6963,
58250,0.027657,1.612e-04,,,6969,
58300,0.028397,1.611e-04,,,6975,
58350,0.023559,1.611e-04,,,6981,
58400,0.030263,1.610e-04,,,6987,
58450,0.029182,1.609e-04,,,6993,
58500,0.037000,1.609e-04,,,6999,
58550,0.032546,1.608e-04,,,7005,
58600,0.040875,1.607e-04,,,7011,
58650,0.028798,1.607e-04,,,7017,
58700,0.029059,1.606e-04,,,7023,
58750,0.034330,1.606e-04,,,7029,
58800,0.028694,1.605e-04,,,7035,
58850,0.040278,1.604e-04,,,7041,
58900,0.032636,1.604e-04,,,7047,
58950,0.026778,1.603e-04,,,7053,
59000,0.028332,1.602e-04,,,7059,
59050,0.035026,1.602e-04,,,7065,
59100,0.033946,1.601e-04,,,7071,
59150,0.031261,1.601e-04,,,7077,
59200,0.031507,1.600e-04,,,7083,
59250,0.035343,1.599e-04,,,7089,
59300,0.026525,1.599e-04,,,7095,
59350,0.036580,1.598e-04,,,7101,
59400,0.029146,1.597e-04,,,7107,
59450,0.039216,1.597e-04,,,7113,
59500,0.037109,1.596e-04,,,7119,
59550,0.027982,1.596e-04,,,7125,
59600,0.029754,1.595e-04,,,7131,
59650,0.031874,1.594e-04,,,7137,
59700,0.050900,1.594e-04,,,7143,
59750,0.030768,1.593e-04,,,7149,
59800,0.034161,1.592e-04,,,7155,
59850,0.026263,1.592e-04,,,7161,
59900,0.040216,1.591e-04,,,7167,
59950,0.038736,1.590e-04,,,7173,
60000,0.033429,1.590e-04,,,7179,
60000,,,21.501,30.611,7179,
60050,0.030000,1.589e-04,,,7185,
60100,0.029765,1.589e-04,,,7191,
60150,0.032724,1.588e-04,,,7197,
60200,0.042854,1.587e-04,,,7203,
60250,0.035101,1.587e-04,,,7209,
60300,0.029611,1.586e-04,,,7215,
60350,0.025515,1.585e-04,,,7221,
60400,0.033462,1.585e-04,,,7227,
60450,0.035571,1.584e-04,,,7233,
60500,0.030316,1.584e-04,,,7238,
60550,0.023749,1.583e-04,,,7244,
60600,0.027573,1.582e-04,,,7250,
60650,0.029751,1.582e-04,,,7256,
60700,0.025103,1.581e-04,,,7262,
60750,0.031551,1.580e-04,,,7268,
60800,0.033451,1.580e-04,,,7274,
60850,0.033532,1.579e-04,,,7280,
60900,0.032777,1.578e-04,,,7286,
60950,0.035245,1.578e-04,,,7292,
61000,0.034228,1.577e-04,,,7298,
61050,0.037692,1.576e-04,,,7304,
61100,0.030680,1.576e-04,,,7310,
61150,0.029242,1.575e-04,,,7316,
61200,0.037118,1.575e-04,,,7322,
61250,0.033877,1.574e-04,,,7328,
61300,0.028179,1.573e-04,,,7334,
61350,0.030314,1.573e-04,,,7340,
61400,0.031119,1.572e-04,,,7346,
61450,0.038799,1.571e-04,,,7352,
61500,0.026529,1.571e-04,,,7358,
61550,0.028642,1.570e-04,,,7364,
61600,0.031543,1.569e-04,,,7370,
61650,0.037539,1.569e-04,,,7376,
61700,0.037807,1.568e-04,,,7382,
61750,0.031820,1.568e-04,,,7388,
61800,0.039030,1.567e-04,,,7394,
61850,0.029326,1.566e-04,,,7400,
61900,0.024094,1.566e-04,,,7406,
61950,0.029770,1.565e-04,,,7412,
62000,0.026909,1.564e-04,,,7418,
62000,,,21.501,30.662,7418,
62050,0.026604,1.564e-04,,,7424,
62100,0.032717,1.563e-04,,,7430,
62150,0.033353,1.562e-04,,,7436,
62200,0.033064,1.562e-04,,,7442,
62250,0.029709,1.561e-04,,,7448,
62300,0.034961,1.560e-04,,,7454,
62350,0.030097,1.560e-04,,,7459,
62400,0.031779,1.559e-04,,,7465,
62450,0.033316,1.558e-04,,,7472,
62500,0.033790,1.558e-04,,,7478,
62550,0.031083,1.557e-04,,,7483,
62600,0.029948,1.556e-04,,,7489,
62650,0.031204,1.556e-04,,,7495,
62700,0.035777,1.555e-04,,,7501,
62750,0.024874,1.555e-04,,,7507,
62800,0.033744,1.554e-04,,,7513,
62850,0.032651,1.553e-04,,,7519,
62900,0.026241,1.553e-04,,,7525,
62950,0.030266,1.552e-04,,,7531,
63000,0.033241,1.551e-04,,,7537,
63050,0.041797,1.551e-04,,,7543,
63100,0.033726,1.550e-04,,,7549,
63150,0.031742,1.549e-04,,,7555,
63200,0.030404,1.549e-04,,,7561,
63250,0.026914,1.548e-04,,,7567,
63300,0.023744,1.547e-04,,,7573,
63350,0.033065,1.547e-04,,,7579,
63400,0.036148,1.546e-04,,,7585,
63450,0.023724,1.545e-04,,,7591,
63500,0.033226,1.545e-04,,,7597,
63550,0.039558,1.544e-04,,,7603,
63600,0.047322,1.543e-04,,,7609,
63650,0.027852,1.543e-04,,,7615,
63700,0.033403,1.542e-04,,,7621,
63750,0.039310,1.541e-04,,,7627,
63800,0.040775,1.541e-04,,,7633,
63850,0.034661,1.540e-04,,,7639,
63900,0.036884,1.539e-04,,,7644,
63950,0.034736,1.539e-04,,,7650,
64000,0.022003,1.538e-04,,,7656,
64000,,,21.501,30.731,7656,
64050,0.037722,1.537e-04,,,7663,
64100,0.035266,1.537e-04,,,7669,
64150,0.034303,1.536e-04,,,7675,
64200,0.029468,1.536e-04,,,7680,
64250,0.030869,1.535e-04,,,7686,
64300,0.037314,1.534e-04,,,7692,
64350,0.034137,1.534e-04,,,7698,
64400,0.028217,1.533e-04,,,7704,
64450,0.039895,1.532e-04,,,7710,
64500,0.030542,1.532e-04,,,7716,
64550,0.041016,1.531e-04,,,7722,
64600,0.035115,1.530e-04,,,7728,
64650,0.025691,1.530e-04,,,7734,
64700,0.026138,1.529e-04,,,7740,
64750,0.035472,1.528e-04,,,7746,
64800,0.035155,1.528e-04,,,7752,
64850,0.038223,1.527e-04,,,7758,
64900,0.038230,1.526e-04,,,7764,
64950,0.030396,1.526e-04,,,7770,
65000,0.029348,1.525e-04,,,7776,
65050,0.036843,1.524e-04,,,7782,
65100,0.040329,1.524e-04,,,7788,
65150,0.026041,1.523e-04,,,7794,
65200,0.031230,1.522e-04,,,7800,
65250,0.025950,1.522e-04,,,7806,
65300,0.038213,1.521e-04,,,7812,
65350,0.024352,1.520e-04,,,7818,
65400,0.036658,1.520e-04,,,7824,
65450,0.025217,1.519e-04,,,7830,
65500,0.030734,1.518e-04,,,7836,
65550,0.024365,1.518e-04,,,7842,
65600,0.046610,1.517e-04,,,7848,
65650,0.026154,1.516e-04,,,7854,
65700,0.034012,1.516e-04,,,7860,
65750,0.043616,1.515e-04,,,7866,
65800,0.028890,1.514e-04,,,7872,
65850,0.039197,1.514e-04,,,7878,
65900,0.035277,1.513e-04,,,7883,
65950,0.037248,1.512e-04,,,7889,
66000,0.027753,1.511e-04,,,7895,
66000,,,21.501,31.076,7895,
66050,0.033967,1.511e-04,,,7901,
66100,0.030628,1.510e-04,,,7907,
66150,0.032994,1.509e-04,,,7913,
66200,0.038564,1.509e-04,,,7919,
66250,0.040298,1.508e-04,,,7925,
66300,0.030423,1.507e-04,,,7931,
66350,0.029985,1.507e-04,,,7937,
66400,0.022550,1.506e-04,,,7943,
66450,0.025722,1.505e-04,,,7949,
66500,0.032639,1.505e-04,,,7955,
66550,0.030634,1.504e-04,,,7961,
66600,0.027041,1.503e-04,,,7967,
66650,0.028813,1.503e-04,,,7973,
66700,0.051444,1.502e-04,,,7979,
66750,0.026321,1.501e-04,,,7985,
66800,0.040696,1.501e-04,,,7991,
66850,0.027121,1.500e-04,,,7997,
66900,0.030248,1.499e-04,,,8003,
66950,0.032039,1.499e-04,,,8009,
67000,0.027637,1.498e-04,,,8015,
67050,0.037928,1.497e-04,,,8021,
67100,0.034425,1.497e-04,,,8027,
67150,0.037247,1.496e-04,,,8033,
67200,0.032247,1.495e-04,,,8039,
67250,0.029334,1.495e-04,,,8045,
67300,0.030687,1.494e-04,,,8051,
67350,0.030170,1.493e-04,,,8057,
67400,0.031335,1.493e-04,,,8062,
67450,0.028832,1.492e-04,,,8068,
67500,0.030685,1.491e-04,,,8074,
67550,0.027840,1.490e-04,,,8080,
67600,0.031701,1.490e-04,,,8086,
67650,0.027134,1.489e-04,,,8092,
67700,0.030576,1.488e-04,,,8098,
67750,0.027494,1.488e-04,,,8104,
67800,0.029391,1.487e-04,,,8110,
67850,0.034197,1.486e-04,,,8116,
67900,0.034619,1.486e-04,,,8122,
67950,0.034346,1.485e-04,,,8128,
68000,0.027463,1.484e-04,,,8134,
68000,,,21.501,29.907,8134,
68050,0.034711,1.484e-04,,,8140,
68100,0.030182,1.483e-04,,,8146,
68150,0.023713,1.482e-04,,,8152,
68200,0.036647,1.482e-04,,,8158,
68250,0.029044,1.481e-04,,,8164,
68300,0.037711,1.480e-04,,,8170,
68350,0.028025,1.480e-04,,,8176,
68400,0.036744,1.479e-04,,,8182,
68450,0.030487,1.478e-04,,,8188,
68500,0.033470,1.477e-04,,,8194,
68550,0.034069,1.477e-04,,,8200,
68600,0.041328,1.476e-04,,,8206,
68650,0.036883,1.475e-04,,,8212,
68700,0.034563,1.475e-04,,,8218,
68750,0.026122,1.474e-04,,,8224,
68800,0.029158,1.473e-04,,,8230,
68850,0.036535,1.473e-04,,,8236,
68900,0.021298,1.472e-04,,,8242,
68950,0.040781,1.471e-04,,,8248,
69000,0.030649,1.471e-04,,,8254,
69050,0.036259,1.470e-04,,,8260,
69100,0.034491,1.469e-04,,,8266,
69150,0.029443,1.469e-04,,,8272,
69200,0.028932,1.468e-04,,,8278,
69250,0.033586,1.467e-04,,,8284,
69300,0.033048,1.466e-04,,,8290,
69350,0.030402,1.466e-04,,,8296,
69400,0.034448,1.465e-04,,,8302,
69450,0.025567,1.464e-04,,,8308,
69500,0.027695,1.464e-04,,,8314,
69550,0.035108,1.463e-04,,,8319,
69600,0.025850,1.462e-04,,,8325,
69650,0.034472,1.462e-04,,,8331,
69700,0.029862,1.461e-04,,,8337,
69750,0.035639,1.460e-04,,,8343,
69800,0.034325,1.460e-04,,,8349,
69850,0.030564,1.459e-04,,,8355,
69900,0.027275,1.458e-04,,,8361,
69950,0.029357,1.457e-04,,,8367,
70000,0.028193,1.457e-04,,,8373,
70000,,,21.501,30.580,8373,
70050,0.032350,1.456e-04,,,8379,
70100,0.027942,1.455e-04,,,8385,
70150,0.031048,1.455e-04,,,8391,
70200,0.032251,1.454e-04,,,8397,
70250,0.032065,1.453e-04,,,8403,
70300,0.027602,1.453e-04,,,8409,
70350,0.035990,1.452e-04,,,8415,
70400,0.024209,1.451e-04,,,8421,
70450,0.027850,1.450e-04,,,8427,
70500,0.035628,1.450e-04,,,8433,
70550,0.030293,1.449e-04,,,8439,
70600,0.037653,1.448e-04,,,8445,
70650,0.043534,1.448e-04,,,8451,
70700,0.031634,1.447e-04,,,8457,
70750,0.030917,1.446e-04,,,8463,
70800,0.032678,1.446e-04,,,8469,
70850,0.033110,1.445e-04,,,8475,
70900,0.034048,1.444e-04,,,8481,
70950,0.035989,1.443e-04,,,8487,
71000,0.027628,1.443e-04,,,8493,
71050,0.030686,1.442e-04,,,8499,
71100,0.039517,1.441e-04,,,8505,
71150,0.033709,1.441e-04,,,8511,
71200,0.037331,1.440e-04,,,8517,
71250,0.033348,1.439e-04,,,8523,
71300,0.027186,1.439e-04,,,8529,
71350,0.034349,1.438e-04,,,8535,
71400,0.023731,1.437e-04,,,8541,
71450,0.028647,1.436e-04,,,8547,
71500,0.035363,1.436e-04,,,8553,
71550,0.032544,1.435e-04,,,8559,
71600,0.036419,1.434e-04,,,8565,
71650,0.031098,1.434e-04,,,8571,
71700,0.030036,1.433e-04,,,8577,
71750,0.028358,1.432e-04,,,8583,
71800,0.026887,1.431e-04,,,8589,
71850,0.030954,1.431e-04,,,8595,
71900,0.030559,1.430e-04,,,8601,
71950,0.033438,1.429e-04,,,8607,
72000,0.028995,1.429e-04,,,8613,
72000,,,21.501,30.423,8613,
72050,0.041039,1.428e-04,,,8619,
72100,0.037916,1.427e-04,,,8625,
72150,0.025693,1.427e-04,,,8631,
72200,0.029679,1.426e-04,,,8637,
72250,0.029780,1.425e-04,,,8643,
72300,0.023458,1.424e-04,,,8649,
72350,0.033921,1.424e-04,,,8655,
72400,0.019732,1.423e-04,,,8661,
72450,0.025870,1.422e-04,,,8667,
72500,0.027793,1.422e-04,,,8673,
72550,0.026224,1.421e-04,,,8679,
72600,0.037040,1.420e-04,,,8685,
72650,0.031665,1.419e-04,,,8691,
72700,0.031258,1.419e-04,,,8697,
72750,0.032259,1.418e-04,,,8703,
72800,0.032837,1.417e-04,,,8709,
72850,0.038531,1.417e-04,,,8715,
72900,0.027222,1.416e-04,,,8720,
72950,0.035603,1.415e-04,,,8726,
73000,0.020713,1.414e-04,,,8732,
73050,0.039148,1.414e-04,,,8738,
73100,0.028251,1.413e-04,,,8744,
73150,0.027274,1.412e-04,,,8750,
73200,0.035253,1.412e-04,,,8756,
73250,0.024274,1.411e-04,,,8762,
73300,0.029553,1.410e-04,,,8768,
73350,0.032943,1.409e-04,,,8774,
73400,0.040650,1.409e-04,,,8780,
73450,0.031268,1.408e-04,,,8786,
73500,0.023503,1.407e-04,,,8792,
73550,0.030837,1.407e-04,,,8798,
73600,0.041598,1.406e-04,,,8804,
73650,0.023364,1.405e-04,,,8810,
73700,0.044043,1.404e-04,,,8816,
73750,0.027444,1.404e-04,,,8822,
73800,0.024404,1.403e-04,,,8828,
73850,0.025553,1.402e-04,,,8834,
73900,0.042098,1.402e-04,,,8840,
73950,0.027305,1.401e-04,,,8846,
74000,0.025627,1.400e-04,,,8852,
74000,,,21.501,30.374,8852,
74050,0.031562,1.399e-04,,,8858,
74100,0.040676,1.399e-04,,,8864,
74150,0.034740,1.398e-04,,,8870,
74200,0.034892,1.397e-04,,,8876,
74250,0.028971,1.397e-04,,,8882,
74300,0.032779,1.396e-04,,,8888,
74350,0.032999,1.395e-04,,,8894,
74400,0.024267,1.394e-04,,,8900,
74450,0.029524,1.394e-04,,,8906,
74500,0.036205,1.393e-04,,,8912,
74550,0.032441,1.392e-04,,,8918,
74600,0.036097,1.392e-04,,,8924,
74650,0.027027,1.391e-04,,,8930,
74700,0.031330,1.390e-04,,,8936,
74750,0.027223,1.389e-04,,,8942,
74800,0.034983,1.389e-04,,,8948,
74850,0.032835,1.388e-04,,,8954,
74900,0.027474,1.387e-04,,,8960,
74950,0.030337,1.386e-04,,,8966,
75000,0.030066,1.386e-04,,,8972,
75050,0.031762,1.385e-04,,,8978,
75100,0.029440,1.384e-04,,,8984,
75150,0.027015,1.384e-04,,,8990,
75200,0.029692,1.383e-04,,,8996,
75250,0.038997,1.382e-04,,,9002,
75300,0.037849,1.381e-04,,,9008,
75350,0.027711,1.381e-04,,,9014,
75400,0.034716,1.380e-04,,,9020,
75450,0.033437,1.379e-04,,,9026,
75500,0.038723,1.379e-04,,,9032,
75550,0.030515,1.378e-04,,,9038,
75600,0.036092,1.377e-04,,,9044,
75650,0.030076,1.376e-04,,,9050,
75700,0.040721,1.376e-04,,,9056,
75750,0.035744,1.375e-04,,,9062,
75800,0.029248,1.374e-04,,,9068,
75850,0.032670,1.373e-04,,,9074,
75900,0.025936,1.373e-04,,,9080,
75950,0.024853,1.372e-04,,,9086,
76000,0.032578,1.371e-04,,,9092,
76000,,,21.501,31.035,9092,
76050,0.032283,1.371e-04,,,9098,
76100,0.030208,1.370e-04,,,9104,
76150,0.035206,1.369e-04,,,9110,
76200,0.035836,1.368e-04,,,9116,
76250,0.023940,1.368e-04,,,9122,
76300,0.026706,1.367e-04,,,9128,
76350,0.031141,1.366e-04,,,9134,
76400,0.034208,1.365e-04,,,9140,
76450,0.035847,1.365e-04,,,9146,
76500,0.025666,1.364e-04,,,9152,
76550,0.031961,1.363e-04,,,9157,
76600,0.026280,1.363e-04,,,9163,
76650,0.032293,1.362e-04,,,9169,
76700,0.032180,1.361e-04,,,9175,
76750,0.034256,1.360e-04,,,9181,
76800,0.039447,1.360e-04,,,9187,
76850,0.032775,1.359e-04,,,9193,
76900,0.024703,1.358e-04,,,9199,
76950,0.038825,1.357e-04,,,9205,
77000,0.036378,1.357e-04,,,9211,
77050,0.027757,1.356e-04,,,9217,
77100,0.030707,1.355e-04,,,9223,
77150,0.029292,1.355e-04,,,9229,
77200,0.033191,1.354e-04,,,9235,
77250,0.022471,1.353e-04,,,9241,
77300,0.028296,1.352e-04,,,9247,
77350,0.027145,1.352e-04,,,9253,
77400,0.031833,1.351e-04,,,9259,
77450,0.036442,1.350e-04,,,9265,
77500,0.033012,1.349e-04,,,9271,
77550,0.026692,1.349e-04,,,9277,
77600,0.024699,1.348e-04,,,9283,
77650,0.028485,1.347e-04,,,9289,
77700,0.031653,1.346e-04,,,9295,
77750,0.030363,1.346e-04,,,9301,
77800,0.026544,1.345e-04,,,9307,
77850,0.028342,1.344e-04,,,9313,
77900,0.030700,1.344e-04,,,9319,
77950,0.029006,1.343e-04,,,9325,
78000,0.034487,1.342e-04,,,9331,
78000,,,21.501,31.096,9331,
78050,0.028153,1.341e-04,,,9337,
78100,0.035819,1.341e-04,,,9343,
78150,0.044128,1.340e-04,,,9349,
78200,0.031236,1.339e-04,,,9355,
78250,0.028389,1.338e-04,,,9361,
78300,0.035108,1.338e-04,,,9367,
78350,0.027394,1.337e-04,,,9373,
78400,0.032898,1.336e-04,,,9379,
78450,0.024762,1.335e-04,,,9385,
78500,0.035805,1.335e-04,,,9391,
78550,0.026343,1.334e-04,,,9397,
78600,0.037968,1.333e-04,,,9403,
78650,0.022475,1.332e-04,,,9409,
78700,0.029306,1.332e-04,,,9415,
78750,0.026046,1.331e-04,,,9421,
78800,0.026175,1.330e-04,,,9427,
78850,0.037337,1.330e-04,,,9433,
78900,0.039731,1.329e-04,,,9439,
78950,0.027025,1.328e-04,,,9445,
79000,0.031889,1.327e-04,,,9451,
79050,0.031425,1.327e-04,,,9457,
79100,0.027187,1.326e-04,,,9463,
79150,0.034936,1.325e-04,,,9469,
79200,0.028566,1.324e-04,,,9475,
79250,0.040732,1.324e-04,,,9481,
79300,0.033828,1.323e-04,,,9487,
79350,0.031512,1.322e-04,,,9493,
79400,0.027192,1.321e-04,,,9498,
79450,0.024115,1.321e-04,,,9504,
79500,0.031643,1.320e-04,,,9510,
79550,0.033902,1.319e-04,,,9516,
79600,0.031590,1.318e-04,,,9522,
79650,0.046877,1.318e-04,,,9528,
79700,0.029573,1.317e-04,,,9534,
79750,0.026574,1.316e-04,,,9540,
79800,0.029200,1.315e-04,,,9546,
79850,0.034398,1.315e-04,,,9552,
79900,0.031221,1.314e-04,,,9558,
79950,0.043966,1.313e-04,,,9564,
80000,0.028253,1.312e-04,,,9570,
80000,,,21.501,30.748,9570,
80050,0.041233,1.312e-04,,,9577,
80100,0.029522,1.311e-04,,,9583,
80150,0.028806,1.310e-04,,,9589,
80200,0.033652,1.309e-04,,,9595,
80250,0.033028,1.309e-04,,,9600,
80300,0.024126,1.308e-04,,,9606,
80350,0.029577,1.307e-04,,,9612,
80400,0.029692,1.307e-04,,,9618,
80450,0.034664,1.306e-04,,,9624,
80500,0.026955,1.305e-04,,,9630,
80550,0.034773,1.304e-04,,,9636,
80600,0.019617,1.304e-04,,,9642,
80650,0.042894,1.303e-04,,,9648,
80700,0.029528,1.302e-04,,,9654,
80750,0.035095,1.301e-04,,,9660,
80800,0.041557,1.301e-04,,,9666,
80850,0.034858,1.300e-04,,,9672,
80900,0.034334,1.299e-04,,,9678,
80950,0.029489,1.298e-04,,,9684,
81000,0.024279,1.298e-04,,,9690,
81050,0.034382,1.297e-04,,,9696,
81100,0.031820,1.296e-04,,,9702,
81150,0.024269,1.295e-04,,,9708,
81200,0.026737,1.295e-04,,,9714,
81250,0.036453,1.294e-04,,,9720,
81300,0.030723,1.293e-04,,,9726,
81350,0.035237,1.292e-04,,,9732,
81400,0.036751,1.292e-04,,,9738,
81450,0.025451,1.291e-04,,,9744,
81500,0.032994,1.290e-04,,,9750,
81550,0.025439,1.289e-04,,,9756,
81600,0.028063,1.289e-04,,,9762,
81650,0.033058,1.288e-04,,,9768,
81700,0.041539,1.287e-04,,,9774,
81750,0.023850,1.286e-04,,,9780,
81800,0.022256,1.286e-04,,,9786,
81850,0.025426,1.285e-04,,,9792,
81900,0.032571,1.284e-04,,,9798,
81950,0.055696,1.283e-04,,,9804,
82000,0.026050,1.283e-04,,,9810,
82000,,,21.501,30.794,9810,
82050,0.026918,1.282e-04,,,9816,
82100,0.040740,1.281e-04,,,9822,
82150,0.030885,1.280e-04,,,9828,
82200,0.026906,1.280e-04,,,9834,
82250,0.034601,1.279e-04,,,9840,
82300,0.028871,1.278e-04,,,9846,
82350,0.040024,1.277e-04,,,9852,
82400,0.030613,1.277e-04,,,9858,
82450,0.027033,1.276e-04,,,9864,
82500,0.045245,1.275e-04,,,9870,
82550,0.025308,1.274e-04,,,9875,
82600,0.027372,1.274e-04,,,9881,
82650,0.039364,1.273e-04,,,9887,
82700,0.038502,1.272e-04,,,9893,
82750,0.031777,1.271e-04,,,9899,
82800,0.030441,1.271e-04,,,9905,
82850,0.045108,1.270e-04,,,9911,
82900,0.033143,1.269e-04,,,9917,
82950,0.030326,1.268e-04,,,9923,
83000,0.025689,1.268e-04,,,9929,
83050,0.035659,1.267e-04,,,9935,
83100,0.024659,1.266e-04,,,9941,
83150,0.040305,1.265e-04,,,9947,
83200,0.034140,1.265e-04,,,9953,
83250,0.023156,1.264e-04,,,9959,
83300,0.022017,1.263e-04,,,9965,
83350,0.049203,1.262e-04,,,9971,
83400,0.038306,1.262e-04,,,9977,
83450,0.026000,1.261e-04,,,9983,
83500,0.030659,1.260e-04,,,9989,
83550,0.037458,1.259e-04,,,9995,
83600,0.039867,1.258e-04,,,10001,
83650,0.029746,1.258e-04,,,10007,
83700,0.029224,1.257e-04,,,10013,
83750,0.029428,1.256e-04,,,10019,
83800,0.036962,1.255e-04,,,10025,
83850,0.039274,1.255e-04,,,10031,
83900,0.031497,1.254e-04,,,10037,
83950,0.038411,1.253e-04,,,10043,
84000,0.028675,1.252e-04,,,10049,
84000,,,21.501,30.510,10049,
84050,0.032115,1.252e-04,,,10055,
84100,0.046230,1.251e-04,,,10061,
84150,0.034552,1.250e-04,,,10067,
84200,0.032019,1.249e-04,,,10073,
84250,0.037838,1.249e-04,,,10079,
84300,0.045578,1.248e-04,,,10085,
84350,0.035207,1.247e-04,,,10091,
84400,0.030394,1.246e-04,,,10097,
84450,0.033513,1.246e-04,,,10103,
84500,0.033566,1.245e-04,,,10109,
84550,0.024511,1.244e-04,,,10115,
84600,0.022662,1.243e-04,,,10121,
84650,0.036901,1.243e-04,,,10127,
84700,0.034794,1.242e-04,,,10133,
84750,0.034180,1.241e-04,,,10139,
84800,0.025069,1.240e-04,,,10145,
84850,0.032667,1.240e-04,,,10151,
84900,0.028032,1.239e-04,,,10157,
84950,0.025796,1.238e-04,,,10163,
85000,0.039634,1.237e-04,,,10169,
85050,0.037681,1.237e-04,,,10175,
85100,0.026025,1.236e-04,,,10181,
85150,0.026460,1.235e-04,,,10187,
85200,0.032355,1.234e-04,,,10193,
85250,0.045486,1.233e-04,,,10199,
85300,0.025085,1.233e-04,,,10205,
85350,0.022187,1.232e-04,,,10211,
85400,0.033849,1.231e-04,,,10217,
85450,0.039725,1.230e-04,,,10223,
85500,0.029719,1.230e-04,,,10229,
85550,0.037706,1.229e-04,,,10235,
85600,0.030861,1.228e-04,,,10240,
85650,0.028804,1.227e-04,,,10246,
85700,0.025146,1.227e-04,,,10252,
85750,0.031694,1.226e-04,,,10258,
85800,0.040937,1.225e-04,,,10264,
85850,0.027448,1.224e-04,,,10270,
85900,0.031701,1.224e-04,,,10276,
85950,0.022272,1.223e-04,,,10282,
86000,0.034844,1.222e-04,,,10288,
86000,,,21.501,30.869,10288,
86050,0.033675,1.221e-04,,,10294,
86100,0.036492,1.221e-04,,,10300,
86150,0.036405,1.220e-04,,,10306,
86200,0.030773,1.219e-04,,,10312,
86250,0.040202,1.218e-04,,,10318,
86300,0.031976,1.217e-04,,,10324,
86350,0.030452,1.217e-04,,,10330,
86400,0.024241,1.216e-04,,,10336,
86450,0.030016,1.215e-04,,,10342,
86500,0.029679,1.214e-04,,,10348,
86550,0.031668,1.214e-04,,,10354,
86600,0.026253,1.213e-04,,,10360,
86650,0.030717,1.212e-04,,,10366,
86700,0.026969,1.211e-04,,,10372,
86750,0.035222,1.211e-04,,,10378,
86800,0.038292,1.210e-04,,,10384,
86850,0.037372,1.209e-04,,,10390,
86900,0.031114,1.208e-04,,,10396,
86950,0.038369,1.208e-04,,,10402,
87000,0.032374,1.207e-04,,,10408,
87050,0.025020,1.206e-04,,,10414,
87100,0.029601,1.205e-04,,,10420,
87150,0.034718,1.204e-04,,,10426,
87200,0.029570,1.204e-04,,,10432,
87250,0.033984,1.203e-04,,,10438,
87300,0.030845,1.202e-04,,,10444,
87350,0.030546,1.201e-04,,,10450,
87400,0.024057,1.201e-04,,,10456,
87450,0.039076,1.200e-04,,,10462,
87500,0.027051,1.199e-04,,,10468,
87550,0.033476,1.198e-04,,,10474,
87600,0.039240,1.198e-04,,,10480,
87650,0.050787,1.197e-04,,,10486,
87700,0.029676,1.196e-04,,,10492,
87750,0.024695,1.195e-04,,,10498,
87800,0.032063,1.195e-04,,,10504,
87850,0.031499,1.194e-04,,,10510,
87900,0.026561,1.193e-04,,,10516,
87950,0.027722,1.192e-04,,,10522,
88000,0.035450,1.191e-04,,,10528,
88000,,,21.501,31.357,10528,
88050,0.035665,1.191e-04,,,10534,
88100,0.027512,1.190e-04,,,10540,
88150,0.031192,1.189e-04,,,10546,
88200,0.025592,1.188e-04,,,10552,
88250,0.032355,1.188e-04,,,10558,
88300,0.042928,1.187e-04,,,10564,
88350,0.026843,1.186e-04,,,10570,
88400,0.029216,1.185e-04,,,10576,
88450,0.035170,1.185e-04,,,10582,
88500,0.031731,1.184e-04,,,10588,
88550,0.031786,1.183e-04,,,10593,
88600,0.025605,1.182e-04,,,10599,
88650,0.023312,1.181e-04,,,10605,
88700,0.047891,1.181e-04,,,10611,
88750,0.025527,1.180e-04,,,10617,
88800,0.030609,1.179e-04,,,10623,
88850,0.036696,1.178e-04,,,10629,
88900,0.042410,1.178e-04,,,10635,
88950,0.036499,1.177e-04,,,10641,
89000,0.023647,1.176e-04,,,10647,
89050,0.040034,1.175e-04,,,10653,
89100,0.029567,1.175e-04,,,10659,
89150,0.022740,1.174e-04,,,10665,
89200,0.029228,1.173e-04,,,10671,
89250,0.028263,1.172e-04,,,10677,
89300,0.032641,1.171e-04,,,10683,
89350,0.031712,1.171e-04,,,10689,
89400,0.030614,1.170e-04,,,10695,
89450,0.028176,1.169e-04,,,10701,
89500,0.031427,1.168e-04,,,10707,
89550,0.037468,1.168e-04,,,10713,
89600,0.031702,1.167e-04,,,10719,
89650,0.029859,1.166e-04,,,10725,
89700,0.037821,1.165e-04,,,10731,
89750,0.035603,1.165e-04,,,10737,
89800,0.036028,1.164e-04,,,10743,
89850,0.025101,1.163e-04,,,10749,
89900,0.024041,1.162e-04,,,10755,
89950,0.030983,1.161e-04,,,10761,
90000,0.029152,1.161e-04,,,10767,
90000,,,21.501,31.318,10767,
90050,0.027901,1.160e-04,,,10773,
90100,0.026398,1.159e-04,,,10779,
90150,0.041154,1.158e-04,,,10785,
90200,0.036596,1.158e-04,,,10791,
90250,0.026089,1.157e-04,,,10797,
90300,0.030131,1.156e-04,,,10803,
90350,0.022678,1.155e-04,,,10809,
90400,0.028122,1.154e-04,,,10815,
90450,0.030510,1.154e-04,,,10821,
90500,0.029790,1.153e-04,,,10827,
90550,0.029632,1.152e-04,,,10833,
90600,0.029759,1.151e-04,,,10839,
90650,0.036914,1.151e-04,,,10845,
90700,0.030589,1.150e-04,,,10851,
90750,0.034728,1.149e-04,,,10857,
90800,0.035024,1.148e-04,,,10863,
90850,0.034344,1.148e-04,,,10869,
90900,0.023844,1.147e-04,,,10875,
90950,0.024484,1.146e-04,,,10881,
91000,0.027397,1.145e-04,,,10887,
91050,0.027237,1.144e-04,,,10893,
91100,0.033864,1.144e-04,,,10899,
91150,0.037138,1.143e-04,,,10905,
91200,0.034958,1.142e-04,,,10911,
91250,0.031480,1.141e-04,,,10917,
91300,0.027680,1.141e-04,,,10923,
91350,0.024703,1.140e-04,,,10929,
91400,0.030388,1.139e-04,,,10935,
91450,0.027904,1.138e-04,,,10941,
91500,0.036127,1.137e-04,,,10947,
91550,0.029794,1.137e-04,,,10953,
91600,0.024540,1.136e-04,,,10959,
91650,0.030382,1.135e-04,,,10965,
91700,0.037662,1.134e-04,,,10971,
91750,0.031445,1.134e-04,,,10977,
91800,0.027874,1.133e-04,,,10983,
91850,0.029867,1.132e-04,,,10989,
91900,0.038765,1.131e-04,,,10995,
91950,0.028470,1.130e-04,,,11001,
92000,0.037546,1.130e-04,,,11007,
92000,,,21.501,31.206,11007,
92050,0.041764,1.129e-04,,,11013,
92100,0.038599,1.128e-04,,,11019,
92150,0.023011,1.127e-04,,,11025,
92200,0.031467,1.127e-04,,,11031,
92250,0.033094,1.126e-04,,,11037,
92300,0.022881,1.125e-04,,,11043,
92350,0.027239,1.124e-04,,,11049,
92400,0.037840,1.124e-04,,,11055,
92450,0.036596,1.123e-04,,,11061,
92500,0.025532,1.122e-04,,,11067,
92550,0.026665,1.121e-04,,,11073,
92600,0.026622,1.120e-04,,,11079,
92650,0.027966,1.120e-04,,,11085,
92700,0.033584,1.119e-04,,,11091,
92750,0.025394,1.118e-04,,,11097,
92800,0.033047,1.117e-04,,,11103,
92850,0.024742,1.117e-04,,,11109,
92900,0.031697,1.116e-04,,,11115,
92950,0.038722,1.115e-04,,,11121,
93000,0.046518,1.114e-04,,,11127,
93050,0.037599,1.113e-04,,,11133,
93100,0.030786,1.113e-04,,,11139,
93150,0.031067,1.112e-04,,,11145,
93200,0.032361,1.111e-04,,,11151,
93250,0.033982,1.110e-04,,,11157,
93300,0.031534,1.110e-04,,,11163,
93350,0.029771,1.109e-04,,,11169,
93400,0.028219,1.108e-04,,,11175,
93450,0.030609,1.107e-04,,,11181,
93500,0.032273,1.106e-04,,,11187,
93550,0.038701,1.106e-04,,,11193,
93600,0.041620,1.105e-04,,,11199,
93650,0.023184,1.104e-04,,,11205,
93700,0.031430,1.103e-04,,,11211,
93750,0.028765,1.103e-04,,,11217,
93800,0.031725,1.102e-04,,,11223,
93850,0.025232,1.101e-04,,,11229,
93900,0.026781,1.100e-04,,,11235,
93950,0.029784,1.099e-04,,,11241,
94000,0.024061,1.099e-04,,,11247,
94000,,,21.501,31.195,11247,
94050,0.028944,1.098e-04,,,11253,
94100,0.028528,1.097e-04,,,11259,
94150,0.030526,1.096e-04,,,11265,
94200,0.039606,1.096e-04,,,11271,
94250,0.037113,1.095e-04,,,11277,
94300,0.029817,1.094e-04,,,11283,
94350,0.034973,1.093e-04,,,11289,
94400,0.031757,1.092e-04,,,11295,
94450,0.029892,1.092e-04,,,11302,
94500,0.035997,1.091e-04,,,11308,
94550,0.032995,1.090e-04,,,11314,
94600,0.025984,1.089e-04,,,11320,
94650,0.024086,1.089e-04,,,11326,
94700,0.027626,1.088e-04,,,11332,
94750,0.031604,1.087e-04,,,11338,
94800,0.035640,1.086e-04,,,11344,
94850,0.038361,1.085e-04,,,11350,
94900,0.036213,1.085e-04,,,11356,
94950,0.022244,1.084e-04,,,11362,
95000,0.036388,1.083e-04,,,11368,
95050,0.025817,1.082e-04,,,11374,
95100,0.025888,1.082e-04,,,11380,
95150,0.035463,1.081e-04,,,11386,
95200,0.028104,1.080e-04,,,11392,
95250,0.028456,1.079e-04,,,11398,
95300,0.041709,1.078e-04,,,11404,
95350,0.029641,1.078e-04,,,11410,
95400,0.034571,1.077e-04,,,11416,
95450,0.035638,1.076e-04,,,11422,
95500,0.023181,1.075e-04,,,11428,
95550,0.038884,1.074e-04,,,11434,
95600,0.032897,1.074e-04,,,11440,
95650,0.029627,1.073e-04,,,11446,
95700,0.028798,1.072e-04,,,11452,
95750,0.033583,1.071e-04,,,11458,
95800,0.040509,1.071e-04,,,11464,
95850,0.034206,1.070e-04,,,11470,
95900,0.028611,1.069e-04,,,11476,
95950,0.031601,1.068e-04,,,11481,
96000,0.030541,1.067e-04,,,11487,
96000,,,21.501,31.230,11488,
96050,0.030324,1.067e-04,,,11494,
96100,0.024891,1.066e-04,,,11500,
96150,0.025921,1.065e-04,,,11506,
96200,0.040578,1.064e-04,,,11512,
96250,0.028780,1.064e-04,,,11518,
96300,0.027259,1.063e-04,,,11524,
96350,0.034333,1.062e-04,,,11530,
96400,0.033458,1.061e-04,,,11536,
96450,0.035631,1.060e-04,,,11542,
96500,0.022782,1.060e-04,,,11548,
96550,0.022414,1.059e-04,,,11554,
96600,0.032232,1.058e-04,,,11560,
96650,0.033260,1.057e-04,,,11566,
96700,0.024766,1.057e-04,,,11572,
96750,0.029714,1.056e-04,,,11578,
96800,0.031481,1.055e-04,,,11584,
96850,0.032635,1.054e-04,,,11590,
96900,0.026309,1.053e-04,,,11596,
96950,0.033298,1.053e-04,,,11602,
97000,0.030147,1.052e-04,,,11608,
97050,0.032694,1.051e-04,,,11614,
97100,0.023541,1.050e-04,,,11620,
97150,0.037217,1.050e-04,,,11626,
97200,0.029231,1.049e-04,,,11632,
97250,0.032377,1.048e-04,,,11638,
97300,0.028373,1.047e-04,,,11644,
97350,0.024925,1.046e-04,,,11650,
97400,0.032096,1.046e-04,,,11656,
97450,0.033535,1.045e-04,,,11662,
97500,0.025975,1.044e-04,,,11668,
97550,0.026754,1.043e-04,,,11674,
97600,0.036491,1.043e-04,,,11680,
97650,0.033518,1.042e-04,,,11686,
97700,0.029947,1.041e-04,,,11692,
97750,0.028846,1.040e-04,,,11698,
97800,0.027701,1.039e-04,,,11704,
97850,0.036626,1.039e-04,,,11710,
97900,0.034356,1.038e-04,,,11716,
97950,0.024780,1.037e-04,,,11722,
98000,0.024184,1.036e-04,,,11728,
98000,,,21.501,31.073,11728,
98050,0.028077,1.035e-04,,,11734,
98100,0.032840,1.035e-04,,,11740,
98150,0.022557,1.034e-04,,,11746,
98200,0.028117,1.033e-04,,,11752,
98250,0.040758,1.032e-04,,,11758,
98300,0.021959,1.032e-04,,,11764,
98350,0.034764,1.031e-04,,,11770,
98400,0.030545,1.030e-04,,,11776,
98450,0.034392,1.029e-04,,,11782,
98500,0.029646,1.028e-04,,,11788,
98550,0.029505,1.028e-04,,,11794,
98600,0.027275,1.027e-04,,,11800,
98650,0.024346,1.026e-04,,,11806,
98700,0.034368,1.025e-04,,,11812,
98750,0.026968,1.025e-04,,,11818,
98800,0.027764,1.024e-04,,,11824,
98850,0.033529,1.023e-04,,,11830,
98900,0.024836,1.022e-04,,,11836,
98950,0.027722,1.021e-04,,,11842,
99000,0.034826,1.021e-04,,,11847,
99050,0.035854,1.020e-04,,,11853,
99100,0.028659,1.019e-04,,,11859,
99150,0.031572,1.018e-04,,,11865,
99200,0.033153,1.018e-04,,,11871,
99250,0.035957,1.017e-04,,,11878,
99300,0.030145,1.016e-04,,,11884,
99350,0.039416,1.015e-04,,,11890,
99400,0.029360,1.014e-04,,,11896,
99450,0.026597,1.014e-04,,,11901,
99500,0.031783,1.013e-04,,,11907,
99550,0.034879,1.012e-04,,,11913,
99600,0.025423,1.011e-04,,,11919,
99650,0.025485,1.010e-04,,,11925,
99700,0.029426,1.010e-04,,,11931,
99750,0.030258,1.009e-04,,,11937,
99800,0.035249,1.008e-04,,,11943,
99850,0.031075,1.007e-04,,,11949,
99900,0.035532,1.007e-04,,,11955,
99950,0.022922,1.006e-04,,,11961,
100000,0.027131,1.005e-04,,,11967,
100000,,,21.501,30.952,11967,
100050,0.028391,1.004e-04,,,11973,
100100,0.033328,1.003e-04,,,11979,
100150,0.024513,1.003e-04,,,11985,
100200,0.034737,1.002e-04,,,11991,
100250,0.028565,1.001e-04,,,11997,
100300,0.030954,1.000e-04,,,12003,
100350,0.027784,9.995e-05,,,12009,
100400,0.036137,9.987e-05,,,12015,
100450,0.025283,9.980e-05,,,12021,
100500,0.034293,9.972e-05,,,12027,
100550,0.025287,9.964e-05,,,12033,
100600,0.032327,9.956e-05,,,12039,
100650,0.027651,9.948e-05,,,12045,
100700,0.038865,9.941e-05,,,12051,
100750,0.031343,9.933e-05,,,12057,
100800,0.032955,9.925e-05,,,12063,
100850,0.034357,9.917e-05,,,12069,
100900,0.030371,9.909e-05,,,12075,
100950,0.037243,9.902e-05,,,12081,
101000,0.029756,9.894e-05,,,12087,
101050,0.034485,9.886e-05,,,12093,
101100,0.026931,9.878e-05,,,12099,
101150,0.026275,9.870e-05,,,12105,
101200,0.028756,9.862e-05,,,12111,
101250,0.025000,9.855e-05,,,12117,
101300,0.032498,9.847e-05,,,12123,
101350,0.025951,9.839e-05,,,12129,
101400,0.027687,9.831e-05,,,12135,
101450,0.030115,9.823e-05,,,12141,
101500,0.035794,9.816e-05,,,12147,
101550,0.024947,9.808e-05,,,12153,
101600,0.026455,9.800e-05,,,12159,
101650,0.024731,9.792e-05,,,12164,
101700,0.032004,9.784e-05,,,12170,
101750,0.030033,9.777e-05,,,12176,
101800,0.034610,9.769e-05,,,12182,
101850,0.032589,9.761e-05,,,12188,
101900,0.034135,9.753e-05,,,12194,
101950,0.028165,9.745e-05,,,12200,
102000,0.028284,9.737e-05,,,12206,
102000,,,21.501,31.082,12206,
102050,0.039123,9.730e-05,,,12212,
102100,0.022816,9.722e-05,,,12218,
102150,0.020981,9.714e-05,,,12224,
102200,0.025254,9.706e-05,,,12230,
102250,0.035663,9.698e-05,,,12236,
102300,0.028168,9.691e-05,,,12242,
102350,0.035304,9.683e-05,,,12248,
102400,0.027683,9.675e-05,,,12254,
102450,0.021053,9.667e-05,,,12261,
102500,0.031147,9.659e-05,,,12267,
102550,0.029974,9.652e-05,,,12273,
102600,0.038203,9.644e-05,,,12279,
102650,0.032058,9.636e-05,,,12285,
102700,0.041094,9.628e-05,,,12291,
102750,0.025722,9.620e-05,,,12297,
102800,0.025167,9.613e-05,,,12302,
102850,0.026431,9.605e-05,,,12308,
102900,0.028232,9.597e-05,,,12314,
102950,0.031751,9.589e-05,,,12320,
103000,0.033744,9.581e-05,,,12326,
103050,0.024807,9.573e-05,,,12332,
103100,0.030293,9.566e-05,,,12338,
103150,0.037418,9.558e-05,,,12344,
103200,0.027882,9.550e-05,,,12350,
103250,0.038194,9.542e-05,,,12356,
103300,0.029261,9.534e-05,,,12362,
103350,0.023110,9.527e-05,,,12368,
103400,0.025446,9.519e-05,,,12374,
103450,0.029274,9.511e-05,,,12380,
103500,0.033406,9.503e-05,,,12386,
103550,0.019805,9.495e-05,,,12392,
103600,0.024192,9.488e-05,,,12398,
103650,0.029055,9.480e-05,,,12404,
103700,0.044207,9.472e-05,,,12410,
103750,0.031509,9.464e-05,,,12416,
103800,0.024435,9.456e-05,,,12422,
103850,0.032759,9.449e-05,,,12428,
103900,0.036273,9.441e-05,,,12434,
103950,0.029450,9.433e-05,,,12440,
104000,0.032812,9.425e-05,,,12446,
104000,,,21.501,31.177,12446,
104050,0.030523,9.417e-05,,,12452,
104100,0.024564,9.410e-05,,,12458,
104150,0.034400,9.402e-05,,,12464,
104200,0.040338,9.394e-05,,,12470,
104250,0.035353,9.386e-05,,,12476,
104300,0.029888,9.378e-05,,,12482,
104350,0.029864,9.371e-05,,,12488,
104400,0.030519,9.363e-05,,,12494,
104450,0.024428,9.355e-05,,,12500,
104500,0.031933,9.347e-05,,,12506,
104550,0.024513,9.339e-05,,,12512,
104600,0.025948,9.332e-05,,,12518,
104650,0.025157,9.324e-05,,,12524,
104700,0.036135,9.316e-05,,,12530,
104750,0.028327,9.308e-05,,,12536,
104800,0.029008,9.300e-05,,,12542,
104850,0.025889,9.293e-05,,,12548,
104900,0.042878,9.285e-05,,,12554,
104950,0.039697,9.277e-05,,,12560,
105000,0.031644,9.269e-05,,,12566,
105050,0.036868,9.262e-05,,,12572,
105100,0.026904,9.254e-05,,,12578,
105150,0.029190,9.246e-05,,,12584,
105200,0.037149,9.238e-05,,,12590,
105250,0.023480,9.230e-05,,,12596,
105300,0.039428,9.223e-05,,,12602,
105350,0.028669,9.215e-05,,,12608,
105400,0.030950,9.207e-05,,,12614,
105450,0.026823,9.199e-05,,,12620,
105500,0.024590,9.191e-05,,,12626,
105550,0.026116,9.184e-05,,,12632,
105600,0.038737,9.176e-05,,,12638,
105650,0.021723,9.168e-05,,,12644,
105700,0.023955,9.160e-05,,,12650,
105750,0.030428,9.153e-05,,,12656,
105800,0.030008,9.145e-05,,,12662,
105850,0.031547,9.137e-05,,,12668,
105900,0.030955,9.129e-05,,,12674,
105950,0.039049,9.121e-05,,,12680,
106000,0.025963,9.114e-05,,,12686,
106000,,,21.501,31.169,12686,
106050,0.037082,9.106e-05,,,12692,
106100,0.037991,9.098e-05,,,12698,
106150,0.030817,9.090e-05,,,12704,
106200,0.037421,9.083e-05,,,12710,
106250,0.021770,9.075e-05,,,12716,
106300,0.036918,9.067e-05,,,12722,
106350,0.044007,9.059e-05,,,12728,
106400,0.035282,9.051e-05,,,12734,
106450,0.035828,9.044e-05,,,12740,
106500,0.033356,9.036e-05,,,12746,
106550,0.021900,9.028e-05,,,12752,
106600,0.022717,9.020e-05,,,12758,
106650,0.039097,9.013e-05,,,12764,
106700,0.031909,9.005e-05,,,12770,
106750,0.026012,8.997e-05,,,12776,
106800,0.018606,8.989e-05,,,12782,
106850,0.031875,8.981e-05,,,12788,
106900,0.029239,8.974e-05,,,12794,
106950,0.028187,8.966e-05,,,12800,
107000,0.029208,8.958e-05,,,12806,
107050,0.029025,8.950e-05,,,12812,
107100,0.030410,8.943e-05,,,12818,
107150,0.029677,8.935e-05,,,12824,
107200,0.038256,8.927e-05,,,12830,
107250,0.033853,8.919e-05,,,12836,
107300,0.036365,8.912e-05,,,12842,
107350,0.032958,8.904e-05,,,12848,
107400,0.029970,8.896e-05,,,12854,
107450,0.029892,8.888e-05,,,12860,
107500,0.034896,8.881e-05,,,12866,
107550,0.033718,8.873e-05,,,12872,
107600,0.035203,8.865e-05,,,12878,
107650,0.031972,8.857e-05,,,12884,
107700,0.030254,8.849e-05,,,12890,
107750,0.027029,8.842e-05,,,12895,
107800,0.032498,8.834e-05,,,12901,
107850,0.039567,8.826e-05,,,12907,
107900,0.032048,8.818e-05,,,12913,
107950,0.025015,8.811e-05,,,12919,
108000,0.033168,8.803e-05,,,12925,
108000,,,21.501,30.986,12925,
108050,0.030921,8.795e-05,,,12931,
108100,0.039509,8.787e-05,,,12937,
108150,0.025809,8.780e-05,,,12943,
108200,0.030532,8.772e-05,,,12949,
108250,0.033084,8.764e-05,,,12955,
108300,0.026504,8.756e-05,,,12961,
108350,0.035464,8.749e-05,,,12967,
108400,0.023399,8.741e-05,,,12973,
108450,0.029917,8.733e-05,,,12979,
108500,0.038995,8.725e-05,,,12985,
108550,0.026943,8.718e-05,,,12991,
108600,0.027717,8.710e-05,,,12997,
108650,0.025014,8.702e-05,,,13003,
108700,0.026351,8.694e-05,,,13009,
108750,0.027714,8.687e-05,,,13015,
108800,0.037077,8.679e-05,,,13021,
108850,0.041845,8.671e-05,,,13027,
108900,0.024860,8.664e-05,,,13033,
108950,0.037084,8.656e-05,,,13039,
109000,0.024454,8.648e-05,,,13045,
109050,0.036877,8.640e-05,,,13051,
109100,0.029936,8.633e-05,,,13057,
109150,0.039061,8.625e-05,,,13063,
109200,0.032940,8.617e-05,,,13069,
109250,0.031639,8.609e-05,,,13075,
109300,0.036178,8.602e-05,,,13081,
109350,0.034552,8.594e-05,,,13087,
109400,0.034657,8.586e-05,,,13093,
109450,0.031534,8.578e-05,,,13099,
109500,0.030121,8.571e-05,,,13105,
109550,0.029754,8.563e-05,,,13111,
109600,0.025779,8.555e-05,,,13117,
109650,0.023762,8.548e-05,,,13123,
109700,0.029264,8.540e-05,,,13129,
109750,0.031996,8.532e-05,,,13135,
109800,0.027190,8.524e-05,,,13141,
109850,0.022498,8.517e-05,,,13147,
109900,0.022192,8.509e-05,,,13153,
109950,0.041045,8.501e-05,,,13159,
110000,0.040287,8.493e-05,,,13165,
110000,,,21.501,31.400,13166,
110050,0.025890,8.486e-05,,,13172,
110100,0.023314,8.478e-05,,,13178,
110150,0.043152,8.470e-05,,,13184,
110200,0.024123,8.463e-05,,,13190,
110250,0.028903,8.455e-05,,,13196,
110300,0.030444,8.447e-05,,,13202,
110350,0.038287,8.439e-05,,,13208,
110400,0.021485,8.432e-05,,,13214,
110450,0.023901,8.424e-05,,,13220,
110500,0.034197,8.416e-05,,,13226,
110550,0.028957,8.409e-05,,,13232,
110600,0.036399,8.401e-05,,,13238,
110650,0.033289,8.393e-05,,,13244,
110700,0.030526,8.386e-05,,,13250,
110750,0.029950,8.378e-05,,,13256,
110800,0.029698,8.370e-05,,,13262,
110850,0.023601,8.362e-05,,,13268,
110900,0.030405,8.355e-05,,,13274,
110950,0.034597,8.347e-05,,,13280,
111000,0.035745,8.339e-05,,,13286,
111050,0.035921,8.332e-05,,,13292,
111100,0.033085,8.324e-05,,,13298,
111150,0.024580,8.316e-05,,,13304,
111200,0.029818,8.309e-05,,,13310,
111250,0.029394,8.301e-05,,,13316,
111300,0.031873,8.293e-05,,,13321,
111350,0.039366,8.285e-05,,,13327,
111400,0.022347,8.278e-05,,,13333,
111450,0.028030,8.270e-05,,,13339,
111500,0.023497,8.262e-05,,,13345,
111550,0.027364,8.255e-05,,,13351,
111600,0.035752,8.247e-05,,,13357,
111650,0.041526,8.239e-05,,,13363,
111700,0.032697,8.232e-05,,,13369,
111750,0.027064,8.224e-05,,,13375,
111800,0.030342,8.216e-05,,,13381,
111850,0.028225,8.209e-05,,,13387,
111900,0.026779,8.201e-05,,,13393,
111950,0.033746,8.193e-05,,,13399,
112000,0.025714,8.186e-05,,,13405,
112000,,,21.501,31.188,13405,
112050,0.027398,8.178e-05,,,13412,
112100,0.024385,8.170e-05,,,13417,
112150,0.032400,8.163e-05,,,13423,
112200,0.032429,8.155e-05,,,13429,
112250,0.045031,8.147e-05,,,13435,
112300,0.027991,8.140e-05,,,13441,
112350,0.045280,8.132e-05,,,13447,
112400,0.036263,8.124e-05,,,13453,
112450,0.028286,8.117e-05,,,13459,
112500,0.023794,8.109e-05,,,13465,
112550,0.031005,8.101e-05,,,13471,
112600,0.028369,8.094e-05,,,13477,
112650,0.031307,8.086e-05,,,13483,
112700,0.031389,8.078e-05,,,13489,
112750,0.028996,8.071e-05,,,13495,
112800,0.035584,8.063e-05,,,13501,
112850,0.028589,8.055e-05,,,13507,
112900,0.024201,8.048e-05,,,13513,
112950,0.032848,8.040e-05,,,13519,
113000,0.031832,8.032e-05,,,13525,
113050,0.027400,8.025e-05,,,13531,
113100,0.042275,8.017e-05,,,13537,
113150,0.030194,8.009e-05,,,13543,
113200,0.037647,8.002e-05,,,13549,
113250,0.031279,7.994e-05,,,13555,
113300,0.029641,7.986e-05,,,13561,
113350,0.023656,7.979e-05,,,13567,
113400,0.026423,7.971e-05,,,13573,
113450,0.031095,7.963e-05,,,13579,
113500,0.025509,7.956e-05,,,13585,
113550,0.035571,7.948e-05,,,13591,
113600,0.045234,7.941e-05,,,13597,
113650,0.036948,7.933e-05,,,13603,
113700,0.031625,7.925e-05,,,13609,
113750,0.029712,7.918e-05,,,13615,
113800,0.027171,7.910e-05,,,13621,
113850,0.029359,7.902e-05,,,13627,
113900,0.026819,7.895e-05,,,13633,
113950,0.028154,7.887e-05,,,13639,
114000,0.024345,7.879e-05,,,13645,
114000,,,21.501,31.306,13645,
114050,0.029039,7.872e-05,,,13651,
114100,0.019862,7.864e-05,,,13657,
114150,0.027122,7.857e-05,,,13663,
114200,0.031943,7.849e-05,,,13669,
114250,0.034177,7.841e-05,,,13675,
114300,0.026849,7.834e-05,,,13681,
114350,0.030476,7.826e-05,,,13687,
114400,0.028508,7.819e-05,,,13693,
114450,0.028968,7.811e-05,,,13699,
114500,0.022583,7.803e-05,,,13705,
114550,0.033371,7.796e-05,,,13711,
114600,0.028603,7.788e-05,,,13717,
114650,0.035814,7.780e-05,,,13723,
114700,0.028287,7.773e-05,,,13729,
114750,0.041069,7.765e-05,,,13735,
114800,0.022016,7.758e-05,,,13741,
114850,0.031317,7.750e-05,,,13747,
114900,0.030231,7.742e-05,,,13753,
114950,0.040546,7.735e-05,,,13759,
115000,0.027077,7.727e-05,,,13765,
115050,0.039653,7.720e-05,,,13771,
115100,0.027720,7.712e-05,,,13777,
115150,0.034045,7.704e-05,,,13783,
115200,0.031920,7.697e-05,,,13789,
115250,0.029744,7.689e-05,,,13795,
115300,0.024988,7.682e-05,,,13801,
115350,0.033556,7.674e-05,,,13807,
115400,0.025451,7.666e-05,,,13813,
115450,0.036798,7.659e-05,,,13819,
115500,0.032205,7.651e-05,,,13825,
115550,0.040733,7.644e-05,,,13831,
115600,0.022016,7.636e-05,,,13837,
115650,0.034506,7.629e-05,,,13843,
115700,0.032580,7.621e-05,,,13849,
115750,0.037438,7.613e-05,,,13855,
115800,0.037568,7.606e-05,,,13861,
115850,0.034569,7.598e-05,,,13867,
115900,0.030629,7.591e-05,,,13873,
115950,0.030066,7.583e-05,,,13879,
116000,0.034779,7.576e-05,,,13885,
116000,,,21.501,31.298,13885,
116050,0.035073,7.568e-05,,,13891,
116100,0.031818,7.560e-05,,,13897,
116150,0.026649,7.553e-05,,,13903,
116200,0.029325,7.545e-05,,,13909,
116250,0.028597,7.538e-05,,,13915,
116300,0.026986,7.530e-05,,,13921,
116350,0.025559,7.523e-05,,,13927,
116400,0.028036,7.515e-05,,,13933,
116450,0.033724,7.507e-05,,,13939,
116500,0.036509,7.500e-05,,,13945,
116550,0.034690,7.492e-05,,,13951,
116600,0.035683,7.485e-05,,,13957,
116650,0.039750,7.477e-05,,,13963,
116700,0.026855,7.470e-05,,,13969,
116750,0.039152,7.462e-05,,,13975,
116800,0.028674,7.455e-05,,,13981,
116850,0.035034,7.447e-05,,,13988,
116900,0.032103,7.440e-05,,,13994,
116950,0.031011,7.432e-05,,,14000,
117000,0.035686,7.424e-05,,,14005,
117050,0.034350,7.417e-05,,,14011,
117100,0.025027,7.409e-05,,,14017,
117150,0.032606,7.402e-05,,,14023,
117200,0.028565,7.394e-05,,,14029,
117250,0.032278,7.387e-05,,,14035,
117300,0.027465,7.379e-05,,,14041,
117350,0.038158,7.372e-05,,,14047,
117400,0.037866,7.364e-05,,,14053,
117450,0.034949,7.357e-05,,,14059,
117500,0.027082,7.349e-05,,,14065,
117550,0.024727,7.342e-05,,,14071,
117600,0.041420,7.334e-05,,,14077,
117650,0.036341,7.327e-05,,,14083,
117700,0.032298,7.319e-05,,,14089,
117750,0.027385,7.312e-05,,,14095,
117800,0.030623,7.304e-05,,,14101,
117850,0.022237,7.297e-05,,,14107,
117900,0.029402,7.289e-05,,,14113,
117950,0.032363,7.282e-05,,,14119,
118000,0.031427,7.274e-05,,,14125,
118000,,,21.501,31.249,14125,
118050,0.027990,7.267e-05,,,14131,
118100,0.029807,7.259e-05,,,14137,
118150,0.033858,7.252e-05,,,14143,
118200,0.028523,7.244e-05,,,14149,
118250,0.028150,7.237e-05,,,14155,
118300,0.034523,7.229e-05,,,14161,
118350,0.030467,7.222e-05,,,14167,
118400,0.029316,7.214e-05,,,14173,
118450,0.027929,7.207e-05,,,14179,
118500,0.030646,7.199e-05,,,14185,
118550,0.035068,7.192e-05,,,14191,
118600,0.027046,7.184e-05,,,14197,
118650,0.031593,7.177e-05,,,14203,
118700,0.033836,7.169e-05,,,14209,
118750,0.035426,7.162e-05,,,14215,
118800,0.023643,7.154e-05,,,14221,
118850,0.024103,7.147e-05,,,14227,
118900,0.029306,7.139e-05,,,14233,
118950,0.031247,7.132e-05,,,14239,
119000,0.027339,7.124e-05,,,14245,
119050,0.026814,7.117e-05,,,14251,
119100,0.037870,7.109e-05,,,14257,
119150,0.026785,7.102e-05,,,14263,
119200,0.033222,7.094e-05,,,14269,
119250,0.026009,7.087e-05,,,14275,
119300,0.025016,7.080e-05,,,14281,
119350,0.030650,7.072e-05,,,14287,
119400,0.027673,7.065e-05,,,14293,
119450,0.034054,7.057e-05,,,14299,
119500,0.023613,7.050e-05,,,14305,
119550,0.028674,7.042e-05,,,14311,
119600,0.027973,7.035e-05,,,14317,
119650,0.032015,7.027e-05,,,14323,
119700,0.029920,7.020e-05,,,14329,
119750,0.041207,7.012e-05,,,14335,
119800,0.041378,7.005e-05,,,14341,
119850,0.028470,6.998e-05,,,14347,
119900,0.030814,6.990e-05,,,14353,
119950,0.031099,6.983e-05,,,14359,
120000,0.029230,6.975e-05,,,14365,
120000,,,21.501,31.099,14365,
120050,0.028818,6.968e-05,,,14371,
120100,0.034781,6.960e-05,,,14377,
120150,0.035130,6.953e-05,,,14383,
120200,0.040945,6.946e-05,,,14389,
120250,0.033301,6.938e-05,,,14395,
120300,0.035317,6.931e-05,,,14401,
120350,0.036673,6.923e-05,,,14407,
120400,0.030651,6.916e-05,,,14413,
120450,0.031315,6.908e-05,,,14419,
120500,0.030894,6.901e-05,,,14425,
120550,0.023385,6.894e-05,,,14431,
120600,0.031116,6.886e-05,,,14437,
120650,0.033135,6.879e-05,,,14443,
120700,0.031422,6.871e-05,,,14449,
120750,0.024407,6.864e-05,,,14455,
120800,0.025951,6.857e-05,,,14461,
120850,0.035114,6.849e-05,,,14467,
120900,0.028086,6.842e-05,,,14473,
120950,0.036905,6.834e-05,,,14479,
121000,0.037066,6.827e-05,,,14485,
121050,0.029620,6.820e-05,,,14491,
121100,0.031400,6.812e-05,,,14497,
121150,0.028545,6.805e-05,,,14503,
121200,0.029922,6.797e-05,,,14509,
121250,0.022165,6.790e-05,,,14515,
121300,0.028285,6.783e-05,,,14521,
121350,0.041225,6.775e-05,,,14527,
121400,0.031366,6.768e-05,,,14533,
121450,0.036470,6.761e-05,,,14539,
121500,0.026679,6.753e-05,,,14545,
121550,0.029454,6.746e-05,,,14551,
121600,0.033351,6.738e-05,,,14557,
121650,0.023753,6.731e-05,,,14563,
121700,0.024992,6.724e-05,,,14569,
121750,0.044248,6.716e-05,,,14575,
121800,0.028456,6.709e-05,,,14581,
121850,0.026821,6.702e-05,,,14587,
121900,0.029982,6.694e-05,,,14593,
121950,0.023616,6.687e-05,,,14599,
122000,0.033230,6.680e-05,,,14605,
122000,,,21.501,31.071,14605,
122050,0.027079,6.672e-05,,,14611,
122100,0.031240,6.665e-05,,,14617,
122150,0.028422,6.658e-05,,,14623,
122200,0.028518,6.650e-05,,,14629,
122250,0.032604,6.643e-05,,,14635,
122300,0.038468,6.635e-05,,,14641,
122350,0.024895,6.628e-05,,,14647,
122400,0.027118,6.621e-05,,,14653,
122450,0.035317,6.613e-05,,,14659,
122500,0.032279,6.606e-05,,,14665,
122550,0.023491,6.599e-05,,,14671,
122600,0.029447,6.591e-05,,,14677,
122650,0.025351,6.584e-05,,,14683,
122700,0.029912,6.577e-05,,,14689,
122750,0.032863,6.570e-05,,,14695,
122800,0.025547,6.562e-05,,,14701,
122850,0.031395,6.555e-05,,,14707,
122900,0.044496,6.548e-05,,,14713,
122950,0.031266,6.540e-05,,,14719,
123000,0.028535,6.533e-05,,,14725,
123050,0.023216,6.526e-05,,,14731,
123100,0.028979,6.518e-05,,,14737,
123150,0.028154,6.511e-05,,,14743,
123200,0.026965,6.504e-05,,,14749,
123250,0.030935,6.496e-05,,,14755,
123300,0.026707,6.489e-05,,,14761,
123350,0.035057,6.482e-05,,,14767,
123400,0.034049,6.475e-05,,,14773,
123450,0.028649,6.467e-05,,,14779,
123500,0.037620,6.460e-05,,,14785,
123550,0.026196,6.453e-05,,,14791,
123600,0.021442,6.445e-05,,,14797,
123650,0.024606,6.438e-05,,,14803,
123700,0.031452,6.431e-05,,,14809,
123750,0.034036,6.424e-05,,,14815,
123800,0.034205,6.416e-05,,,14821,
123850,0.040845,6.409e-05,,,14827,
123900,0.021218,6.402e-05,,,14833,
123950,0.038696,6.394e-05,,,14839,
124000,0.033544,6.387e-05,,,14845,
124000,,,21.501,31.123,14845,
124050,0.022003,6.380e-05,,,14851,
124100,0.026483,6.373e-05,,,14857,
124150,0.030700,6.365e-05,,,14863,
124200,0.035956,6.358e-05,,,14869,
124250,0.031572,6.351e-05,,,14875,
124300,0.030569,6.344e-05,,,14881,
124350,0.031777,6.336e-05,,,14887,
124400,0.038413,6.329e-05,,,14893,
124450,0.036493,6.322e-05,,,14899,
124500,0.040692,6.315e-05,,,14905,
124550,0.026894,6.307e-05,,,14911,
124600,0.029121,6.300e-05,,,14917,
124650,0.030583,6.293e-05,,,14923,
124700,0.045234,6.286e-05,,,14929,
124750,0.029335,6.278e-05,,,14935,
124800,0.027268,6.271e-05,,,14941,
124850,0.025820,6.264e-05,,,14947,
124900,0.036932,6.257e-05,,,14953,
124950,0.023238,6.250e-05,,,14959,
125000,0.022912,6.242e-05,,,14965,
125050,0.015836,6.235e-05,,,14971,
125100,0.025284,6.228e-05,,,14977,
125150,0.035449,6.221e-05,,,14983,
125200,0.026948,6.213e-05,,,14989,
125250,0.027783,6.206e-05,,,14995,
125300,0.032919,6.199e-05,,,15000,
125350,0.032699,6.192e-05,,,15006,
125400,0.032447,6.185e-05,,,15012,
125450,0.032232,6.177e-05,,,15018,
125500,0.043163,6.170e-05,,,15024,
125550,0.036532,6.163e-05,,,15030,
125600,0.026491,6.156e-05,,,15036,
125650,0.036236,6.149e-05,,,15042,
125700,0.027240,6.141e-05,,,15048,
125750,0.027971,6.134e-05,,,15054,
125800,0.045174,6.127e-05,,,15060,
125850,0.029508,6.120e-05,,,15066,
125900,0.031704,6.113e-05,,,15072,
125950,0.030513,6.106e-05,,,15078,
126000,0.032876,6.098e-05,,,15084,
126000,,,21.501,31.479,15084,
126050,0.040088,6.091e-05,,,15090,
126100,0.022520,6.084e-05,,,15096,
126150,0.029173,6.077e-05,,,15102,
126200,0.025374,6.070e-05,,,15108,
126250,0.032815,6.063e-05,,,15114,
126300,0.024546,6.055e-05,,,15120,
126350,0.027982,6.048e-05,,,15126,
126400,0.030073,6.041e-05,,,15132,
126450,0.036984,6.034e-05,,,15138,
126500,0.024052,6.027e-05,,,15144,
126550,0.035207,6.020e-05,,,15150,
126600,0.033841,6.012e-05,,,15156,
126650,0.031501,6.005e-05,,,15162,
126700,0.033391,5.998e-05,,,15168,
126750,0.029852,5.991e-05,,,15174,
126800,0.038462,5.984e-05,,,15180,
126850,0.034087,5.977e-05,,,15186,
126900,0.042699,5.970e-05,,,15192,
126950,0.028202,5.963e-05,,,15198,
127000,0.034013,5.955e-05,,,15204,
127050,0.036665,5.948e-05,,,15210,
127100,0.036557,5.941e-05,,,15216,
127150,0.028562,5.934e-05,,,15222,
127200,0.025892,5.927e-05,,,15228,
127250,0.031642,5.920e-05,,,15234,
127300,0.035934,5.913e-05,,,15240,
127350,0.026336,5.906e-05,,,15246,
127400,0.036609,5.899e-05,,,15252,
127450,0.028825,5.891e-05,,,15258,
127500,0.022394,5.884e-05,,,15264,
127550,0.031355,5.877e-05,,,15270,
127600,0.026732,5.870e-05,,,15276,
127650,0.030371,5.863e-05,,,15282,
127700,0.030378,5.856e-05,,,15288,
127750,0.030281,5.849e-05,,,15294,
127800,0.033037,5.842e-05,,,15300,
127850,0.034430,5.835e-05,,,15306,
127900,0.024629,5.828e-05,,,15312,
127950,0.022543,5.821e-05,,,15318,
128000,0.029169,5.813e-05,,,15324,
128000,,,21.501,31.005,15324,
128050,0.039407,5.806e-05,,,15330,
128100,0.043670,5.799e-05,,,15336,
128150,0.033863,5.792e-05,,,15342,
128200,0.052225,5.785e-05,,,15348,
128250,0.039434,5.778e-05,,,15354,
128300,0.027226,5.771e-05,,,15360,
128350,0.032769,5.764e-05,,,15366,
128400,0.030961,5.757e-05,,,15372,
128450,0.032428,5.750e-05,,,15378,
128500,0.031538,5.743e-05,,,15384,
128550,0.038321,5.736e-05,,,15390,
128600,0.030759,5.729e-05,,,15396,
128650,0.026958,5.722e-05,,,15402,
128700,0.031664,5.715e-05,,,15408,
128750,0.033663,5.708e-05,,,15414,
128800,0.026133,5.701e-05,,,15420,
128850,0.036443,5.694e-05,,,15426,
128900,0.028514,5.687e-05,,,15432,
128950,0.018640,5.680e-05,,,15438,
129000,0.027714,5.673e-05,,,15444,
129050,0.042463,5.666e-05,,,15450,
129100,0.030460,5.659e-05,,,15456,
129150,0.035000,5.652e-05,,,15462,
129200,0.027077,5.645e-05,,,15468,
129250,0.035114,5.638e-05,,,15474,
129300,0.043445,5.631e-05,,,15479,
129350,0.034547,5.624e-05,,,15485,
129400,0.025426,5.617e-05,,,15491,
129450,0.038243,5.610e-05,,,15497,
129500,0.023830,5.603e-05,,,15503,
129550,0.023358,5.596e-05,,,15509,
129600,0.032396,5.589e-05,,,15515,
129650,0.029953,5.582e-05,,,15522,
129700,0.033088,5.575e-05,,,15528,
129750,0.028029,5.568e-05,,,15534,
129800,0.030599,5.561e-05,,,15539,
129850,0.033258,5.554e-05,,,15545,
129900,0.027597,5.547e-05,,,15551,
129950,0.040144,5.540e-05,,,15557,
130000,0.023582,5.533e-05,,,15563,
130000,,,21.501,31.310,15564,
130050,0.040339,5.526e-05,,,15570,
130100,0.041884,5.519e-05,,,15576,
130150,0.034399,5.512e-05,,,15582,
130200,0.043351,5.505e-05,,,15588,
130250,0.017715,5.498e-05,,,15594,
130300,0.031526,5.491e-05,,,15600,
130350,0.028131,5.484e-05,,,15606,
130400,0.026043,5.477e-05,,,15612,
130450,0.028952,5.470e-05,,,15618,
130500,0.030241,5.463e-05,,,15624,
130550,0.027335,5.456e-05,,,15630,
130600,0.031890,5.449e-05,,,15636,
130650,0.030125,5.443e-05,,,15642,
130700,0.034378,5.436e-05,,,15648,
130750,0.030868,5.429e-05,,,15654,
130800,0.037909,5.422e-05,,,15660,
130850,0.026750,5.415e-05,,,15666,
130900,0.026435,5.408e-05,,,15672,
130950,0.028413,5.401e-05,,,15678,
131000,0.033144,5.394e-05,,,15684,
131050,0.031820,5.387e-05,,,15690,
131100,0.042907,5.380e-05,,,15696,
131150,0.031681,5.373e-05,,,15702,
131200,0.030040,5.366e-05,,,15708,
131250,0.028396,5.360e-05,,,15714,
131300,0.026657,5.353e-05,,,15720,
131350,0.028021,5.346e-05,,,15726,
131400,0.026633,5.339e-05,,,15732,
131450,0.037415,5.332e-05,,,15738,
131500,0.027045,5.325e-05,,,15744,
131550,0.037024,5.318e-05,,,15750,
131600,0.033494,5.311e-05,,,15756,
131650,0.025723,5.305e-05,,,15762,
131700,0.032786,5.298e-05,,,15768,
131750,0.038780,5.291e-05,,,15774,
131800,0.028100,5.284e-05,,,15780,
131850,0.038834,5.277e-05,,,15786,
131900,0.028100,5.270e-05,,,15792,
131950,0.026760,5.263e-05,,,15798,
132000,0.031812,5.257e-05,,,15804,
132000,,,21.501,31.450,15804,
132050,0.033288,5.250e-05,,,15810,
132100,0.026342,5.243e-05,,,15816,
132150,0.032357,5.236e-05,,,15822,
132200,0.026938,5.229e-05,,,15828,
132250,0.025695,5.222e-05,,,15834,
132300,0.030392,5.216e-05,,,15840,
132350,0.034663,5.209e-05,,,15846,
132400,0.032270,5.202e-05,,,15852,
132450,0.036182,5.195e-05,,,15858,
132500,0.037758,5.188e-05,,,15864,
132550,0.032015,5.181e-05,,,15870,
132600,0.032240,5.175e-05,,,15876,
132650,0.034336,5.168e-05,,,15882,
132700,0.027194,5.161e-05,,,15888,
132750,0.029929,5.154e-05,,,15894,
132800,0.022798,5.147e-05,,,15900,
132850,0.025252,5.141e-05,,,15906,
132900,0.031981,5.134e-05,,,15912,
132950,0.024741,5.127e-05,,,15918,
133000,0.032116,5.120e-05,,,15924,
133050,0.036085,5.113e-05,,,15930,
133100,0.024885,5.107e-05,,,15936,
133150,0.028843,5.100e-05,,,15942,
133200,0.034000,5.093e-05,,,15948,
133250,0.027928,5.086e-05,,,15954,
133300,0.024152,5.080e-05,,,15960,
133350,0.043028,5.073e-05,,,15966,
133400,0.041771,5.066e-05,,,15972,
133450,0.036186,5.059e-05,,,15978,
133500,0.027823,5.052e-05,,,15984,
133550,0.031982,5.046e-05,,,15990,
133600,0.032787,5.039e-05,,,15996,
133650,0.031396,5.032e-05,,,16002,
133700,0.025430,5.025e-05,,,16008,
133750,0.038151,5.019e-05,,,16014,
133800,0.024347,5.012e-05,,,16020,
133850,0.026415,5.005e-05,,,16026,
133900,0.027771,4.998e-05,,,16032,
133950,0.029664,4.992e-05,,,16038,
134000,0.028217,4.985e-05,,,16044,
134000,,,21.501,31.544,16044,
134050,0.025700,4.978e-05,,,16050,
134100,0.032171,4.972e-05,,,16056,
134150,0.031797,4.965e-05,,,16062,
134200,0.031122,4.958e-05,,,16068,
134250,0.032410,4.951e-05,,,16074,
134300,0.039244,4.945e-05,,,16080,
134350,0.026825,4.938e-05,,,16086,
134400,0.037130,4.931e-05,,,16092,
134450,0.027769,4.925e-05,,,16098,
134500,0.025323,4.918e-05,,,16104,
134550,0.029989,4.911e-05,,,16110,
134600,0.030234,4.905e-05,,,16116,
134650,0.027911,4.898e-05,,,16122,
134700,0.022961,4.891e-05,,,16128,
134750,0.032491,4.884e-05,,,16134,
134800,0.026111,4.878e-05,,,16140,
134850,0.026742,4.871e-05,,,16146,
134900,0.024754,4.864e-05,,,16152,
134950,0.030646,4.858e-05,,,16158,
135000,0.034772,4.851e-05,,,16164,
135050,0.022021,4.844e-05,,,16170,
135100,0.031485,4.838e-05,,,16176,
135150,0.029169,4.831e-05,,,16182,
135200,0.032326,4.825e-05,,,16188,
135250,0.031446,4.818e-05,,,16194,
135300,0.036613,4.811e-05,,,16200,
135350,0.031007,4.805e-05,,,16206,
135400,0.054742,4.798e-05,,,16212,
135450,0.052011,4.791e-05,,,16218,
135500,0.026394,4.785e-05,,,16224,
135550,0.024168,4.778e-05,,,16230,
135600,0.030471,4.771e-05,,,16236,
135650,0.038788,4.765e-05,,,16242,
135700,0.027943,4.758e-05,,,16248,
135750,0.024420,4.752e-05,,,16254,
135800,0.024780,4.745e-05,,,16260,
135850,0.030011,4.738e-05,,,16266,
135900,0.027377,4.732e-05,,,16272,
135950,0.027506,4.725e-05,,,16278,
136000,0.034637,4.719e-05,,,16284,
136000,,,21.501,31.257,16284,
136050,0.029519,4.712e-05,,,16290,
136100,0.024201,4.705e-05,,,16296,
136150,0.037676,4.699e-05,,,16302,
136200,0.027139,4.692e-05,,,16308,
136250,0.028249,4.686e-05,,,16314,
136300,0.023237,4.679e-05,,,16320,
136350,0.037490,4.672e-05,,,16326,
136400,0.027126,4.666e-05,,,16332,
136450,0.028716,4.659e-05,,,16338,
136500,0.031402,4.653e-05,,,16344,
136550,0.032823,4.646e-05,,,16350,
136600,0.032371,4.640e-05,,,16356,
136650,0.039515,4.633e-05,,,16362,
136700,0.035403,4.626e-05,,,16368,
136750,0.025395,4.620e-05,,,16374,
136800,0.038619,4.613e-05,,,16380,
136850,0.024096,4.607e-05,,,16386,
136900,0.020714,4.600e-05,,,16392,
136950,0.036570,4.594e-05,,,16398,
137000,0.030824,4.587e-05,,,16404,
137050,0.034141,4.581e-05,,,16410,
137100,0.035382,4.574e-05,,,16416,
137150,0.027586,4.568e-05,,,16422,
137200,0.040026,4.561e-05,,,16428,
137250,0.033948,4.555e-05,,,16434,
137300,0.032212,4.548e-05,,,16440,
137350,0.038493,4.542e-05,,,16446,
137400,0.036329,4.535e-05,,,16452,
137450,0.027775,4.529e-05,,,16458,
137500,0.036952,4.522e-05,,,16464,
137550,0.027112,4.516e-05,,,16470,
137600,0.025197,4.509e-05,,,16476,
137650,0.032291,4.503e-05,,,16482,
137700,0.026671,4.496e-05,,,16488,
137750,0.028955,4.490e-05,,,16494,
137800,0.026496,4.483e-05,,,16500,
137850,0.033814,4.477e-05,,,16506,
137900,0.028749,4.470e-05,,,16512,
137950,0.035293,4.464e-05,,,16518,
138000,0.027004,4.457e-05,,,16524,
138000,,,21.501,31.379,16524,
138050,0.033918,4.451e-05,,,16530,
138100,0.035052,4.444e-05,,,16536,
138150,0.024976,4.438e-05,,,16542,
138200,0.032523,4.431e-05,,,16548,
138250,0.031762,4.425e-05,,,16554,
138300,0.023275,4.419e-05,,,16560,
138350,0.032159,4.412e-05,,,16566,
138400,0.031771,4.406e-05,,,16572,
138450,0.028223,4.399e-05,,,16578,
138500,0.038545,4.393e-05,,,16584,
138550,0.031378,4.386e-05,,,16590,
138600,0.030384,4.380e-05,,,16596,
138650,0.029980,4.374e-05,,,16602,
138700,0.024778,4.367e-05,,,16608,
138750,0.032193,4.361e-05,,,16614,
138800,0.038951,4.354e-05,,,16620,
138850,0.023832,4.348e-05,,,16626,
138900,0.030595,4.341e-05,,,16632,
138950,0.023370,4.335e-05,,,16638,
139000,0.033068,4.329e-05,,,16644,
139050,0.037735,4.322e-05,,,16650,
139100,0.037610,4.316e-05,,,16656,
139150,0.037444,4.310e-05,,,16662,
139200,0.027308,4.303e-05,,,16668,
139250,0.031047,4.297e-05,,,16674,
139300,0.025730,4.290e-05,,,16680,
139350,0.039684,4.284e-05,,,16686,
139400,0.027403,4.278e-05,,,16692,
139450,0.036225,4.271e-05,,,16698,
139500,0.029215,4.265e-05,,,16704,
139550,0.035900,4.259e-05,,,16710,
139600,0.025753,4.252e-05,,,16716,
139650,0.019797,4.246e-05,,,16722,
139700,0.033733,4.240e-05,,,16728,
139750,0.031909,4.233e-05,,,16734,
139800,0.034416,4.227e-05,,,16740,
139850,0.032710,4.221e-05,,,16746,
139900,0.024467,4.214e-05,,,16752,
139950,0.022769,4.208e-05,,,16758,
140000,0.034094,4.202e-05,,,16764,
140000,,,21.501,31.400,16765,
140050,0.030388,4.195e-05,,,16771,
140100,0.028974,4.189e-05,,,16777,
140150,0.033535,4.183e-05,,,16783,
140200,0.024341,4.176e-05,,,16789,
140250,0.027024,4.170e-05,,,16795,
140300,0.026716,4.164e-05,,,16800,
140350,0.024350,4.157e-05,,,16806,
140400,0.021964,4.151e-05,,,16812,
140450,0.030725,4.145e-05,,,16818,
140500,0.026618,4.138e-05,,,16824,
140550,0.039073,4.132e-05,,,16830,
140600,0.029639,4.126e-05,,,16836,
140650,0.027473,4.120e-05,,,16842,
140700,0.028799,4.113e-05,,,16848,
140750,0.028674,4.107e-05,,,16854,
140800,0.024107,4.101e-05,,,16860,
140850,0.030628,4.095e-05,,,16867,
140900,0.036993,4.088e-05,,,16873,
140950,0.024131,4.082e-05,,,16879,
141000,0.036219,4.076e-05,,,16885,
141050,0.031735,4.070e-05,,,16891,
141100,0.033701,4.063e-05,,,16897,
141150,0.026125,4.057e-05,,,16903,
141200,0.026266,4.051e-05,,,16909,
141250,0.026059,4.045e-05,,,16915,
141300,0.034546,4.038e-05,,,16921,
141350,0.027964,4.032e-05,,,16927,
141400,0.025649,4.026e-05,,,16933,
141450,0.019225,4.020e-05,,,16939,
141500,0.032052,4.014e-05,,,16945,
141550,0.025593,4.007e-05,,,16951,
141600,0.033825,4.001e-05,,,16957,
141650,0.029281,3.995e-05,,,16963,
141700,0.028837,3.989e-05,,,16969,
141750,0.031763,3.982e-05,,,16975,
141800,0.028112,3.976e-05,,,16981,
141850,0.035909,3.970e-05,,,16987,
141900,0.027617,3.964e-05,,,16993,
141950,0.037202,3.958e-05,,,16999,
142000,0.037097,3.952e-05,,,17005,
142000,,,21.501,31.476,17005,
142050,0.030927,3.945e-05,,,17011,
142100,0.031456,3.939e-05,,,17017,
142150,0.029138,3.933e-05,,,17023,
142200,0.027519,3.927e-05,,,17029,
142250,0.040959,3.921e-05,,,17035,
142300,0.035437,3.915e-05,,,17041,
142350,0.036014,3.908e-05,,,17047,
142400,0.031639,3.902e-05,,,17053,
142450,0.027383,3.896e-05,,,17059,
142500,0.026740,3.890e-05,,,17065,
142550,0.031662,3.884e-05,,,17071,
142600,0.040763,3.878e-05,,,17077,
142650,0.033339,3.872e-05,,,17083,
142700,0.027542,3.865e-05,,,17089,
142750,0.027859,3.859e-05,,,17095,
142800,0.035754,3.853e-05,,,17101,
142850,0.031595,3.847e-05,,,17107,
142900,0.028290,3.841e-05,,,17113,
142950,0.037185,3.835e-05,,,17119,
143000,0.036828,3.829e-05,,,17125,
143050,0.029592,3.823e-05,,,17131,
143100,0.038274,3.817e-05,,,17137,
143150,0.032719,3.811e-05,,,17143,
143200,0.033326,3.804e-05,,,17149,
143250,0.036199,3.798e-05,,,17155,
143300,0.034686,3.792e-05,,,17161,
143350,0.023710,3.786e-05,,,17167,
143400,0.025396,3.780e-05,,,17173,
143450,0.036130,3.774e-05,,,17179,
143500,0.035292,3.768e-05,,,17185,
143550,0.027207,3.762e-05,,,17191,
143600,0.040323,3.756e-05,,,17197,
143650,0.030223,3.750e-05,,,17203,
143700,0.025116,3.744e-05,,,17209,
143750,0.025114,3.738e-05,,,17215,
143800,0.027480,3.732e-05,,,17221,
143850,0.038928,3.726e-05,,,17227,
143900,0.030392,3.720e-05,,,17233,
143950,0.033907,3.714e-05,,,17239,
144000,0.029673,3.708e-05,,,17245,
144000,,,21.501,31.500,17245,
144050,0.030709,3.702e-05,,,17251,
144100,0.026145,3.696e-05,,,17257,
144150,0.030283,3.690e-05,,,17263,
144200,0.032659,3.684e-05,,,17269,
144250,0.042947,3.678e-05,,,17275,
144300,0.035052,3.672e-05,,,17281,
144350,0.026519,3.666e-05,,,17287,
144400,0.036330,3.660e-05,,,17293,
144450,0.030413,3.654e-05,,,17299,
144500,0.029478,3.648e-05,,,17305,
144550,0.026573,3.642e-05,,,17311,
144600,0.038105,3.636e-05,,,17317,
144650,0.022495,3.630e-05,,,17323,
144700,0.033503,3.624e-05,,,17329,
144750,0.027603,3.618e-05,,,17335,
144800,0.027296,3.612e-05,,,17341,
144850,0.022092,3.606e-05,,,17347,
144900,0.035227,3.600e-05,,,17353,
144950,0.026591,3.594e-05,,,17359,
145000,0.028168,3.588e-05,,,17365,
145050,0.021485,3.582e-05,,,17371,
145100,0.035761,3.576e-05,,,17377,
145150,0.034833,3.570e-05,,,17383,
145200,0.030061,3.564e-05,,,17389,
145250,0.033388,3.558e-05,,,17395,
145300,0.034154,3.552e-05,,,17401,
145350,0.028347,3.546e-05,,,17407,
145400,0.025860,3.541e-05,,,17413,
145450,0.028738,3.535e-05,,,17419,
145500,0.033292,3.529e-05,,,17425,
145550,0.028838,3.523e-05,,,17431,
145600,0.030962,3.517e-05,,,17437,
145650,0.029264,3.511e-05,,,17443,
145700,0.024767,3.505e-05,,,17449,
145750,0.026450,3.499e-05,,,17455,
145800,0.027098,3.493e-05,,,17461,
145850,0.031645,3.488e-05,,,17467,
145900,0.029735,3.482e-05,,,17473,
145950,0.035419,3.476e-05,,,17479,
146000,0.028576,3.470e-05,,,17485,
146000,,,21.501,31.362,17485,
146050,0.034051,3.464e-05,,,17491,
146100,0.039485,3.458e-05,,,17497,
146150,0.030754,3.452e-05,,,17503,
146200,0.032673,3.447e-05,,,17509,
146250,0.027203,3.441e-05,,,17514,
146300,0.029200,3.435e-05,,,17520,
146350,0.026922,3.429e-05,,,17526,
146400,0.026700,3.423e-05,,,17532,
146450,0.031194,3.417e-05,,,17538,
146500,0.024904,3.412e-05,,,17544,
146550,0.031855,3.406e-05,,,17550,
146600,0.043108,3.400e-05,,,17556,
146650,0.028650,3.394e-05,,,17562,
146700,0.030052,3.388e-05,,,17568,
146750,0.025282,3.382e-05,,,17574,
146800,0.031389,3.377e-05,,,17580,
146850,0.033224,3.371e-05,,,17586,
146900,0.029673,3.365e-05,,,17592,
146950,0.026657,3.359e-05,,,17598,
147000,0.034155,3.354e-05,,,17604,
147050,0.030467,3.348e-05,,,17610,
147100,0.026688,3.342e-05,,,17616,
147150,0.030826,3.336e-05,,,17622,
147200,0.026506,3.330e-05,,,17628,
147250,0.027281,3.325e-05,,,17634,
147300,0.024666,3.319e-05,,,17640,
147350,0.038979,3.313e-05,,,17646,
147400,0.031385,3.307e-05,,,17652,
147450,0.028947,3.302e-05,,,17658,
147500,0.025987,3.296e-05,,,17664,
147550,0.022508,3.290e-05,,,17670,
147600,0.035268,3.284e-05,,,17676,
147650,0.027952,3.279e-05,,,17682,
147700,0.034858,3.273e-05,,,17688,
147750,0.024880,3.267e-05,,,17694,
147800,0.030857,3.262e-05,,,17700,
147850,0.029336,3.256e-05,,,17706,
147900,0.025688,3.250e-05,,,17712,
147950,0.032970,3.244e-05,,,17718,
148000,0.016849,3.239e-05,,,17724,
148000,,,21.501,31.348,17724,
148050,0.029714,3.233e-05,,,17730,
148100,0.032331,3.227e-05,,,17736,
148150,0.027318,3.222e-05,,,17742,
148200,0.023308,3.216e-05,,,17748,
148250,0.024925,3.210e-05,,,17754,
148300,0.023819,3.205e-05,,,17760,
148350,0.041182,3.199e-05,,,17766,
148400,0.024747,3.193e-05,,,17772,
148450,0.026745,3.188e-05,,,17778,
148500,0.024037,3.182e-05,,,17784,
148550,0.030816,3.176e-05,,,17790,
148600,0.034432,3.171e-05,,,17796,
148650,0.031443,3.165e-05,,,17802,
148700,0.028654,3.159e-05,,,17808,
148750,0.030919,3.154e-05,,,17814,
148800,0.036140,3.148e-05,,,17820,
148850,0.033471,3.143e-05,,,17826,
148900,0.024909,3.137e-05,,,17832,
148950,0.034156,3.131e-05,,,17838,
149000,0.033517,3.126e-05,,,17844,
149050,0.030882,3.120e-05,,,17850,
149100,0.027230,3.114e-05,,,17856,
149150,0.031055,3.109e-05,,,17862,
149200,0.023551,3.103e-05,,,17868,
149250,0.033609,3.098e-05,,,17874,
149300,0.041822,3.092e-05,,,17880,
149350,0.031543,3.086e-05,,,17886,
149400,0.022768,3.081e-05,,,17892,
149450,0.032508,3.075e-05,,,17898,
149500,0.028184,3.070e-05,,,17904,
149550,0.038415,3.064e-05,,,17910,
149600,0.026349,3.059e-05,,,17916,
149650,0.022825,3.053e-05,,,17922,
149700,0.032543,3.048e-05,,,17928,
149750,0.025516,3.042e-05,,,17934,
149800,0.034360,3.036e-05,,,17940,
149850,0.035791,3.031e-05,,,17946,
149900,0.031474,3.025e-05,,,17952,
149950,0.025487,3.020e-05,,,17958,
150000,0.023337,3.014e-05,,,17964,
150000,,,21.501,31.510,17964,
150050,0.026451,3.009e-05,,,17970,
150100,0.027465,3.003e-05,,,17976,
150150,0.032979,2.998e-05,,,17982,
150200,0.026026,2.992e-05,,,17988,
150250,0.029034,2.987e-05,,,17994,
150300,0.020705,2.981e-05,,,18000,
150350,0.036660,2.976e-05,,,18006,
150400,0.032026,2.970e-05,,,18012,
150450,0.046615,2.965e-05,,,18018,
150500,0.035315,2.959e-05,,,18024,
150550,0.036136,2.954e-05,,,18030,
150600,0.031979,2.948e-05,,,18036,
150650,0.026837,2.943e-05,,,18042,
150700,0.035350,2.937e-05,,,18048,
150750,0.023037,2.932e-05,,,18054,
150800,0.026713,2.926e-05,,,18060,
150850,0.032864,2.921e-05,,,18066,
150900,0.030597,2.916e-05,,,18072,
150950,0.021399,2.910e-05,,,18078,
151000,0.025708,2.905e-05,,,18084,
151050,0.030014,2.899e-05,,,18090,
151100,0.027116,2.894e-05,,,18096,
151150,0.027097,2.888e-05,,,18102,
151200,0.025910,2.883e-05,,,18108,
151250,0.032428,2.878e-05,,,18114,
151300,0.030559,2.872e-05,,,18120,
151350,0.031767,2.867e-05,,,18126,
151400,0.027960,2.861e-05,,,18132,
151450,0.034479,2.856e-05,,,18138,
151500,0.028784,2.850e-05,,,18144,
151550,0.025770,2.845e-05,,,18150,
151600,0.031766,2.840e-05,,,18156,
151650,0.032300,2.834e-05,,,18162,
151700,0.029542,2.829e-05,,,18168,
151750,0.030639,2.824e-05,,,18174,
151800,0.024742,2.818e-05,,,18180,
151850,0.040785,2.813e-05,,,18186,
151900,0.030153,2.807e-05,,,18192,
151950,0.023833,2.802e-05,,,18198,
152000,0.031976,2.797e-05,,,18204,
152000,,,21.501,31.617,18204,
152050,0.041815,2.791e-05,,,18210,
152100,0.036081,2.786e-05,,,18216,
152150,0.028852,2.781e-05,,,18222,
152200,0.034720,2.775e-05,,,18228,
152250,0.025879,2.770e-05,,,18234,
152300,0.031076,2.765e-05,,,18240,
152350,0.030049,2.759e-05,,,18246,
152400,0.024544,2.754e-05,,,18252,
152450,0.034221,2.749e-05,,,18258,
152500,0.030703,2.743e-05,,,18264,
152550,0.023662,2.738e-05,,,18270,
152600,0.023223,2.733e-05,,,18276,
152650,0.025909,2.728e-05,,,18282,
152700,0.031301,2.722e-05,,,18288,
152750,0.027881,2.717e-05,,,18294,
152800,0.032543,2.712e-05,,,18300,
152850,0.030602,2.706e-05,,,18306,
152900,0.037859,2.701e-05,,,18312,
152950,0.028938,2.696e-05,,,18318,
153000,0.031409,2.691e-05,,,18324,
153050,0.028323,2.685e-05,,,18330,
153100,0.025136,2.680e-05,,,18336,
153150,0.033892,2.675e-05,,,18342,
153200,0.024339,2.670e-05,,,18348,
153250,0.025226,2.664e-05,,,18354,
153300,0.035630,2.659e-05,,,18360,
153350,0.032853,2.654e-05,,,18366,
153400,0.021637,2.649e-05,,,18372,
153450,0.028937,2.644e-05,,,18378,
153500,0.050040,2.638e-05,,,18384,
153550,0.031673,2.633e-05,,,18390,
153600,0.032612,2.628e-05,,,18396,
153650,0.027883,2.623e-05,,,18402,
153700,0.023517,2.617e-05,,,18408,
153750,0.031944,2.612e-05,,,18414,
153800,0.028410,2.607e-05,,,18420,
153850,0.033794,2.602e-05,,,18426,
153900,0.028568,2.597e-05,,,18432,
153950,0.032693,2.592e-05,,,18438,
154000,0.029436,2.586e-05,,,18444,
154000,,,21.501,31.323,18444,
154050,0.024518,2.581e-05,,,18450,
154100,0.029661,2.576e-05,,,18456,
154150,0.032374,2.571e-05,,,18462,
154200,0.027164,2.566e-05,,,18468,
154250,0.028928,2.561e-05,,,18474,
154300,0.027968,2.555e-05,,,18480,
154350,0.024506,2.550e-05,,,18486,
154400,0.035674,2.545e-05,,,18492,
154450,0.023565,2.540e-05,,,18498,
154500,0.032914,2.535e-05,,,18504,
154550,0.027430,2.530e-05,,,18510,
154600,0.026751,2.525e-05,,,18516,
154650,0.027529,2.520e-05,,,18522,
154700,0.035171,2.514e-05,,,18528,
154750,0.028919,2.509e-05,,,18534,
154800,0.029471,2.504e-05,,,18540,
154850,0.028007,2.499e-05,,,18546,
154900,0.029048,2.494e-05,,,18552,
154950,0.022285,2.489e-05,,,18558,
155000,0.035372,2.484e-05,,,18564,
155050,0.028640,2.479e-05,,,18570,
155100,0.026510,2.474e-05,,,18576,
155150,0.025650,2.469e-05,,,18582,
155200,0.028338,2.464e-05,,,18588,
155250,0.027485,2.459e-05,,,18594,
155300,0.045135,2.454e-05,,,18600,
155350,0.025915,2.449e-05,,,18606,
155400,0.035684,2.444e-05,,,18612,
155450,0.027060,2.438e-05,,,18618,
155500,0.037514,2.433e-05,,,18624,
155550,0.026958,2.428e-05,,,18630,
155600,0.034320,2.423e-05,,,18636,
155650,0.029424,2.418e-05,,,18642,
155700,0.030453,2.413e-05,,,18648,
155750,0.031434,2.408e-05,,,18654,
155800,0.024618,2.403e-05,,,18660,
155850,0.029122,2.398e-05,,,18666,
155900,0.024217,2.393e-05,,,18672,
155950,0.037376,2.388e-05,,,18678,
156000,0.033281,2.383e-05,,,18684,
156000,,,21.501,31.531,18684,
156050,0.021352,2.378e-05,,,18690,
156100,0.024428,2.373e-05,,,18696,
156150,0.035053,2.368e-05,,,18702,
156200,0.024827,2.364e-05,,,18708,
156250,0.031710,2.359e-05,,,18714,
156300,0.030933,2.354e-05,,,18720,
156350,0.024354,2.349e-05,,,18726,
156400,0.022344,2.344e-05,,,18732,
156450,0.022286,2.339e-05,,,18738,
156500,0.037186,2.334e-05,,,18744,
156550,0.034821,2.329e-05,,,18750,
156600,0.034488,2.324e-05,,,18756,
156650,0.031646,2.319e-05,,,18762,
156700,0.032970,2.314e-05,,,18768,
156750,0.030433,2.309e-05,,,18774,
156800,0.029140,2.304e-05,,,18780,
156850,0.029705,2.299e-05,,,18786,
156900,0.030925,2.294e-05,,,18792,
156950,0.028297,2.290e-05,,,18798,
157000,0.034931,2.285e-05,,,18804,
157050,0.033227,2.280e-05,,,18810,
157100,0.033749,2.275e-05,,,18816,
157150,0.038851,2.270e-05,,,18822,
157200,0.030655,2.265e-05,,,18828,
157250,0.028005,2.260e-05,,,18834,
157300,0.036401,2.255e-05,,,18840,
157350,0.028256,2.251e-05,,,18846,
157400,0.025030,2.246e-05,,,18852,
157450,0.025986,2.241e-05,,,18858,
157500,0.033174,2.236e-05,,,18864,
157550,0.022142,2.231e-05,,,18870,
157600,0.029451,2.226e-05,,,18876,
157650,0.019499,2.222e-05,,,18882,
157700,0.028019,2.217e-05,,,18888,
157750,0.030160,2.212e-05,,,18894,
157800,0.040880,2.207e-05,,,18900,
157850,0.033254,2.202e-05,,,18906,
157900,0.036452,2.198e-05,,,18912,
157950,0.035307,2.193e-05,,,18918,
158000,0.028423,2.188e-05,,,18924,
158000,,,21.501,31.632,18924,
158050,0.031358,2.183e-05,,,18930,
158100,0.032250,2.178e-05,,,18936,
158150,0.032498,2.174e-05,,,18942,
158200,0.028635,2.169e-05,,,18948,
158250,0.026801,2.164e-05,,,18954,
158300,0.027544,2.159e-05,,,18960,
158350,0.036974,2.155e-05,,,18966,
158400,0.032637,2.150e-05,,,18972,
158450,0.032223,2.145e-05,,,18978,
158500,0.026763,2.140e-05,,,18984,
158550,0.034944,2.136e-05,,,18990,
158600,0.028002,2.131e-05,,,18996,
158650,0.024337,2.126e-05,,,19002,
158700,0.034309,2.121e-05,,,19008,
158750,0.032599,2.117e-05,,,19014,
158800,0.028069,2.112e-05,,,19020,
158850,0.030110,2.107e-05,,,19026,
158900,0.025865,2.103e-05,,,19032,
158950,0.033576,2.098e-05,,,19038,
159000,0.028972,2.093e-05,,,19044,
159050,0.029532,2.088e-05,,,19050,
159100,0.029655,2.084e-05,,,19056,
159150,0.030177,2.079e-05,,,19062,
159200,0.036762,2.074e-05,,,19068,
159250,0.020817,2.070e-05,,,19074,
159300,0.026616,2.065e-05,,,19080,
159350,0.028262,2.060e-05,,,19086,
159400,0.030343,2.056e-05,,,19092,
159450,0.038161,2.051e-05,,,19098,
159500,0.035126,2.046e-05,,,19104,
159550,0.025366,2.042e-05,,,19110,
159600,0.030096,2.037e-05,,,19116,
159650,0.034393,2.033e-05,,,19122,
159700,0.026555,2.028e-05,,,19128,
159750,0.031572,2.023e-05,,,19134,
159800,0.038334,2.019e-05,,,19140,
159850,0.021173,2.014e-05,,,19146,
159900,0.037200,2.009e-05,,,19152,
159950,0.027279,2.005e-05,,,19158,
160000,0.023663,2.000e-05,,,19164,
160000,,,21.501,31.419,19164,
160050,0.029307,1.996e-05,,,19170,
160100,0.034820,1.991e-05,,,19176,
160150,0.036284,1.987e-05,,,19182,
160200,0.029322,1.982e-05,,,19188,
160250,0.029739,1.977e-05,,,19194,
160300,0.031663,1.973e-05,,,19200,
160350,0.028109,1.968e-05,,,19206,
160400,0.021251,1.964e-05,,,19212,
160450,0.045139,1.959e-05,,,19218,
160500,0.026504,1.955e-05,,,19224,
160550,0.030550,1.950e-05,,,19230,
160600,0.031530,1.946e-05,,,19236,
160650,0.026455,1.941e-05,,,19242,
160700,0.025748,1.936e-05,,,19248,
160750,0.038574,1.932e-05,,,19254,
160800,0.031672,1.927e-05,,,19260,
160850,0.029418,1.923e-05,,,19266,
160900,0.026173,1.918e-05,,,19272,
160950,0.038521,1.914e-05,,,19278,
161000,0.022887,1.909e-05,,,19283,
161050,0.028957,1.905e-05,,,19289,
161100,0.026346,1.900e-05,,,19295,
161150,0.032288,1.896e-05,,,19301,
161200,0.033641,1.891e-05,,,19307,
161250,0.024303,1.887e-05,,,19313,
161300,0.023860,1.883e-05,,,19319,
161350,0.023990,1.878e-05,,,19325,
161400,0.031049,1.874e-05,,,19331,
161450,0.022691,1.869e-05,,,19337,
161500,0.026783,1.865e-05,,,19343,
161550,0.027363,1.860e-05,,,19349,
161600,0.044744,1.856e-05,,,19355,
161650,0.024123,1.851e-05,,,19362,
161700,0.030842,1.847e-05,,,19368,
161750,0.032845,1.843e-05,,,19374,
161800,0.033704,1.838e-05,,,19380,
161850,0.025815,1.834e-05,,,19386,
161900,0.033864,1.829e-05,,,19392,
161950,0.034018,1.825e-05,,,19398,
162000,0.032475,1.821e-05,,,19404,
162000,,,21.501,31.511,19404,
162050,0.034537,1.816e-05,,,19410,
162100,0.041085,1.812e-05,,,19416,
162150,0.039325,1.807e-05,,,19422,
162200,0.022595,1.803e-05,,,19428,
162250,0.030280,1.799e-05,,,19434,
162300,0.030763,1.794e-05,,,19440,
162350,0.022348,1.790e-05,,,19446,
162400,0.027467,1.786e-05,,,19452,
162450,0.034424,1.781e-05,,,19458,
162500,0.025847,1.777e-05,,,19464,
162550,0.033844,1.773e-05,,,19470,
162600,0.037686,1.768e-05,,,19476,
162650,0.020235,1.764e-05,,,19482,
162700,0.027857,1.760e-05,,,19488,
162750,0.033745,1.755e-05,,,19494,
162800,0.020906,1.751e-05,,,19500,
162850,0.033271,1.747e-05,,,19506,
162900,0.029006,1.742e-05,,,19512,
162950,0.036094,1.738e-05,,,19518,
163000,0.033340,1.734e-05,,,19524,
163050,0.033574,1.729e-05,,,19530,
163100,0.028936,1.725e-05,,,19536,
163150,0.026814,1.721e-05,,,19542,
163200,0.029324,1.717e-05,,,19548,
163250,0.039951,1.712e-05,,,19554,
163300,0.036672,1.708e-05,,,19560,
163350,0.032164,1.704e-05,,,19566,
163400,0.042014,1.700e-05,,,19572,
163450,0.027830,1.695e-05,,,19578,
163500,0.035717,1.691e-05,,,19584,
163550,0.026580,1.687e-05,,,19590,
163600,0.023843,1.683e-05,,,19596,
163650,0.021685,1.678e-05,,,19602,
163700,0.034733,1.674e-05,,,19608,
163750,0.030574,1.670e-05,,,19614,
163800,0.026207,1.666e-05,,,19620,
163850,0.034422,1.662e-05,,,19626,
163900,0.040408,1.657e-05,,,19632,
163950,0.032381,1.653e-05,,,19638,
164000,0.031042,1.649e-05,,,19644,
164000,,,21.501,31.609,19644,
164050,0.030490,1.645e-05,,,19650,
164100,0.034899,1.641e-05,,,19656,
164150,0.022522,1.636e-05,,,19662,
164200,0.027543,1.632e-05,,,19668,
164250,0.024712,1.628e-05,,,19674,
164300,0.029800,1.624e-05,,,19680,
164350,0.032183,1.620e-05,,,19686,
164400,0.038754,1.616e-05,,,19692,
164450,0.029959,1.611e-05,,,19698,
164500,0.034931,1.607e-05,,,19704,
164550,0.030374,1.603e-05,,,19710,
164600,0.020604,1.599e-05,,,19716,
164650,0.036563,1.595e-05,,,19722,
164700,0.026281,1.591e-05,,,19728,
164750,0.029386,1.587e-05,,,19733,
164800,0.031269,1.583e-05,,,19739,
164850,0.040132,1.579e-05,,,19745,
164900,0.028227,1.574e-05,,,19751,
164950,0.033474,1.570e-05,,,19757,
165000,0.026512,1.566e-05,,,19763,
165050,0.033728,1.562e-05,,,19769,
165100,0.033509,1.558e-05,,,19775,
165150,0.032105,1.554e-05,,,19781,
165200,0.025219,1.550e-05,,,19787,
165250,0.024180,1.546e-05,,,19793,
165300,0.031589,1.542e-05,,,19799,
165350,0.033858,1.538e-05,,,19805,
165400,0.029355,1.534e-05,,,19811,
165450,0.032770,1.530e-05,,,19817,
165500,0.029914,1.526e-05,,,19823,
165550,0.031900,1.522e-05,,,19829,
165600,0.031810,1.518e-05,,,19835,
165650,0.027026,1.514e-05,,,19841,
165700,0.023511,1.510e-05,,,19847,
165750,0.036956,1.506e-05,,,19853,
165800,0.029376,1.502e-05,,,19859,
165850,0.033802,1.498e-05,,,19865,
165900,0.036099,1.494e-05,,,19871,
165950,0.034063,1.490e-05,,,19877,
166000,0.031947,1.486e-05,,,19883,
166000,,,21.501,31.641,19883,
166050,0.039824,1.482e-05,,,19889,
166100,0.022294,1.478e-05,,,19895,
166150,0.023977,1.474e-05,,,19901,
166200,0.024987,1.470e-05,,,19907,
166250,0.037105,1.466e-05,,,19913,
166300,0.025675,1.462e-05,,,19919,
166350,0.032052,1.458e-05,,,19925,
166400,0.031696,1.454e-05,,,19931,
166450,0.020664,1.450e-05,,,19937,
166500,0.020809,1.446e-05,,,19943,
166550,0.028517,1.442e-05,,,19949,
166600,0.027385,1.438e-05,,,19955,
166650,0.026317,1.434e-05,,,19961,
166700,0.034158,1.430e-05,,,19967,
166750,0.027369,1.427e-05,,,19973,
166800,0.032574,1.423e-05,,,19979,
166850,0.032120,1.419e-05,,,19985,
166900,0.028816,1.415e-05,,,19991,
166950,0.022475,1.411e-05,,,19997,
167000,0.035200,1.407e-05,,,20003,
167050,0.022382,1.403e-05,,,20009,
167100,0.033402,1.399e-05,,,20015,
167150,0.031318,1.396e-05,,,20021,
167200,0.026398,1.392e-05,,,20027,
167250,0.034300,1.388e-05,,,20033,
167300,0.031268,1.384e-05,,,20039,
167350,0.037670,1.380e-05,,,20045,
167400,0.030570,1.376e-05,,,20051,
167450,0.028841,1.372e-05,,,20057,
167500,0.023552,1.369e-05,,,20063,
167550,0.030724,1.365e-05,,,20069,
167600,0.027471,1.361e-05,,,20075,
167650,0.028828,1.357e-05,,,20081,
167700,0.031927,1.353e-05,,,20087,
167750,0.036436,1.350e-05,,,20093,
167800,0.030633,1.346e-05,,,20099,
167850,0.040111,1.342e-05,,,20105,
167900,0.033836,1.338e-05,,,20111,
167950,0.028097,1.335e-05,,,20117,
168000,0.027160,1.331e-05,,,20123,
168000,,,21.501,31.657,20123,
168050,0.024665,1.327e-05,,,20129,
168100,0.037007,1.323e-05,,,20135,
168150,0.020628,1.319e-05,,,20141,
168200,0.032935,1.316e-05,,,20147,
168250,0.026357,1.312e-05,,,20153,
168300,0.034854,1.308e-05,,,20159,
168350,0.033688,1.305e-05,,,20165,
168400,0.035557,1.301e-05,,,20171,
168450,0.028675,1.297e-05,,,20177,
168500,0.031507,1.293e-05,,,20183,
168550,0.029760,1.290e-05,,,20189,
168600,0.028324,1.286e-05,,,20195,
168650,0.032105,1.282e-05,,,20201,
168700,0.038367,1.279e-05,,,20207,
168750,0.031970,1.275e-05,,,20213,
168800,0.030238,1.271e-05,,,20219,
168850,0.026924,1.268e-05,,,20225,
168900,0.034856,1.264e-05,,,20231,
168950,0.029183,1.260e-05,,,20237,
169000,0.030229,1.257e-05,,,20243,
169050,0.027455,1.253e-05,,,20249,
169100,0.031718,1.249e-05,,,20255,
169150,0.030969,1.246e-05,,,20261,
169200,0.033109,1.242e-05,,,20267,
169250,0.024975,1.238e-05,,,20273,
169300,0.020293,1.235e-05,,,20279,
169350,0.034479,1.231e-05,,,20285,
169400,0.033874,1.227e-05,,,20291,
169450,0.025689,1.224e-05,,,20297,
169500,0.033441,1.220e-05,,,20303,
169550,0.023850,1.217e-05,,,20309,
169600,0.018361,1.213e-05,,,20315,
169650,0.028955,1.209e-05,,,20321,
169700,0.027578,1.206e-05,,,20327,
169750,0.031476,1.202e-05,,,20333,
169800,0.026550,1.199e-05,,,20339,
169850,0.030915,1.195e-05,,,20345,
169900,0.021772,1.192e-05,,,20351,
169950,0.022152,1.188e-05,,,20357,
170000,0.026750,1.184e-05,,,20363,
170000,,,21.501,31.636,20363,
170050,0.026883,1.181e-05,,,20369,
170100,0.023924,1.177e-05,,,20375,
170150,0.029818,1.174e-05,,,20381,
170200,0.028661,1.170e-05,,,20387,
170250,0.031223,1.167e-05,,,20393,
170300,0.026191,1.163e-05,,,20399,
170350,0.034436,1.160e-05,,,20405,
170400,0.041642,1.156e-05,,,20411,
170450,0.027631,1.153e-05,,,20417,
170500,0.029995,1.149e-05,,,20423,
170550,0.028874,1.146e-05,,,20429,
170600,0.037715,1.142e-05,,,20435,
170650,0.031587,1.139e-05,,,20441,
170700,0.028876,1.135e-05,,,20447,
170750,0.038579,1.132e-05,,,20453,
170800,0.027139,1.128e-05,,,20459,
170850,0.026537,1.125e-05,,,20465,
170900,0.025893,1.122e-05,,,20471,
170950,0.038542,1.118e-05,,,20477,
171000,0.029152,1.115e-05,,,20483,
171050,0.032904,1.111e-05,,,20489,
171100,0.029294,1.108e-05,,,20495,
171150,0.029951,1.104e-05,,,20501,
171200,0.030178,1.101e-05,,,20507,
171250,0.025942,1.098e-05,,,20513,
171300,0.028581,1.094e-05,,,20519,
171350,0.029826,1.091e-05,,,20525,
171400,0.032880,1.087e-05,,,20531,
171450,0.028015,1.084e-05,,,20537,
171500,0.041060,1.081e-05,,,20543,
171550,0.031891,1.077e-05,,,20549,
171600,0.028738,1.074e-05,,,20555,
171650,0.032597,1.070e-05,,,20561,
171700,0.026849,1.067e-05,,,20567,
171750,0.031626,1.064e-05,,,20573,
171800,0.039325,1.060e-05,,,20579,
171850,0.021236,1.057e-05,,,20585,
171900,0.030033,1.054e-05,,,20591,
171950,0.034686,1.050e-05,,,20597,
172000,0.027458,1.047e-05,,,20603,
172000,,,21.501,31.613,20603,
172050,0.029949,1.044e-05,,,20609,
172100,0.029740,1.040e-05,,,20615,
172150,0.029799,1.037e-05,,,20621,
172200,0.028964,1.034e-05,,,20627,
172250,0.022824,1.030e-05,,,20633,
172300,0.034241,1.027e-05,,,20639,
172350,0.027824,1.024e-05,,,20645,
172400,0.026130,1.021e-05,,,20651,
172450,0.027472,1.017e-05,,,20657,
172500,0.024681,1.014e-05,,,20663,
172550,0.030716,1.011e-05,,,20669,
172600,0.028626,1.007e-05,,,20675,
172650,0.033822,1.004e-05,,,20681,
172700,0.040951,1.001e-05,,,20687,
172750,0.025599,9.977e-06,,,20693,
172800,0.027348,9.944e-06,,,20699,
172850,0.034403,9.912e-06,,,20706,
172900,0.025384,9.880e-06,,,20712,
172950,0.027346,9.848e-06,,,20718,
173000,0.029917,9.815e-06,,,20724,
173050,0.020250,9.783e-06,,,20730,
173100,0.033827,9.751e-06,,,20736,
173150,0.027233,9.719e-06,,,20742,
173200,0.030956,9.687e-06,,,20748,
173250,0.042993,9.655e-06,,,20754,
173300,0.028352,9.623e-06,,,20760,
173350,0.020500,9.592e-06,,,20766,
173400,0.030076,9.560e-06,,,20772,
173450,0.034067,9.528e-06,,,20778,
173500,0.020722,9.497e-06,,,20784,
173550,0.027079,9.465e-06,,,20790,
173600,0.032736,9.434e-06,,,20796,
173650,0.028775,9.402e-06,,,20802,
173700,0.039703,9.371e-06,,,20808,
173750,0.047747,9.339e-06,,,20814,
173800,0.035038,9.308e-06,,,20820,
173850,0.025174,9.277e-06,,,20826,
173900,0.030851,9.246e-06,,,20832,
173950,0.033446,9.214e-06,,,20838,
174000,0.028925,9.183e-06,,,20844,
174000,,,21.501,31.630,20844,
174050,0.034164,9.152e-06,,,20850,
174100,0.032526,9.121e-06,,,20856,
174150,0.028871,9.091e-06,,,20862,
174200,0.040913,9.060e-06,,,20868,
174250,0.034240,9.029e-06,,,20874,
174300,0.037383,8.998e-06,,,20880,
174350,0.025841,8.968e-06,,,20886,
174400,0.035227,8.937e-06,,,20892,
174450,0.034593,8.906e-06,,,20898,
174500,0.032919,8.876e-06,,,20904,
174550,0.029355,8.845e-06,,,20910,
174600,0.026412,8.815e-06,,,20916,
174650,0.020794,8.785e-06,,,20922,
174700,0.036257,8.754e-06,,,20928,
174750,0.028792,8.724e-06,,,20934,
174800,0.040674,8.694e-06,,,20940,
174850,0.039441,8.664e-06,,,20946,
174900,0.025657,8.634e-06,,,20952,
174950,0.032372,8.604e-06,,,20958,
175000,0.028096,8.574e-06,,,20964,
175050,0.025665,8.544e-06,,,20970,
175100,0.046990,8.514e-06,,,20976,
175150,0.030945,8.485e-06,,,20982,
175200,0.032619,8.455e-06,,,20988,
175250,0.045177,8.425e-06,,,20994,
175300,0.023583,8.396e-06,,,21000,
175350,0.027841,8.366e-06,,,21006,
175400,0.032221,8.337e-06,,,21012,
175450,0.024275,8.307e-06,,,21018,
175500,0.031025,8.278e-06,,,21024,
175550,0.027949,8.248e-06,,,21030,
175600,0.036479,8.219e-06,,,21036,
175650,0.026107,8.190e-06,,,21042,
175700,0.024576,8.161e-06,,,21048,
175750,0.024861,8.132e-06,,,21054,
175800,0.028893,8.103e-06,,,21060,
175850,0.030443,8.074e-06,,,21066,
175900,0.027959,8.045e-06,,,21072,
175950,0.027498,8.016e-06,,,21078,
176000,0.021176,7.987e-06,,,21084,
176000,,,21.501,31.613,21084,
176050,0.032863,7.959e-06,,,21090,
176100,0.031826,7.930e-06,,,21096,
176150,0.037232,7.901e-06,,,21102,
176200,0.029776,7.873e-06,,,21108,
176250,0.038154,7.844e-06,,,21114,
176300,0.021080,7.816e-06,,,21120,
176350,0.036836,7.787e-06,,,21126,
176400,0.026716,7.759e-06,,,21132,
176450,0.026940,7.731e-06,,,21139,
176500,0.025995,7.702e-06,,,21145,
176550,0.031317,7.674e-06,,,21151,
176600,0.019696,7.646e-06,,,21157,
176650,0.041200,7.618e-06,,,21163,
176700,0.030681,7.590e-06,,,21169,
176750,0.028333,7.562e-06,,,21175,
176800,0.040908,7.534e-06,,,21181,
176850,0.033148,7.506e-06,,,21187,
176900,0.019993,7.479e-06,,,21193,
176950,0.026215,7.451e-06,,,21199,
177000,0.025966,7.423e-06,,,21205,
177050,0.028031,7.396e-06,,,21211,
177100,0.026233,7.368e-06,,,21216,
177150,0.030819,7.341e-06,,,21222,
177200,0.027144,7.313e-06,,,21228,
177250,0.038180,7.286e-06,,,21234,
177300,0.031540,7.259e-06,,,21240,
177350,0.037492,7.231e-06,,,21246,
177400,0.032213,7.204e-06,,,21252,
177450,0.030665,7.177e-06,,,21258,
177500,0.036317,7.150e-06,,,21264,
177550,0.024861,7.123e-06,,,21270,
177600,0.040348,7.096e-06,,,21276,
177650,0.028393,7.069e-06,,,21282,
177700,0.030740,7.042e-06,,,21288,
177750,0.029350,7.015e-06,,,21294,
177800,0.030865,6.989e-06,,,21300,
177850,0.031963,6.962e-06,,,21306,
177900,0.025517,6.935e-06,,,21312,
177950,0.024627,6.909e-06,,,21318,
178000,0.023982,6.882e-06,,,21324,
178000,,,21.501,31.529,21324,
178050,0.040157,6.856e-06,,,21330,
178100,0.027724,6.830e-06,,,21336,
178150,0.028207,6.803e-06,,,21342,
178200,0.027154,6.777e-06,,,21348,
178250,0.031042,6.751e-06,,,21354,
178300,0.033878,6.725e-06,,,21360,
178350,0.027338,6.698e-06,,,21366,
178400,0.023220,6.672e-06,,,21372,
178450,0.032738,6.646e-06,,,21378,
178500,0.024010,6.621e-06,,,21384,
178550,0.027028,6.595e-06,,,21390,
178600,0.036090,6.569e-06,,,21396,
178650,0.037269,6.543e-06,,,21402,
178700,0.029977,6.517e-06,,,21408,
178750,0.027461,6.492e-06,,,21414,
178800,0.038909,6.466e-06,,,21420,
178850,0.028446,6.441e-06,,,21426,
178900,0.027656,6.415e-06,,,21432,
178950,0.037786,6.390e-06,,,21438,
179000,0.042261,6.365e-06,,,21444,
179050,0.025316,6.339e-06,,,21450,
179100,0.036414,6.314e-06,,,21456,
179150,0.028924,6.289e-06,,,21463,
179200,0.032056,6.264e-06,,,21469,
179250,0.029512,6.239e-06,,,21475,
179300,0.024728,6.214e-06,,,21481,
179350,0.036743,6.189e-06,,,21487,
179400,0.032100,6.164e-06,,,21493,
179450,0.028478,6.139e-06,,,21499,
179500,0.033768,6.114e-06,,,21505,
179550,0.026426,6.090e-06,,,21511,
179600,0.029402,6.065e-06,,,21517,
179650,0.030788,6.040e-06,,,21523,
179700,0.022107,6.016e-06,,,21529,
179750,0.025072,5.991e-06,,,21535,
179800,0.028265,5.967e-06,,,21541,
179850,0.042063,5.943e-06,,,21547,
179900,0.034005,5.918e-06,,,21553,
179950,0.035328,5.894e-06,,,21559,
180000,0.032439,5.870e-06,,,21565,
180000,,,21.501,31.657,21565,
180050,0.027224,5.846e-06,,,21571,
180100,0.032600,5.822e-06,,,21577,
180150,0.032332,5.798e-06,,,21583,
180200,0.031343,5.774e-06,,,21589,
180250,0.032894,5.750e-06,,,21595,
180300,0.042102,5.726e-06,,,21601,
180350,0.034089,5.702e-06,,,21607,
180400,0.027794,5.679e-06,,,21613,
180450,0.033028,5.655e-06,,,21619,
180500,0.032108,5.631e-06,,,21626,
180550,0.036585,5.608e-06,,,21632,
180600,0.027094,5.584e-06,,,21638,
180650,0.029115,5.561e-06,,,21644,
180700,0.031704,5.538e-06,,,21650,
180750,0.019962,5.514e-06,,,21656,
180800,0.020753,5.491e-06,,,21662,
180850,0.040984,5.468e-06,,,21668,
180900,0.030015,5.445e-06,,,21674,
180950,0.029470,5.422e-06,,,21680,
181000,0.036110,5.399e-06,,,21686,
181050,0.025600,5.376e-06,,,21692,
181100,0.031472,5.353e-06,,,21698,
181150,0.029571,5.330e-06,,,21704,
181200,0.030823,5.307e-06,,,21710,
181250,0.031591,5.284e-06,,,21716,
181300,0.027724,5.262e-06,,,21722,
181350,0.028219,5.239e-06,,,21728,
181400,0.041760,5.217e-06,,,21734,
181450,0.038427,5.194e-06,,,21740,
181500,0.035183,5.172e-06,,,21746,
181550,0.026815,5.149e-06,,,21752,
181600,0.035563,5.127e-06,,,21758,
181650,0.034560,5.105e-06,,,21764,
181700,0.034013,5.083e-06,,,21770,
181750,0.029805,5.061e-06,,,21776,
181800,0.034230,5.038e-06,,,21782,
181850,0.033062,5.016e-06,,,21788,
181900,0.035467,4.995e-06,,,21794,
181950,0.030678,4.973e-06,,,21800,
182000,0.040151,4.951e-06,,,21805,
182000,,,21.501,31.633,21806,
182050,0.036922,4.929e-06,,,21812,
182100,0.026145,4.907e-06,,,21818,
182150,0.028357,4.886e-06,,,21824,
182200,0.027877,4.864e-06,,,21830,
182250,0.032434,4.843e-06,,,21836,
182300,0.031411,4.821e-06,,,21842,
182350,0.027396,4.800e-06,,,21847,
182400,0.033969,4.778e-06,,,21853,
182450,0.027790,4.757e-06,,,21860,
182500,0.022398,4.736e-06,,,21866,
182550,0.026576,4.715e-06,,,21872,
182600,0.043333,4.693e-06,,,21878,
182650,0.032297,4.672e-06,,,21884,
182700,0.032188,4.651e-06,,,21890,
182750,0.036331,4.630e-06,,,21896,
182800,0.044520,4.609e-06,,,21902,
182850,0.035795,4.589e-06,,,21908,
182900,0.032789,4.568e-06,,,21914,
182950,0.038912,4.547e-06,,,21919,
183000,0.038082,4.527e-06,,,21925,
183050,0.037323,4.506e-06,,,21931,
183100,0.042256,4.485e-06,,,21937,
183150,0.034569,4.465e-06,,,21943,
183200,0.035175,4.445e-06,,,21949,
183250,0.028385,4.424e-06,,,21955,
183300,0.036386,4.404e-06,,,21961,
183350,0.024336,4.384e-06,,,21967,
183400,0.025194,4.363e-06,,,21973,
183450,0.039675,4.343e-06,,,21979,
183500,0.024199,4.323e-06,,,21985,
183550,0.023648,4.303e-06,,,21991,
183600,0.027192,4.283e-06,,,21997,
183650,0.028891,4.263e-06,,,22003,
183700,0.022423,4.244e-06,,,22009,
183750,0.029887,4.224e-06,,,22015,
183800,0.025397,4.204e-06,,,22021,
183850,0.034741,4.185e-06,,,22027,
183900,0.036805,4.165e-06,,,22033,
183950,0.031556,4.145e-06,,,22039,
184000,0.032745,4.126e-06,,,22045,
184000,,,21.501,31.636,22045,
184050,0.019573,4.107e-06,,,22051,
184100,0.021107,4.087e-06,,,22057,
184150,0.036137,4.068e-06,,,22063,
184200,0.029618,4.049e-06,,,22069,
184250,0.036335,4.030e-06,,,22075,
184300,0.037790,4.010e-06,,,22081,
184350,0.025805,3.991e-06,,,22087,
184400,0.030580,3.972e-06,,,22093,
184450,0.019940,3.953e-06,,,22099,
184500,0.037654,3.935e-06,,,22105,
184550,0.033423,3.916e-06,,,22111,
184600,0.029746,3.897e-06,,,22117,
184650,0.036928,3.878e-06,,,22123,
184700,0.038936,3.860e-06,,,22129,
184750,0.030302,3.841e-06,,,22135,
184800,0.026654,3.823e-06,,,22141,
184850,0.027929,3.804e-06,,,22147,
184900,0.027993,3.786e-06,,,22153,
184950,0.034506,3.767e-06,,,22159,
185000,0.027938,3.749e-06,,,22165,
185050,0.036256,3.731e-06,,,22171,
185100,0.032033,3.713e-06,,,22177,
185150,0.026307,3.695e-06,,,22183,
185200,0.029465,3.677e-06,,,22189,
185250,0.024748,3.659e-06,,,22195,
185300,0.036069,3.641e-06,,,22201,
185350,0.028833,3.623e-06,,,22207,
185400,0.027483,3.605e-06,,,22213,
185450,0.032493,3.587e-06,,,22219,
185500,0.033967,3.570e-06,,,22225,
185550,0.022703,3.552e-06,,,22231,
185600,0.031134,3.535e-06,,,22237,
185650,0.033850,3.517e-06,,,22243,
185700,0.037527,3.500e-06,,,22249,
185750,0.026180,3.482e-06,,,22255,
185800,0.033372,3.465e-06,,,22261,
185850,0.030082,3.448e-06,,,22267,
185900,0.024701,3.430e-06,,,22273,
185950,0.033404,3.413e-06,,,22279,
186000,0.035022,3.396e-06,,,22285,
186000,,,21.501,31.652,22285,
186050,0.034697,3.379e-06,,,22291,
186100,0.033306,3.362e-06,,,22297,
186150,0.035171,3.345e-06,,,22303,
186200,0.018572,3.329e-06,,,22309,
186250,0.029846,3.312e-06,,,22315,
186300,0.039514,3.295e-06,,,22321,
186350,0.032901,3.278e-06,,,22327,
186400,0.036815,3.262e-06,,,22333,
186450,0.026438,3.245e-06,,,22340,
186500,0.033271,3.229e-06,,,22346,
186550,0.032966,3.212e-06,,,22352,
186600,0.028594,3.196e-06,,,22358,
186650,0.032248,3.180e-06,,,22364,
186700,0.036018,3.163e-06,,,22370,
186750,0.038327,3.147e-06,,,22376,
186800,0.042818,3.131e-06,,,22382,
186850,0.028460,3.115e-06,,,22387,
186900,0.037669,3.099e-06,,,22393,
186950,0.028057,3.083e-06,,,22399,
187000,0.034514,3.067e-06,,,22405,
187050,0.033932,3.052e-06,,,22411,
187100,0.026779,3.036e-06,,,22417,
187150,0.029051,3.020e-06,,,22423,
187200,0.027854,3.004e-06,,,22429,
187250,0.031546,2.989e-06,,,22436,
187300,0.031464,2.973e-06,,,22442,
187350,0.025398,2.958e-06,,,22447,
187400,0.030621,2.942e-06,,,22453,
187450,0.031143,2.927e-06,,,22459,
187500,0.033269,2.912e-06,,,22465,
187550,0.037075,2.897e-06,,,22471,
187600,0.029301,2.881e-06,,,22477,
187650,0.031966,2.866e-06,,,22483,
187700,0.032792,2.851e-06,,,22489,
187750,0.023206,2.836e-06,,,22495,
187800,0.035772,2.821e-06,,,22501,
187850,0.030949,2.807e-06,,,22507,
187900,0.036655,2.792e-06,,,22513,
187950,0.031238,2.777e-06,,,22519,
188000,0.035711,2.762e-06,,,22525,
188000,,,21.501,31.599,22525,
188050,0.027433,2.748e-06,,,22531,
188100,0.025717,2.733e-06,,,22537,
188150,0.037726,2.719e-06,,,22543,
188200,0.043052,2.704e-06,,,22549,
188250,0.032657,2.690e-06,,,22555,
188300,0.047093,2.676e-06,,,22561,
188350,0.030313,2.661e-06,,,22567,
188400,0.032780,2.647e-06,,,22573,
188450,0.025530,2.633e-06,,,22579,
188500,0.029823,2.619e-06,,,22585,
188550,0.024144,2.605e-06,,,22591,
188600,0.028340,2.591e-06,,,22597,
188650,0.021251,2.577e-06,,,22603,
188700,0.034494,2.563e-06,,,22609,
188750,0.028257,2.550e-06,,,22615,
188800,0.036234,2.536e-06,,,22621,
188850,0.032207,2.522e-06,,,22627,
188900,0.024639,2.509e-06,,,22633,
188950,0.030266,2.495e-06,,,22639,
189000,0.026148,2.482e-06,,,22645,
189050,0.029736,2.468e-06,,,22651,
189100,0.029606,2.455e-06,,,22657,
189150,0.035206,2.442e-06,,,22663,
189200,0.036316,2.428e-06,,,22669,
189250,0.028792,2.415e-06,,,22675,
189300,0.029237,2.402e-06,,,22681,
189350,0.037060,2.389e-06,,,22687,
189400,0.035108,2.376e-06,,,22693,
189450,0.031941,2.363e-06,,,22699,
189500,0.032085,2.350e-06,,,22705,
189550,0.021349,2.337e-06,,,22711,
189600,0.034936,2.325e-06,,,22717,
189650,0.034661,2.312e-06,,,22723,
189700,0.034126,2.299e-06,,,22729,
189750,0.033035,2.287e-06,,,22735,
189800,0.028338,2.274e-06,,,22741,
189850,0.031368,2.262e-06,,,22747,
189900,0.034697,2.250e-06,,,22753,
189950,0.025399,2.237e-06,,,22759,
190000,0.028811,2.225e-06,,,22765,
190000,,,21.501,31.688,22765,
190050,0.029801,2.213e-06,,,22771,
190100,0.020802,2.201e-06,,,22777,
190150,0.037074,2.189e-06,,,22783,
190200,0.031554,2.177e-06,,,22789,
190250,0.024558,2.165e-06,,,22795,
190300,0.029563,2.153e-06,,,22801,
190350,0.033923,2.141e-06,,,22807,
190400,0.030054,2.129e-06,,,22813,
190450,0.032979,2.117e-06,,,22819,
190500,0.026799,2.106e-06,,,22825,
190550,0.031171,2.094e-06,,,22831,
190600,0.037618,2.083e-06,,,22837,
190650,0.015362,2.071e-06,,,22843,
190700,0.027086,2.060e-06,,,22849,
190750,0.029105,2.048e-06,,,22855,
190800,0.025516,2.037e-06,,,22861,
190850,0.028604,2.026e-06,,,22867,
190900,0.031406,2.015e-06,,,22873,
190950,0.037565,2.004e-06,,,22879,
191000,0.029358,1.993e-06,,,22885,
191050,0.026248,1.982e-06,,,22891,
191100,0.026441,1.971e-06,,,22897,
191150,0.030970,1.960e-06,,,22903,
191200,0.026549,1.949e-06,,,22909,
191250,0.036710,1.938e-06,,,22915,
191300,0.029980,1.928e-06,,,22921,
191350,0.029028,1.917e-06,,,22927,
191400,0.031096,1.907e-06,,,22933,
191450,0.028723,1.896e-06,,,22939,
191500,0.035432,1.886e-06,,,22945,
191550,0.031899,1.875e-06,,,22951,
191600,0.035574,1.865e-06,,,22957,
191650,0.037357,1.855e-06,,,22963,
191700,0.029422,1.844e-06,,,22969,
191750,0.030841,1.834e-06,,,22975,
191800,0.037332,1.824e-06,,,22981,
191850,0.016768,1.814e-06,,,22987,
191900,0.034593,1.804e-06,,,22993,
191950,0.034474,1.794e-06,,,22999,
192000,0.043233,1.785e-06,,,23005,
192000,,,21.501,31.676,23005,
192050,0.025638,1.775e-06,,,23011,
192100,0.031590,1.765e-06,,,23017,
192150,0.028292,1.755e-06,,,23023,
192200,0.025474,1.746e-06,,,23029,
192250,0.026225,1.736e-06,,,23035,
192300,0.026766,1.727e-06,,,23041,
192350,0.026191,1.718e-06,,,23047,
192400,0.033294,1.708e-06,,,23053,
192450,0.031173,1.699e-06,,,23059,
192500,0.027487,1.690e-06,,,23065,
192550,0.029681,1.681e-06,,,23071,
192600,0.032558,1.671e-06,,,23077,
192650,0.025768,1.662e-06,,,23083,
192700,0.034390,1.653e-06,,,23089,
192750,0.033857,1.645e-06,,,23095,
192800,0.032488,1.636e-06,,,23101,
192850,0.042627,1.627e-06,,,23107,
192900,0.035668,1.618e-06,,,23113,
192950,0.037720,1.609e-06,,,23119,
193000,0.030364,1.601e-06,,,23125,
193050,0.024508,1.592e-06,,,23131,
193100,0.031671,1.584e-06,,,23137,
193150,0.026270,1.575e-06,,,23143,
193200,0.036676,1.567e-06,,,23149,
193250,0.029286,1.559e-06,,,23155,
193300,0.024504,1.551e-06,,,23161,
193350,0.025917,1.542e-06,,,23167,
193400,0.034850,1.534e-06,,,23173,
193450,0.035483,1.526e-06,,,23179,
193500,0.031417,1.518e-06,,,23185,
193550,0.026299,1.510e-06,,,23191,
193600,0.029633,1.502e-06,,,23197,
193650,0.033081,1.495e-06,,,23203,
193700,0.022139,1.487e-06,,,23209,
193750,0.026039,1.479e-06,,,23215,
193800,0.038522,1.471e-06,,,23221,
193850,0.024028,1.464e-06,,,23227,
193900,0.032091,1.456e-06,,,23233,
193950,0.034151,1.449e-06,,,23239,
194000,0.033910,1.442e-06,,,23245,
194000,,,21.501,31.680,23245,
194050,0.034416,1.434e-06,,,23251,
194100,0.031646,1.427e-06,,,23257,
194150,0.028841,1.420e-06,,,23263,
194200,0.039726,1.413e-06,,,23269,
194250,0.030785,1.406e-06,,,23275,
194300,0.023377,1.399e-06,,,23281,
194350,0.031181,1.392e-06,,,23287,
194400,0.033729,1.385e-06,,,23293,
194450,0.032015,1.378e-06,,,23299,
194500,0.026100,1.371e-06,,,23305,
194550,0.026970,1.364e-06,,,23311,
194600,0.024126,1.358e-06,,,23317,
194650,0.028792,1.351e-06,,,23323,
194700,0.041507,1.345e-06,,,23329,
194750,0.033198,1.338e-06,,,23335,
194800,0.036164,1.332e-06,,,23341,
194850,0.024133,1.325e-06,,,23347,
194900,0.031728,1.319e-06,,,23353,
194950,0.022408,1.313e-06,,,23359,
195000,0.031970,1.307e-06,,,23365,
195050,0.033305,1.301e-06,,,23371,
195100,0.021706,1.295e-06,,,23377,
195150,0.029470,1.289e-06,,,23383,
195200,0.026993,1.283e-06,,,23389,
195250,0.029920,1.277e-06,,,23395,
195300,0.025037,1.271e-06,,,23401,
195350,0.032880,1.265e-06,,,23407,
195400,0.024639,1.260e-06,,,23413,
195450,0.029740,1.254e-06,,,23419,
195500,0.027821,1.248e-06,,,23425,
195550,0.033502,1.243e-06,,,23431,
195600,0.042662,1.238e-06,,,23437,
195650,0.043700,1.232e-06,,,23443,
195700,0.025655,1.227e-06,,,23449,
195750,0.025867,1.222e-06,,,23455,
195800,0.032782,1.216e-06,,,23461,
195850,0.027695,1.211e-06,,,23467,
195900,0.035116,1.206e-06,,,23473,
195950,0.021147,1.201e-06,,,23479,
196000,0.027125,1.196e-06,,,23485,
196000,,,21.501,31.649,23485,
196050,0.031156,1.191e-06,,,23491,
196100,0.037652,1.187e-06,,,23497,
196150,0.031122,1.182e-06,,,23503,
196200,0.026714,1.177e-06,,,23509,
196250,0.023701,1.173e-06,,,23515,
196300,0.024372,1.168e-06,,,23521,
196350,0.028134,1.163e-06,,,23527,
196400,0.024673,1.159e-06,,,23533,
196450,0.030188,1.155e-06,,,23539,
196500,0.027641,1.150e-06,,,23545,
196550,0.032943,1.146e-06,,,23551,
196600,0.046540,1.142e-06,,,23557,
196650,0.036143,1.138e-06,,,23563,
196700,0.033644,1.134e-06,,,23569,
196750,0.038004,1.130e-06,,,23575,
196800,0.024074,1.126e-06,,,23581,
196850,0.050774,1.122e-06,,,23587,
196900,0.026114,1.118e-06,,,23593,
196950,0.029716,1.114e-06,,,23599,
197000,0.027691,1.110e-06,,,23605,
197050,0.035404,1.107e-06,,,23611,
197100,0.027393,1.103e-06,,,23617,
197150,0.023054,1.100e-06,,,23623,
197200,0.035231,1.096e-06,,,23629,
197250,0.031573,1.093e-06,,,23635,
197300,0.028431,1.089e-06,,,23641,
197350,0.037980,1.086e-06,,,23647,
197400,0.035054,1.083e-06,,,23653,
197450,0.030573,1.080e-06,,,23659,
197500,0.033002,1.077e-06,,,23665,
197550,0.031840,1.074e-06,,,23671,
197600,0.029574,1.071e-06,,,23677,
197650,0.020892,1.068e-06,,,23683,
197700,0.029153,1.065e-06,,,23689,
197750,0.038178,1.062e-06,,,23695,
197800,0.029878,1.059e-06,,,23701,
197850,0.025731,1.057e-06,,,23707,
197900,0.032567,1.054e-06,,,23713,
197950,0.028245,1.052e-06,,,23719,
198000,0.034160,1.049e-06,,,23725,
198000,,,21.501,31.649,23725,
198050,0.028881,1.047e-06,,,23731,
198100,0.030450,1.044e-06,,,23737,
198150,0.036098,1.042e-06,,,23743,
198200,0.023437,1.040e-06,,,23749,
198250,0.028766,1.038e-06,,,23755,
198300,0.054177,1.035e-06,,,23761,
198350,0.026340,1.033e-06,,,23767,
198400,0.024925,1.031e-06,,,23773,
198450,0.024756,1.029e-06,,,23779,
198500,0.029759,1.028e-06,,,23785,
198550,0.035222,1.026e-06,,,23791,
198600,0.035008,1.024e-06,,,23797,
198650,0.032059,1.022e-06,,,23803,
198700,0.037784,1.021e-06,,,23809,
198750,0.024245,1.019e-06,,,23815,
198800,0.026173,1.018e-06,,,23821,
198850,0.029989,1.016e-06,,,23827,
198900,0.035952,1.015e-06,,,23833,
198950,0.030445,1.014e-06,,,23839,
199000,0.034334,1.012e-06,,,23845,
199050,0.031702,1.011e-06,,,23851,
199100,0.033100,1.010e-06,,,23857,
199150,0.033455,1.009e-06,,,23863,
199200,0.025524,1.008e-06,,,23869,
199250,0.038032,1.007e-06,,,23875,
199300,0.031817,1.006e-06,,,23881,
199350,0.022947,1.005e-06,,,23887,
199400,0.034973,1.004e-06,,,23893,
199450,0.039764,1.004e-06,,,23899,
199500,0.027353,1.003e-06,,,23905,
199550,0.032919,1.002e-06,,,23911,
199600,0.024642,1.002e-06,,,23917,
199650,0.034009,1.002e-06,,,23923,
199700,0.034394,1.001e-06,,,23929,
199750,0.036667,1.001e-06,,,23936,
199800,0.030573,1.000e-06,,,23942,
199850,0.031590,1.000e-06,,,23948,
199900,0.020247,1.000e-06,,,23954,
199950,0.028791,1.000e-06,,,23960,
200000,0.031167,1.000e-06,,,23966,
200000,,,21.501,31.664,23966,
