step,loss,lr,psnr_in,psnr_out,secs,entropy
50,0.058948,2.000e-04,,,15,3.2782
100,0.068135,2.000e-04,,,23,3.2875
150,0.055637,2.000e-04,,,31,3.2919
200,0.063394,2.000e-04,,,39,3.2935
250,0.058086,2.000e-04,,,47,3.2945
300,0.037334,2.000e-04,,,55,3.2946
350,0.041151,2.000e-04,,,64,3.2950
400,0.052955,2.000e-04,,,72,3.2952
450,0.054516,2.000e-04,,,81,3.2953
500,0.035382,2.000e-04,,,90,3.2945
550,0.043341,2.000e-04,,,98,3.2938
600,0.037653,2.000e-04,,,107,3.2949
650,0.039640,2.000e-04,,,116,3.2950
700,0.032173,2.000e-04,,,125,3.2952
750,0.041528,2.000e-04,,,135,3.2947
800,0.009251,2.000e-04,,,144,3.2936
850,0.029377,2.000e-04,,,153,3.2943
900,0.025898,2.000e-04,,,162,3.2941
950,0.030248,2.000e-04,,,171,3.2947
1000,0.046017,2.000e-04,,,180,3.2948
1050,0.019183,2.000e-04,,,189,3.2940
1100,0.018369,2.000e-04,,,198,3.2947
1150,0.017906,2.000e-04,,,207,3.2948
1200,0.040616,2.000e-04,,,216,3.2952
1250,0.028096,2.000e-04,,,225,3.2948
1300,0.031056,2.000e-04,,,234,3.2947
1350,0.036024,2.000e-04,,,243,3.2948
1400,0.027196,2.000e-04,,,252,3.2947
1450,0.020516,2.000e-04,,,261,3.2949
1500,0.014937,2.000e-04,,,270,3.2952
1550,0.021874,2.000e-04,,,279,3.2952
1600,0.022484,2.000e-04,,,288,3.2952
1650,0.025370,2.000e-04,,,297,3.2952
1700,0.027230,2.000e-04,,,306,3.2952
1750,0.020180,2.000e-04,,,315,3.2952
1800,0.021756,2.000e-04,,,325,3.2953
1850,0.015708,2.000e-04,,,334,3.2951
1900,0.028194,2.000e-04,,,343,3.2953
1950,0.026409,2.000e-04,,,352,3.2954
2000,0.035217,2.000e-04,,,361,3.2953
2000,,,21.501,25.011,361,
2050,0.024460,1.999e-04,,,370,3.2954
2100,0.017990,1.999e-04,,,379,3.2951
2150,0.018330,1.999e-04,,,388,3.2951
2200,0.016578,1.999e-04,,,397,3.2950
2250,0.019535,1.999e-04,,,406,3.2948
2300,0.024605,1.999e-04,,,415,3.2947
2350,0.007413,1.999e-04,,,424,3.2947
2400,0.021591,1.999e-04,,,433,3.2949
2450,0.014477,1.999e-04,,,442,3.2949
2500,0.026578,1.999e-04,,,452,3.2950
2550,0.011365,1.999e-04,,,461,3.2951
2600,0.014553,1.999e-04,,,470,3.2950
2650,0.015602,1.999e-04,,,479,3.2951
2700,0.015503,1.999e-04,,,488,3.2952
2750,0.021347,1.999e-04,,,497,3.2952
2800,0.009390,1.999e-04,,,506,3.2952
2850,0.011371,1.999e-04,,,515,3.2952
2900,0.014283,1.999e-04,,,524,3.2952
2950,0.015265,1.999e-04,,,533,3.2953
3000,0.011170,1.999e-04,,,543,3.2952
3050,0.012659,1.999e-04,,,552,3.2953
3100,0.010243,1.999e-04,,,561,3.2953
3150,0.005780,1.999e-04,,,570,3.2953
3200,0.020805,1.999e-04,,,579,3.2954
3250,0.012404,1.999e-04,,,588,3.2953
3300,0.013463,1.999e-04,,,597,3.2953
3350,0.010171,1.999e-04,,,606,3.2953
3400,0.010265,1.999e-04,,,615,3.2953
3450,0.013106,1.999e-04,,,624,3.2953
3500,0.010373,1.998e-04,,,633,3.2953
3550,0.009758,1.998e-04,,,642,3.2954
3600,0.010487,1.998e-04,,,651,3.2954
3650,0.013275,1.998e-04,,,660,3.2953
3700,0.009459,1.998e-04,,,669,3.2953
3750,0.019491,1.998e-04,,,678,3.2954
3800,0.018140,1.998e-04,,,687,3.2953
3850,0.012870,1.998e-04,,,696,3.2952
3900,0.006803,1.998e-04,,,705,3.2953
3950,0.010231,1.998e-04,,,714,3.2953
4000,0.021905,1.998e-04,,,724,3.2954
4000,,,21.501,27.021,724,
4050,0.029959,1.998e-04,,,733,3.2955
4100,0.012702,1.998e-04,,,742,3.2953
4150,0.013648,1.998e-04,,,751,3.2955
4200,0.015945,1.998e-04,,,760,3.2954
4250,0.012616,1.998e-04,,,769,3.2952
4300,0.020233,1.998e-04,,,778,3.2954
4350,0.018872,1.998e-04,,,787,3.2949
4400,0.018714,1.998e-04,,,796,3.2948
4450,0.013974,1.998e-04,,,805,3.2944
4500,0.018787,1.998e-04,,,814,3.2946
4550,0.014069,1.997e-04,,,823,3.2940
4600,0.000690,1.997e-04,,,832,3.2942
4650,0.009225,1.997e-04,,,841,3.2943
4700,0.011773,1.997e-04,,,850,3.2944
4750,0.008555,1.997e-04,,,859,3.2945
4800,0.017413,1.997e-04,,,868,3.2944
4850,0.012695,1.997e-04,,,878,3.2946
4900,0.011987,1.997e-04,,,887,3.2946
4950,0.012942,1.997e-04,,,896,3.2947
5000,0.009222,1.997e-04,,,905,3.2948
5050,0.006689,1.997e-04,,,914,3.2950
5100,0.010043,1.997e-04,,,923,3.2951
5150,0.006715,1.997e-04,,,932,3.2951
5200,0.013778,1.997e-04,,,941,3.2951
5250,0.013112,1.997e-04,,,950,3.2952
5300,0.002795,1.997e-04,,,959,3.2953
5350,0.013235,1.996e-04,,,968,3.2952
5400,0.013883,1.996e-04,,,977,3.2953
5450,0.004149,1.996e-04,,,987,3.2952
5500,0.001228,1.996e-04,,,996,3.2953
5550,0.007661,1.996e-04,,,1005,3.2952
5600,0.010797,1.996e-04,,,1014,3.2954
5650,0.005561,1.996e-04,,,1023,3.2955
5700,0.007844,1.996e-04,,,1032,3.2954
5750,0.009246,1.996e-04,,,1041,3.2954
5800,0.008333,1.996e-04,,,1050,3.2954
5850,0.009517,1.996e-04,,,1059,3.2954
5900,0.010117,1.996e-04,,,1068,3.2954
5950,0.018315,1.996e-04,,,1077,3.2954
6000,0.008908,1.996e-04,,,1086,3.2954
6000,,,21.501,28.190,1086,
6050,0.008100,1.996e-04,,,1095,3.2954
6100,0.021902,1.995e-04,,,1105,3.2953
6150,0.014405,1.995e-04,,,1114,3.2953
6200,0.006915,1.995e-04,,,1123,3.2954
6250,0.019199,1.995e-04,,,1132,3.2954
6300,0.006389,1.995e-04,,,1141,3.2954
6350,0.004637,1.995e-04,,,1150,3.2953
6400,0.026791,1.995e-04,,,1159,3.2953
6450,0.024491,1.995e-04,,,1168,3.2953
6500,0.013167,1.995e-04,,,1177,3.2952
6550,0.003474,1.995e-04,,,1186,3.2953
6600,0.011444,1.995e-04,,,1195,3.2953
6650,0.011919,1.995e-04,,,1204,3.2953
6700,0.002508,1.994e-04,,,1213,3.2954
6750,0.005228,1.994e-04,,,1222,3.2954
6800,0.007759,1.994e-04,,,1231,3.2954
6850,0.005774,1.994e-04,,,1240,3.2954
6900,0.009666,1.994e-04,,,1249,3.2954
6950,0.012281,1.994e-04,,,1258,3.2955
7000,0.009507,1.994e-04,,,1268,3.2954
7050,0.018887,1.994e-04,,,1277,3.2954
7100,0.010730,1.994e-04,,,1286,3.2955
7150,0.008086,1.994e-04,,,1295,3.2953
7200,0.015822,1.994e-04,,,1304,3.2954
7250,0.007644,1.994e-04,,,1313,3.2953
7300,0.009185,1.993e-04,,,1322,3.2953
7350,0.016746,1.993e-04,,,1331,3.2954
7400,0.011505,1.993e-04,,,1340,3.2953
7450,0.006820,1.993e-04,,,1349,3.2954
7500,0.008252,1.993e-04,,,1358,3.2954
7550,0.010511,1.993e-04,,,1367,3.2955
7600,0.005176,1.993e-04,,,1376,3.2954
7650,0.025123,1.993e-04,,,1385,3.2954
7700,0.016380,1.993e-04,,,1394,3.2954
7750,0.006126,1.993e-04,,,1403,3.2952
7800,-0.003747,1.993e-04,,,1412,3.2954
7850,0.022717,1.992e-04,,,1421,3.2953
7900,0.013195,1.992e-04,,,1430,3.2953
7950,0.005926,1.992e-04,,,1439,3.2954
8000,0.019179,1.992e-04,,,1449,3.2954
8000,,,21.501,28.411,1449,
8050,0.013194,1.992e-04,,,1458,3.2954
8100,0.000705,1.992e-04,,,1467,3.2955
8150,-0.000061,1.992e-04,,,1476,3.2953
8200,0.005646,1.992e-04,,,1485,3.2954
8250,0.012743,1.992e-04,,,1494,3.2951
8300,0.005100,1.992e-04,,,1503,3.2953
8350,0.010348,1.991e-04,,,1512,3.2954
8400,0.011071,1.991e-04,,,1521,3.2952
8450,0.017819,1.991e-04,,,1530,3.2954
8500,0.012469,1.991e-04,,,1540,3.2952
8550,0.010259,1.991e-04,,,1549,3.2952
8600,0.013948,1.991e-04,,,1558,3.2953
8650,-0.003955,1.991e-04,,,1567,3.2953
8700,0.006226,1.991e-04,,,1576,3.2954
8750,0.020006,1.991e-04,,,1585,3.2952
8800,0.022176,1.991e-04,,,1594,3.2949
8850,0.023088,1.990e-04,,,1603,3.2953
8900,0.007899,1.990e-04,,,1612,3.2951
8950,0.003238,1.990e-04,,,1621,3.2953
9000,0.019581,1.990e-04,,,1630,3.2953
9050,0.014353,1.990e-04,,,1639,3.2950
9100,0.005855,1.990e-04,,,1648,3.2952
9150,0.005831,1.990e-04,,,1657,3.2953
9200,0.007076,1.990e-04,,,1666,3.2954
9250,0.019371,1.990e-04,,,1675,3.2950
9300,0.010763,1.989e-04,,,1684,3.2953
9350,0.005046,1.989e-04,,,1693,3.2952
9400,0.008012,1.989e-04,,,1703,3.2953
9450,0.010370,1.989e-04,,,1712,3.2949
9500,0.010664,1.989e-04,,,1721,3.2951
9550,0.013082,1.989e-04,,,1730,3.2952
9600,0.013349,1.989e-04,,,1739,3.2953
9650,0.011966,1.989e-04,,,1748,3.2951
9700,0.017090,1.988e-04,,,1757,3.2952
9750,0.011206,1.988e-04,,,1766,3.2952
9800,-0.000199,1.988e-04,,,1775,3.2951
9850,0.003674,1.988e-04,,,1784,3.2952
9900,0.009683,1.988e-04,,,1793,3.2951
9950,0.014660,1.988e-04,,,1802,3.2950
10000,0.012307,1.988e-04,,,1811,3.2954
10000,,,21.501,28.655,1811,
10050,-0.001567,1.988e-04,,,1820,3.2952
10100,0.004215,1.988e-04,,,1829,3.2952
10150,0.011418,1.987e-04,,,1839,3.2949
10200,0.012368,1.987e-04,,,1848,3.2952
10250,0.006426,1.987e-04,,,1857,3.2947
10300,0.015489,1.987e-04,,,1866,3.2947
10350,0.020553,1.987e-04,,,1875,3.2950
10400,0.005096,1.987e-04,,,1884,3.2949
10450,0.009013,1.987e-04,,,1893,3.2949
10500,0.005499,1.986e-04,,,1902,3.2947
10550,0.008130,1.986e-04,,,1911,3.2943
10600,0.011596,1.986e-04,,,1920,3.2950
10650,-0.000243,1.986e-04,,,1929,3.2948
10700,0.010131,1.986e-04,,,1938,3.2949
10750,0.009208,1.986e-04,,,1947,3.2950
10800,0.006217,1.986e-04,,,1956,3.2948
10850,0.017155,1.986e-04,,,1965,3.2946
10900,0.006064,1.985e-04,,,1974,3.2948
10950,0.008266,1.985e-04,,,1983,3.2949
11000,0.014275,1.985e-04,,,1992,3.2948
11050,0.014773,1.985e-04,,,2001,3.2948
11100,0.007736,1.985e-04,,,2010,3.2947
11150,0.004358,1.985e-04,,,2019,3.2946
11200,0.009140,1.985e-04,,,2028,3.2941
11250,0.020605,1.985e-04,,,2038,3.2944
11300,0.005882,1.984e-04,,,2047,3.2946
11350,0.010019,1.984e-04,,,2056,3.2946
11400,0.017418,1.984e-04,,,2065,3.2946
11450,0.009713,1.984e-04,,,2074,3.2944
11500,0.009777,1.984e-04,,,2083,3.2947
11550,0.001389,1.984e-04,,,2092,3.2946
11600,0.006032,1.984e-04,,,2101,3.2943
11650,0.004268,1.983e-04,,,2110,3.2947
11700,-0.000383,1.983e-04,,,2119,3.2941
11750,0.005630,1.983e-04,,,2128,3.2944
11800,0.018580,1.983e-04,,,2137,3.2948
11850,0.008115,1.983e-04,,,2146,3.2944
11900,0.009320,1.983e-04,,,2155,3.2946
11950,0.005406,1.983e-04,,,2164,3.2947
12000,0.015561,1.982e-04,,,2173,3.2945
12000,,,21.501,28.575,2173,
12050,0.003016,1.982e-04,,,2182,3.2946
12100,0.022829,1.982e-04,,,2192,3.2942
12150,0.005532,1.982e-04,,,2201,3.2944
12200,0.004956,1.982e-04,,,2210,3.2937
12250,0.006756,1.982e-04,,,2219,3.2943
12300,0.008853,1.981e-04,,,2228,3.2946
12350,0.004732,1.981e-04,,,2237,3.2940
12400,0.010329,1.981e-04,,,2246,3.2942
12450,0.003546,1.981e-04,,,2255,3.2945
12500,0.001649,1.981e-04,,,2264,3.2943
12550,0.010429,1.981e-04,,,2273,3.2943
12600,0.014107,1.981e-04,,,2282,3.2944
12650,0.007424,1.980e-04,,,2291,3.2943
12700,0.012622,1.980e-04,,,2300,3.2944
12750,0.009877,1.980e-04,,,2309,3.2942
12800,0.009336,1.980e-04,,,2318,3.2941
12850,0.000578,1.980e-04,,,2327,3.2943
12900,0.023146,1.980e-04,,,2336,3.2942
12950,0.022960,1.979e-04,,,2346,3.2938
13000,0.001664,1.979e-04,,,2355,3.2946
13050,0.016037,1.979e-04,,,2364,3.2943
13100,0.007623,1.979e-04,,,2373,3.2942
13150,0.007955,1.979e-04,,,2382,3.2944
13200,0.014333,1.979e-04,,,2391,3.2945
13250,0.003976,1.979e-04,,,2400,3.2943
13300,0.003624,1.978e-04,,,2409,3.2940
13350,0.009977,1.978e-04,,,2418,3.2946
13400,0.006886,1.978e-04,,,2427,3.2942
13450,0.014999,1.978e-04,,,2436,3.2946
13500,0.015180,1.978e-04,,,2445,3.2937
13550,0.008826,1.978e-04,,,2454,3.2943
13600,0.014458,1.977e-04,,,2463,3.2943
13650,0.020757,1.977e-04,,,2472,3.2942
13700,0.005694,1.977e-04,,,2481,3.2940
13750,0.005569,1.977e-04,,,2490,3.2938
13800,0.006213,1.977e-04,,,2499,3.2945
13850,0.001791,1.977e-04,,,2508,3.2939
13900,0.002782,1.976e-04,,,2517,3.2943
13950,0.008657,1.976e-04,,,2526,3.2944
14000,0.008460,1.976e-04,,,2535,3.2940
14000,,,21.501,28.645,2535,
14050,0.024115,1.976e-04,,,2545,3.2942
14100,0.016365,1.976e-04,,,2554,3.2939
14150,0.009084,1.976e-04,,,2563,3.2943
14200,0.014645,1.975e-04,,,2572,3.2940
14250,0.009524,1.975e-04,,,2581,3.2939
14300,0.004571,1.975e-04,,,2590,3.2940
14350,0.002019,1.975e-04,,,2599,3.2941
14400,0.016354,1.975e-04,,,2608,3.2934
14450,0.010906,1.974e-04,,,2617,3.2937
14500,0.008736,1.974e-04,,,2626,3.2934
14550,0.008026,1.974e-04,,,2635,3.2943
14600,0.006196,1.974e-04,,,2644,3.2942
14650,0.001557,1.974e-04,,,2653,3.2941
14700,0.012154,1.974e-04,,,2662,3.2937
14750,0.010070,1.973e-04,,,2671,3.2940
14800,0.007057,1.973e-04,,,2680,3.2941
14850,0.011603,1.973e-04,,,2689,3.2936
14900,0.003070,1.973e-04,,,2698,3.2939
14950,0.002305,1.973e-04,,,2707,3.2937
15000,0.004954,1.973e-04,,,2716,3.2937
15050,0.010061,1.972e-04,,,2725,3.2943
15100,0.013432,1.972e-04,,,2734,3.2942
15150,0.014160,1.972e-04,,,2743,3.2937
15200,0.016224,1.972e-04,,,2753,3.2935
15250,0.001816,1.972e-04,,,2762,3.2937
15300,0.004798,1.971e-04,,,2771,3.2940
15350,0.009605,1.971e-04,,,2780,3.2941
15400,0.011432,1.971e-04,,,2789,3.2943
15450,0.007955,1.971e-04,,,2798,3.2940
15500,0.017777,1.971e-04,,,2807,3.2942
15550,0.012798,1.970e-04,,,2816,3.2939
15600,0.005278,1.970e-04,,,2825,3.2937
15650,0.007320,1.970e-04,,,2834,3.2936
15700,0.006697,1.970e-04,,,2843,3.2941
15750,0.014495,1.970e-04,,,2852,3.2941
15800,0.010535,1.970e-04,,,2861,3.2939
15850,-0.000711,1.969e-04,,,2870,3.2943
15900,0.002904,1.969e-04,,,2879,3.2938
15950,0.008690,1.969e-04,,,2888,3.2940
16000,0.005854,1.969e-04,,,2897,3.2937
16000,,,21.501,28.846,2897,
16050,0.010203,1.969e-04,,,2906,3.2939
16100,0.012263,1.968e-04,,,2915,3.2934
16150,0.014934,1.968e-04,,,2924,3.2935
16200,0.011057,1.968e-04,,,2933,3.2939
16250,0.012617,1.968e-04,,,2943,3.2940
16300,0.010519,1.968e-04,,,2952,3.2940
16350,0.010852,1.967e-04,,,2961,3.2937
16400,0.000760,1.967e-04,,,2970,3.2937
16450,0.012666,1.967e-04,,,2979,3.2938
16500,0.022345,1.967e-04,,,2988,3.2937
16550,0.012814,1.967e-04,,,2997,3.2941
16600,0.003035,1.966e-04,,,3006,3.2943
16650,0.007573,1.966e-04,,,3015,3.2921
16700,0.007126,1.966e-04,,,3024,3.2939
16750,0.003255,1.966e-04,,,3033,3.2938
16800,0.009984,1.966e-04,,,3042,3.2937
16850,0.010405,1.965e-04,,,3051,3.2942
16900,0.011277,1.965e-04,,,3060,3.2938
16950,0.007459,1.965e-04,,,3069,3.2934
17000,0.003937,1.965e-04,,,3078,3.2940
17050,0.008780,1.965e-04,,,3087,3.2942
17100,0.003536,1.964e-04,,,3096,3.2937
17150,0.005344,1.964e-04,,,3105,3.2930
17200,0.010157,1.964e-04,,,3114,3.2934
17250,0.009365,1.964e-04,,,3123,3.2937
17300,0.001794,1.963e-04,,,3132,3.2931
17350,0.008373,1.963e-04,,,3141,3.2939
17400,0.011614,1.963e-04,,,3150,3.2927
17450,0.007498,1.963e-04,,,3160,3.2940
17500,0.011072,1.963e-04,,,3169,3.2936
17550,0.010839,1.962e-04,,,3178,3.2937
17600,0.013794,1.962e-04,,,3187,3.2932
17650,0.001729,1.962e-04,,,3196,3.2938
17700,0.008275,1.962e-04,,,3205,3.2938
17750,0.012563,1.962e-04,,,3214,3.2937
17800,0.013787,1.961e-04,,,3223,3.2937
17850,0.013590,1.961e-04,,,3232,3.2933
17900,0.012927,1.961e-04,,,3241,3.2938
17950,0.014358,1.961e-04,,,3250,3.2938
18000,0.010473,1.960e-04,,,3259,3.2935
18000,,,21.501,28.889,3259,
18050,0.007883,1.960e-04,,,3268,3.2935
18100,0.015076,1.960e-04,,,3277,3.2934
18150,0.010247,1.960e-04,,,3286,3.2935
18200,0.012024,1.960e-04,,,3295,3.2937
18250,0.000920,1.959e-04,,,3304,3.2935
18300,0.013454,1.959e-04,,,3313,3.2942
18350,0.011121,1.959e-04,,,3322,3.2936
18400,0.008158,1.959e-04,,,3331,3.2938
18450,0.010361,1.959e-04,,,3341,3.2935
18500,0.006021,1.958e-04,,,3350,3.2938
18550,-0.000840,1.958e-04,,,3359,3.2940
18600,0.005291,1.958e-04,,,3368,3.2930
18650,0.012547,1.958e-04,,,3377,3.2933
18700,0.002327,1.957e-04,,,3386,3.2925
18750,0.003616,1.957e-04,,,3395,3.2933
18800,0.006977,1.957e-04,,,3404,3.2937
18850,0.009547,1.957e-04,,,3413,3.2935
18900,0.013101,1.956e-04,,,3422,3.2931
18950,0.011859,1.956e-04,,,3431,3.2932
19000,0.014756,1.956e-04,,,3440,3.2931
19050,-0.001295,1.956e-04,,,3449,3.2933
19100,0.009751,1.956e-04,,,3458,3.2936
19150,0.014518,1.955e-04,,,3467,3.2923
19200,0.009397,1.955e-04,,,3476,3.2930
19250,0.010289,1.955e-04,,,3485,3.2920
19300,0.009104,1.955e-04,,,3494,3.2924
19350,0.012792,1.954e-04,,,3503,3.2929
19400,0.014481,1.954e-04,,,3512,3.2932
19450,0.006187,1.954e-04,,,3521,3.2924
19500,0.001409,1.954e-04,,,3530,3.2929
19550,0.005113,1.953e-04,,,3539,3.2938
19600,0.005651,1.953e-04,,,3548,3.2930
19650,0.007847,1.953e-04,,,3557,3.2927
19700,0.015129,1.953e-04,,,3566,3.2921
19750,0.011106,1.953e-04,,,3575,3.2931
19800,-0.000171,1.952e-04,,,3584,3.2931
19850,0.009531,1.952e-04,,,3593,3.2929
19900,0.003427,1.952e-04,,,3603,3.2930
19950,0.011602,1.952e-04,,,3612,3.2924
20000,0.007121,1.951e-04,,,3621,3.2935
20000,,,21.501,28.909,3621,
20050,0.013335,1.951e-04,,,3630,3.2933
20100,0.004516,1.951e-04,,,3639,3.2932
20150,0.010180,1.951e-04,,,3648,3.2933
20200,0.004349,1.950e-04,,,3657,3.2935
20250,-0.001915,1.950e-04,,,3666,3.2938
20300,0.006195,1.950e-04,,,3675,3.2935
20350,0.006229,1.950e-04,,,3684,3.2926
20400,0.014189,1.949e-04,,,3693,3.2934
20450,0.009371,1.949e-04,,,3702,3.2925
20500,0.010114,1.949e-04,,,3711,3.2929
20550,0.004244,1.949e-04,,,3720,3.2935
20600,0.014875,1.948e-04,,,3729,3.2928
20650,0.004402,1.948e-04,,,3738,3.2913
20700,0.004358,1.948e-04,,,3747,3.2928
20750,0.006198,1.948e-04,,,3756,3.2934
20800,0.005073,1.947e-04,,,3765,3.2929
20850,0.022129,1.947e-04,,,3774,3.2923
20900,0.004787,1.947e-04,,,3783,3.2934
20950,0.010941,1.947e-04,,,3792,3.2938
21000,0.001505,1.946e-04,,,3801,3.2926
21050,0.017543,1.946e-04,,,3811,3.2925
21100,0.007532,1.946e-04,,,3820,3.2932
21150,0.008104,1.946e-04,,,3829,3.2934
21200,0.011469,1.945e-04,,,3838,3.2927
21250,0.003195,1.945e-04,,,3847,3.2936
21300,0.009463,1.945e-04,,,3856,3.2926
21350,0.017732,1.945e-04,,,3865,3.2931
21400,0.019708,1.944e-04,,,3874,3.2932
21450,0.001688,1.944e-04,,,3883,3.2925
21500,0.008232,1.944e-04,,,3892,3.2926
21550,0.016140,1.944e-04,,,3901,3.2933
21600,0.008263,1.943e-04,,,3910,3.2928
21650,0.004142,1.943e-04,,,3919,3.2931
21700,-0.000270,1.943e-04,,,3928,3.2926
21750,0.018685,1.942e-04,,,3937,3.2932
21800,0.007755,1.942e-04,,,3946,3.2928
21850,0.011348,1.942e-04,,,3955,3.2932
21900,0.008233,1.942e-04,,,3964,3.2934
21950,0.008751,1.941e-04,,,3973,3.2916
22000,0.006458,1.941e-04,,,3982,3.2914
22000,,,21.501,29.138,3982,
22050,0.003622,1.941e-04,,,3991,3.2932
22100,0.007458,1.941e-04,,,4000,3.2927
22150,0.008800,1.940e-04,,,4009,3.2926
22200,0.004832,1.940e-04,,,4018,3.2915
22250,0.005618,1.940e-04,,,4027,3.2924
22300,0.001991,1.940e-04,,,4036,3.2925
22350,0.006460,1.939e-04,,,4045,3.2915
22400,0.007601,1.939e-04,,,4054,3.2927
22450,-0.000472,1.939e-04,,,4064,3.2929
22500,0.021016,1.939e-04,,,4073,3.2931
22550,0.009653,1.938e-04,,,4082,3.2935
22600,0.006116,1.938e-04,,,4091,3.2924
22650,0.015621,1.938e-04,,,4100,3.2934
22700,0.010085,1.937e-04,,,4109,3.2926
22750,0.003830,1.937e-04,,,4118,3.2917
22800,0.001257,1.937e-04,,,4127,3.2929
22850,0.004375,1.937e-04,,,4136,3.2908
22900,0.000918,1.936e-04,,,4145,3.2922
22950,0.009451,1.936e-04,,,4154,3.2919
23000,0.008077,1.936e-04,,,4163,3.2922
23050,0.015564,1.935e-04,,,4172,3.2930
23100,0.008439,1.935e-04,,,4181,3.2920
23150,0.007344,1.935e-04,,,4190,3.2931
23200,0.019102,1.935e-04,,,4199,3.2919
23250,0.002457,1.934e-04,,,4208,3.2927
23300,0.003801,1.934e-04,,,4217,3.2924
23350,0.005552,1.934e-04,,,4226,3.2926
23400,0.004809,1.934e-04,,,4235,3.2929
23450,0.019135,1.933e-04,,,4244,3.2921
23500,0.007976,1.933e-04,,,4253,3.2925
23550,0.003408,1.933e-04,,,4262,3.2929
23600,0.008249,1.932e-04,,,4271,3.2917
23650,0.004082,1.932e-04,,,4280,3.2907
23700,0.019028,1.932e-04,,,4289,3.2920
23750,0.001914,1.932e-04,,,4298,3.2929
23800,0.014550,1.931e-04,,,4307,3.2920
23850,0.006850,1.931e-04,,,4317,3.2926
23900,0.002916,1.931e-04,,,4326,3.2923
23950,0.001507,1.930e-04,,,4335,3.2930
24000,0.011173,1.930e-04,,,4344,3.2934
24000,,,21.501,29.193,4344,
24050,0.004155,1.930e-04,,,4353,3.2935
24100,0.014972,1.930e-04,,,4362,3.2913
24150,0.005977,1.929e-04,,,4371,3.2905
24200,0.005972,1.929e-04,,,4380,3.2924
24250,0.008473,1.929e-04,,,4389,3.2930
24300,0.007620,1.928e-04,,,4398,3.2929
24350,0.003192,1.928e-04,,,4407,3.2920
24400,0.009032,1.928e-04,,,4416,3.2928
24450,0.008738,1.928e-04,,,4425,3.2909
24500,0.003446,1.927e-04,,,4434,3.2921
24550,0.005552,1.927e-04,,,4443,3.2920
24600,0.018644,1.927e-04,,,4452,3.2923
24650,0.013710,1.926e-04,,,4461,3.2926
24700,0.014102,1.926e-04,,,4470,3.2923
24750,0.010891,1.926e-04,,,4479,3.2923
24800,0.006984,1.925e-04,,,4488,3.2922
24850,0.009800,1.925e-04,,,4497,3.2921
24900,0.003537,1.925e-04,,,4506,3.2916
24950,0.008096,1.925e-04,,,4515,3.2929
25000,0.017456,1.924e-04,,,4524,3.2927
25050,0.013866,1.924e-04,,,4533,3.2917
25100,0.009716,1.924e-04,,,4542,3.2930
25150,0.008555,1.923e-04,,,4551,3.2926
25200,0.013875,1.923e-04,,,4560,3.2925
25250,0.014318,1.923e-04,,,4569,3.2930
25300,0.007138,1.922e-04,,,4578,3.2922
25350,0.008482,1.922e-04,,,4587,3.2922
25400,0.006429,1.922e-04,,,4596,3.2918
25450,0.010396,1.922e-04,,,4605,3.2922
25500,0.005952,1.921e-04,,,4614,3.2920
25550,0.009039,1.921e-04,,,4623,3.2924
25600,0.004647,1.921e-04,,,4632,3.2915
25650,0.011495,1.920e-04,,,4641,3.2913
25700,0.017093,1.920e-04,,,4650,3.2919
25750,0.014193,1.920e-04,,,4659,3.2924
25800,0.002529,1.919e-04,,,4668,3.2926
25850,0.012703,1.919e-04,,,4677,3.2929
25900,0.013664,1.919e-04,,,4686,3.2927
25950,0.003984,1.918e-04,,,4695,3.2930
26000,0.006244,1.918e-04,,,4704,3.2929
26000,,,21.501,29.322,4704,
26050,0.006649,1.918e-04,,,4713,3.2927
26100,0.010705,1.918e-04,,,4722,3.2929
26150,0.006187,1.917e-04,,,4731,3.2927
26200,0.003202,1.917e-04,,,4740,3.2922
26250,0.009141,1.917e-04,,,4750,3.2929
26300,0.000034,1.916e-04,,,4759,3.2915
26350,0.013131,1.916e-04,,,4768,3.2922
26400,0.008393,1.916e-04,,,4777,3.2919
26450,0.008321,1.915e-04,,,4786,3.2927
26500,0.004021,1.915e-04,,,4795,3.2928
26550,0.013017,1.915e-04,,,4804,3.2931
26600,0.013113,1.914e-04,,,4813,3.2928
26650,0.014759,1.914e-04,,,4822,3.2929
26700,0.002648,1.914e-04,,,4831,3.2920
26750,-0.005453,1.913e-04,,,4840,3.2917
26800,0.013816,1.913e-04,,,4849,3.2925
26850,0.008473,1.913e-04,,,4858,3.2924
26900,0.011734,1.912e-04,,,4867,3.2919
26950,0.011083,1.912e-04,,,4876,3.2923
27000,0.002123,1.912e-04,,,4885,3.2919
27050,0.009998,1.912e-04,,,4894,3.2920
27100,0.014480,1.911e-04,,,4903,3.2926
27150,0.009730,1.911e-04,,,4912,3.2923
27200,0.008445,1.911e-04,,,4921,3.2919
27250,0.013683,1.910e-04,,,4930,3.2923
27300,0.011331,1.910e-04,,,4939,3.2927
27350,0.006297,1.910e-04,,,4948,3.2932
27400,0.003930,1.909e-04,,,4957,3.2924
27450,0.006937,1.909e-04,,,4966,3.2925
27500,0.005866,1.909e-04,,,4975,3.2925
27550,0.014863,1.908e-04,,,4984,3.2922
27600,0.002542,1.908e-04,,,4993,3.2929
27650,0.008506,1.908e-04,,,5002,3.2922
27700,0.005013,1.907e-04,,,5011,3.2926
27750,0.011813,1.907e-04,,,5020,3.2923
27800,0.009245,1.907e-04,,,5029,3.2924
27850,0.008234,1.906e-04,,,5038,3.2913
27900,0.007029,1.906e-04,,,5047,3.2921
27950,0.011386,1.906e-04,,,5056,3.2926
28000,0.012369,1.905e-04,,,5065,3.2928
28000,,,21.501,29.192,5065,
28050,0.010408,1.905e-04,,,5074,3.2916
28100,0.008205,1.905e-04,,,5083,3.2908
28150,0.015568,1.904e-04,,,5092,3.2922
28200,0.009726,1.904e-04,,,5101,3.2915
28250,0.003537,1.904e-04,,,5110,3.2928
28300,0.021451,1.903e-04,,,5119,3.2920
28350,0.021066,1.903e-04,,,5128,3.2923
28400,0.006747,1.903e-04,,,5137,3.2916
28450,0.001963,1.902e-04,,,5146,3.2928
28500,0.012548,1.902e-04,,,5155,3.2929
28550,0.013477,1.902e-04,,,5164,3.2926
28600,0.013069,1.901e-04,,,5173,3.2923
28650,0.008894,1.901e-04,,,5182,3.2927
28700,0.022266,1.901e-04,,,5191,3.2933
28750,-0.003340,1.900e-04,,,5200,3.2919
28800,0.014084,1.900e-04,,,5209,3.2935
28850,0.028742,1.900e-04,,,5219,3.2928
28900,0.010372,1.899e-04,,,5228,3.2940
28950,0.006215,1.899e-04,,,5237,3.2931
29000,0.004825,1.899e-04,,,5246,3.2918
29050,-0.001233,1.898e-04,,,5255,3.2923
29100,0.007559,1.898e-04,,,5264,3.2917
29150,0.005965,1.898e-04,,,5273,3.2922
29200,0.022415,1.897e-04,,,5282,3.2926
29250,0.005722,1.897e-04,,,5291,3.2928
29300,0.004188,1.896e-04,,,5300,3.2925
29350,0.012234,1.896e-04,,,5309,3.2926
29400,0.006761,1.896e-04,,,5318,3.2939
29450,0.006897,1.895e-04,,,5327,3.2931
29500,0.014480,1.895e-04,,,5336,3.2921
29550,0.015940,1.895e-04,,,5345,3.2926
29600,-0.000808,1.894e-04,,,5354,3.2924
29650,0.003079,1.894e-04,,,5363,3.2922
29700,0.006304,1.894e-04,,,5372,3.2923
29750,0.006858,1.893e-04,,,5381,3.2927
29800,0.002888,1.893e-04,,,5390,3.2917
29850,0.000441,1.893e-04,,,5399,3.2925
29900,-0.001915,1.892e-04,,,5408,3.2915
29950,0.013588,1.892e-04,,,5417,3.2923
30000,0.023797,1.892e-04,,,5426,3.2917
30000,,,21.501,29.257,5426,
30050,0.007109,1.891e-04,,,5435,3.2927
30100,0.001816,1.891e-04,,,5444,3.2918
30150,0.008789,1.890e-04,,,5453,3.2929
30200,0.018652,1.890e-04,,,5462,3.2926
30250,0.009682,1.890e-04,,,5472,3.2924
30300,0.006262,1.889e-04,,,5481,3.2928
30350,0.000715,1.889e-04,,,5490,3.2918
30400,0.007642,1.889e-04,,,5499,3.2926
30450,0.008276,1.888e-04,,,5508,3.2918
30500,0.017225,1.888e-04,,,5517,3.2924
30550,0.011491,1.888e-04,,,5526,3.2921
30600,0.008427,1.887e-04,,,5535,3.2922
30650,0.015336,1.887e-04,,,5544,3.2919
30700,0.007203,1.887e-04,,,5553,3.2928
30750,-0.002356,1.886e-04,,,5562,3.2920
30800,0.005259,1.886e-04,,,5571,3.2921
30850,0.006941,1.885e-04,,,5580,3.2917
30900,0.008466,1.885e-04,,,5589,3.2923
30950,0.002926,1.885e-04,,,5598,3.2930
31000,0.010625,1.884e-04,,,5607,3.2932
31050,-0.002734,1.884e-04,,,5616,3.2915
31100,0.004513,1.884e-04,,,5625,3.2923
31150,0.002368,1.883e-04,,,5634,3.2922
31200,0.014351,1.883e-04,,,5643,3.2913
31250,0.001568,1.883e-04,,,5652,3.2923
31300,0.012377,1.882e-04,,,5661,3.2927
31350,0.011340,1.882e-04,,,5670,3.2932
31400,0.009710,1.881e-04,,,5679,3.2923
31450,0.002553,1.881e-04,,,5689,3.2933
31500,0.010936,1.881e-04,,,5698,3.2928
31550,0.013990,1.880e-04,,,5707,3.2922
31600,0.010366,1.880e-04,,,5716,3.2928
31650,0.009799,1.880e-04,,,5725,3.2921
31700,0.007498,1.879e-04,,,5734,3.2927
31750,0.011367,1.879e-04,,,5743,3.2918
31800,0.015879,1.878e-04,,,5752,3.2926
31850,0.005234,1.878e-04,,,5761,3.2929
31900,0.002164,1.878e-04,,,5770,3.2931
31950,0.005169,1.877e-04,,,5779,3.2934
32000,0.002758,1.877e-04,,,5788,3.2924
32000,,,21.501,29.231,5788,
32050,0.019206,1.877e-04,,,5797,3.2907
32100,0.004738,1.876e-04,,,5806,3.2909
32150,0.013892,1.876e-04,,,5815,3.2923
32200,0.011293,1.875e-04,,,5824,3.2923
32250,0.006174,1.875e-04,,,5833,3.2921
32300,0.013125,1.875e-04,,,5842,3.2923
32350,0.002094,1.874e-04,,,5851,3.2924
32400,0.002221,1.874e-04,,,5860,3.2927
32450,0.019624,1.874e-04,,,5869,3.2926
32500,0.008096,1.873e-04,,,5878,3.2932
32550,0.012243,1.873e-04,,,5887,3.2923
32600,0.006310,1.872e-04,,,5896,3.2925
32650,0.005006,1.872e-04,,,5905,3.2923
32700,0.016431,1.872e-04,,,5914,3.2922
32750,0.011364,1.871e-04,,,5923,3.2931
32800,0.009180,1.871e-04,,,5932,3.2915
32850,0.015266,1.870e-04,,,5941,3.2926
32900,0.007256,1.870e-04,,,5950,3.2929
32950,0.005810,1.870e-04,,,5959,3.2926
33000,0.019918,1.869e-04,,,5968,3.2930
33050,0.007750,1.869e-04,,,5977,3.2926
33100,-0.004039,1.869e-04,,,5986,3.2926
33150,0.008947,1.868e-04,,,5995,3.2921
33200,0.012418,1.868e-04,,,6004,3.2924
33250,0.008818,1.867e-04,,,6013,3.2927
33300,0.002719,1.867e-04,,,6022,3.2923
33350,0.011206,1.867e-04,,,6031,3.2931
33400,0.010738,1.866e-04,,,6040,3.2922
33450,0.018209,1.866e-04,,,6049,3.2934
33500,0.004199,1.865e-04,,,6059,3.2918
33550,0.012637,1.865e-04,,,6068,3.2931
33600,0.012619,1.865e-04,,,6077,3.2921
33650,0.004402,1.864e-04,,,6086,3.2925
33700,0.012169,1.864e-04,,,6095,3.2929
33750,0.012237,1.863e-04,,,6104,3.2924
33800,0.022933,1.863e-04,,,6113,3.2921
33850,0.011424,1.863e-04,,,6122,3.2932
33900,0.003829,1.862e-04,,,6131,3.2934
33950,0.006269,1.862e-04,,,6140,3.2925
34000,0.011733,1.861e-04,,,6149,3.2927
34000,,,21.501,29.375,6149,
34050,0.012186,1.861e-04,,,6158,3.2928
34100,0.013682,1.861e-04,,,6167,3.2934
34150,0.005989,1.860e-04,,,6176,3.2930
34200,0.024942,1.860e-04,,,6185,3.2933
34250,0.005411,1.859e-04,,,6194,3.2927
34300,0.012086,1.859e-04,,,6203,3.2933
34350,0.010489,1.859e-04,,,6212,3.2933
34400,0.013495,1.858e-04,,,6221,3.2928
34450,0.005425,1.858e-04,,,6230,3.2932
34500,0.007012,1.857e-04,,,6239,3.2930
34550,0.010104,1.857e-04,,,6248,3.2933
34600,-0.002208,1.857e-04,,,6257,3.2915
34650,0.010274,1.856e-04,,,6266,3.2925
34700,0.004374,1.856e-04,,,6275,3.2924
34750,0.012529,1.855e-04,,,6284,3.2931
34800,0.000249,1.855e-04,,,6293,3.2937
34850,0.024279,1.855e-04,,,6302,3.2931
34900,0.007965,1.854e-04,,,6311,3.2933
34950,0.003783,1.854e-04,,,6320,3.2922
35000,0.006609,1.853e-04,,,6330,3.2930
35050,0.009252,1.853e-04,,,6339,3.2935
35100,0.000181,1.853e-04,,,6348,3.2922
35150,0.006250,1.852e-04,,,6357,3.2921
35200,0.014292,1.852e-04,,,6366,3.2926
35250,0.007339,1.851e-04,,,6375,3.2926
35300,0.006174,1.851e-04,,,6384,3.2931
35350,-0.000335,1.851e-04,,,6393,3.2922
35400,0.005313,1.850e-04,,,6402,3.2931
35450,0.009970,1.850e-04,,,6411,3.2917
35500,0.014158,1.849e-04,,,6420,3.2921
35550,0.019076,1.849e-04,,,6429,3.2925
35600,0.014370,1.848e-04,,,6438,3.2931
35650,0.006724,1.848e-04,,,6447,3.2922
35700,0.012505,1.848e-04,,,6456,3.2926
35750,0.001598,1.847e-04,,,6465,3.2935
35800,0.015016,1.847e-04,,,6474,3.2933
35850,-0.000208,1.846e-04,,,6483,3.2925
35900,0.007120,1.846e-04,,,6492,3.2928
35950,0.009115,1.846e-04,,,6501,3.2925
36000,0.004957,1.845e-04,,,6510,3.2926
36000,,,21.501,29.194,6510,
36050,0.008581,1.845e-04,,,6519,3.2925
36100,0.018585,1.844e-04,,,6528,3.2932
36150,0.009377,1.844e-04,,,6537,3.2935
36200,0.010777,1.843e-04,,,6546,3.2930
36250,0.011356,1.843e-04,,,6555,3.2927
36300,0.007226,1.843e-04,,,6564,3.2932
36350,0.004366,1.842e-04,,,6573,3.2931
36400,0.009206,1.842e-04,,,6583,3.2935
36450,0.014430,1.841e-04,,,6592,3.2929
36500,0.007707,1.841e-04,,,6601,3.2931
36550,0.001910,1.840e-04,,,6610,3.2937
36600,0.009080,1.840e-04,,,6619,3.2935
36650,0.002262,1.840e-04,,,6628,3.2931
36700,0.015359,1.839e-04,,,6637,3.2932
36750,0.013136,1.839e-04,,,6646,3.2931
36800,0.004061,1.838e-04,,,6655,3.2921
36850,0.008236,1.838e-04,,,6664,3.2939
36900,0.008819,1.837e-04,,,6673,3.2930
36950,0.006888,1.837e-04,,,6682,3.2929
37000,0.020580,1.837e-04,,,6691,3.2932
37050,0.008745,1.836e-04,,,6700,3.2934
37100,0.010913,1.836e-04,,,6709,3.2934
37150,0.008640,1.835e-04,,,6718,3.2938
37200,0.007734,1.835e-04,,,6727,3.2929
37250,0.015772,1.834e-04,,,6736,3.2928
37300,0.015985,1.834e-04,,,6745,3.2929
37350,0.007603,1.834e-04,,,6754,3.2934
37400,0.025677,1.833e-04,,,6763,3.2935
37450,0.008061,1.833e-04,,,6772,3.2936
37500,0.011462,1.832e-04,,,6781,3.2935
37550,0.004964,1.832e-04,,,6790,3.2933
37600,0.000367,1.831e-04,,,6799,3.2926
37650,0.005818,1.831e-04,,,6808,3.2925
37700,0.010979,1.831e-04,,,6817,3.2926
37750,0.009693,1.830e-04,,,6826,3.2934
37800,0.010290,1.830e-04,,,6835,3.2936
37850,0.007904,1.829e-04,,,6845,3.2927
37900,0.010494,1.829e-04,,,6854,3.2930
37950,0.007871,1.828e-04,,,6863,3.2931
38000,-0.002663,1.828e-04,,,6872,3.2928
38000,,,21.501,29.430,6872,
38050,0.009775,1.828e-04,,,6881,3.2925
38100,0.008462,1.827e-04,,,6890,3.2935
38150,0.012448,1.827e-04,,,6899,3.2924
38200,0.011007,1.826e-04,,,6908,3.2934
38250,0.004100,1.826e-04,,,6917,3.2936
38300,0.009943,1.825e-04,,,6926,3.2931
38350,0.009071,1.825e-04,,,6935,3.2929
38400,0.012765,1.824e-04,,,6944,3.2934
38450,0.008828,1.824e-04,,,6953,3.2930
38500,0.014613,1.824e-04,,,6962,3.2936
38550,0.008484,1.823e-04,,,6971,3.2933
38600,0.001058,1.823e-04,,,6980,3.2932
38650,0.012308,1.822e-04,,,6989,3.2936
38700,0.008096,1.822e-04,,,6998,3.2930
38750,0.015148,1.821e-04,,,7007,3.2933
38800,0.006897,1.821e-04,,,7016,3.2927
38850,0.008690,1.820e-04,,,7025,3.2930
38900,0.001665,1.820e-04,,,7034,3.2937
38950,0.003231,1.820e-04,,,7043,3.2931
39000,0.005224,1.819e-04,,,7052,3.2930
39050,0.016108,1.819e-04,,,7061,3.2935
39100,0.009038,1.818e-04,,,7070,3.2930
39150,0.013516,1.818e-04,,,7079,3.2937
39200,0.007880,1.817e-04,,,7088,3.2934
39250,0.009327,1.817e-04,,,7097,3.2932
39300,0.004745,1.816e-04,,,7106,3.2927
39350,0.012414,1.816e-04,,,7115,3.2934
39400,0.001368,1.815e-04,,,7124,3.2929
39450,0.003070,1.815e-04,,,7133,3.2926
39500,0.015036,1.815e-04,,,7143,3.2933
39550,0.012901,1.814e-04,,,7152,3.2932
39600,0.004675,1.814e-04,,,7161,3.2927
39650,0.011293,1.813e-04,,,7170,3.2937
39700,0.014812,1.813e-04,,,7179,3.2932
39750,0.006202,1.812e-04,,,7188,3.2931
39800,0.007783,1.812e-04,,,7197,3.2941
39850,0.013895,1.811e-04,,,7206,3.2933
39900,0.015519,1.811e-04,,,7215,3.2930
39950,0.015849,1.810e-04,,,7224,3.2932
40000,0.006251,1.810e-04,,,7233,3.2934
40000,,,21.501,29.527,7233,
40050,0.012246,1.810e-04,,,7242,3.2932
40100,0.000758,1.809e-04,,,7251,3.2930
40150,0.017278,1.809e-04,,,7260,3.2931
40200,0.011476,1.808e-04,,,7269,3.2935
40250,0.005883,1.808e-04,,,7278,3.2925
40300,0.017612,1.807e-04,,,7287,3.2932
40350,0.013138,1.807e-04,,,7296,3.2940
40400,0.008599,1.806e-04,,,7305,3.2933
40450,0.015980,1.806e-04,,,7314,3.2929
40500,0.003000,1.805e-04,,,7323,3.2935
40550,0.011889,1.805e-04,,,7332,3.2938
40600,0.006175,1.804e-04,,,7341,3.2935
40650,0.015316,1.804e-04,,,7350,3.2937
40700,0.008400,1.803e-04,,,7359,3.2933
40750,0.010938,1.803e-04,,,7368,3.2936
40800,0.009855,1.803e-04,,,7377,3.2930
40850,0.008746,1.802e-04,,,7386,3.2935
40900,0.009569,1.802e-04,,,7395,3.2942
40950,0.006904,1.801e-04,,,7404,3.2934
41000,0.004026,1.801e-04,,,7413,3.2931
41050,0.008892,1.800e-04,,,7422,3.2933
41100,0.014634,1.800e-04,,,7432,3.2930
41150,0.012954,1.799e-04,,,7441,3.2938
41200,0.013541,1.799e-04,,,7450,3.2938
41250,0.006295,1.798e-04,,,7459,3.2933
41300,0.010483,1.798e-04,,,7468,3.2937
41350,0.010185,1.797e-04,,,7477,3.2933
41400,0.013411,1.797e-04,,,7486,3.2937
41450,0.006951,1.796e-04,,,7495,3.2939
41500,0.004757,1.796e-04,,,7504,3.2931
41550,0.009929,1.795e-04,,,7513,3.2934
41600,0.018028,1.795e-04,,,7522,3.2931
41650,0.018148,1.795e-04,,,7531,3.2936
41700,0.016681,1.794e-04,,,7540,3.2937
41750,0.007683,1.794e-04,,,7549,3.2939
41800,0.009796,1.793e-04,,,7558,3.2936
41850,0.004197,1.793e-04,,,7567,3.2934
41900,0.004190,1.792e-04,,,7576,3.2938
41950,0.007802,1.792e-04,,,7585,3.2939
42000,0.009207,1.791e-04,,,7594,3.2940
42000,,,21.501,29.548,7594,
42050,0.004878,1.791e-04,,,7603,3.2939
42100,0.004416,1.790e-04,,,7612,3.2936
42150,0.001569,1.790e-04,,,7621,3.2932
42200,0.014500,1.789e-04,,,7630,3.2932
42250,0.011025,1.789e-04,,,7639,3.2935
42300,0.004058,1.788e-04,,,7648,3.2936
42350,0.007637,1.788e-04,,,7657,3.2932
42400,0.008281,1.787e-04,,,7666,3.2936
42450,0.009235,1.787e-04,,,7675,3.2933
42500,0.017276,1.786e-04,,,7684,3.2937
42550,0.010877,1.786e-04,,,7694,3.2931
42600,0.010007,1.785e-04,,,7703,3.2943
42650,0.003261,1.785e-04,,,7712,3.2936
42700,0.010418,1.784e-04,,,7721,3.2940
42750,0.003111,1.784e-04,,,7730,3.2930
42800,0.004147,1.783e-04,,,7739,3.2935
42850,0.010701,1.783e-04,,,7748,3.2929
42900,0.005479,1.783e-04,,,7757,3.2937
42950,0.010208,1.782e-04,,,7766,3.2934
43000,0.003911,1.782e-04,,,7775,3.2929
43050,0.016393,1.781e-04,,,7784,3.2941
43100,0.019884,1.781e-04,,,7793,3.2940
43150,0.007847,1.780e-04,,,7802,3.2936
43200,0.015778,1.780e-04,,,7811,3.2937
43250,0.006924,1.779e-04,,,7820,3.2932
43300,0.024286,1.779e-04,,,7829,3.2938
43350,0.011695,1.778e-04,,,7838,3.2940
43400,0.018269,1.778e-04,,,7847,3.2932
43450,0.008495,1.777e-04,,,7856,3.2941
43500,0.010802,1.777e-04,,,7865,3.2933
43550,0.007540,1.776e-04,,,7874,3.2938
43600,0.025080,1.776e-04,,,7883,3.2929
43650,0.005023,1.775e-04,,,7893,3.2933
43700,0.015776,1.775e-04,,,7902,3.2932
43750,0.003713,1.774e-04,,,7911,3.2941
43800,0.001695,1.774e-04,,,7920,3.2937
43850,0.011243,1.773e-04,,,7929,3.2930
43900,0.013722,1.773e-04,,,7938,3.2938
43950,0.008002,1.772e-04,,,7947,3.2942
44000,0.009994,1.772e-04,,,7956,3.2939
44000,,,21.501,29.514,7956,
44050,0.010260,1.771e-04,,,7965,3.2936
44100,0.007861,1.771e-04,,,7974,3.2934
44150,0.013764,1.770e-04,,,7983,3.2934
44200,0.011655,1.770e-04,,,7992,3.2937
44250,0.014379,1.769e-04,,,8001,3.2932
44300,0.006300,1.769e-04,,,8010,3.2933
44350,0.000183,1.768e-04,,,8019,3.2930
44400,0.010958,1.768e-04,,,8028,3.2936
44450,0.018836,1.767e-04,,,8037,3.2936
44500,0.010337,1.767e-04,,,8046,3.2934
44550,0.008654,1.766e-04,,,8055,3.2942
44600,0.014613,1.766e-04,,,8064,3.2940
44650,0.013559,1.765e-04,,,8073,3.2938
44700,0.010841,1.765e-04,,,8082,3.2937
44750,0.001923,1.764e-04,,,8091,3.2938
44800,0.022997,1.764e-04,,,8100,3.2935
44850,0.005363,1.763e-04,,,8109,3.2937
44900,0.003641,1.763e-04,,,8118,3.2937
44950,0.023273,1.762e-04,,,8127,3.2937
45000,0.009958,1.762e-04,,,8136,3.2938
45050,0.013495,1.761e-04,,,8146,3.2937
45100,0.004595,1.761e-04,,,8155,3.2936
45150,0.021537,1.760e-04,,,8164,3.2942
45200,0.014534,1.760e-04,,,8173,3.2935
45250,0.011231,1.759e-04,,,8182,3.2941
45300,0.006294,1.759e-04,,,8191,3.2937
45350,0.008999,1.758e-04,,,8200,3.2933
45400,0.007915,1.758e-04,,,8209,3.2938
45450,0.005127,1.757e-04,,,8218,3.2935
45500,0.005082,1.757e-04,,,8227,3.2934
45550,0.004746,1.756e-04,,,8236,3.2940
45600,0.007788,1.755e-04,,,8245,3.2938
45650,0.016115,1.755e-04,,,8254,3.2940
45700,0.009123,1.754e-04,,,8263,3.2945
45750,0.013312,1.754e-04,,,8272,3.2936
45800,0.006369,1.753e-04,,,8281,3.2944
45850,0.019120,1.753e-04,,,8290,3.2935
45900,0.009310,1.752e-04,,,8299,3.2943
45950,0.011937,1.752e-04,,,8308,3.2939
46000,0.005443,1.751e-04,,,8317,3.2931
46000,,,21.501,29.638,8317,
46050,0.027412,1.751e-04,,,8326,3.2937
46100,0.017237,1.750e-04,,,8335,3.2940
46150,0.004342,1.750e-04,,,8344,3.2942
46200,0.009440,1.749e-04,,,8353,3.2935
46250,0.004317,1.749e-04,,,8362,3.2935
46300,0.017516,1.748e-04,,,8371,3.2939
46350,0.010738,1.748e-04,,,8380,3.2938
46400,0.004610,1.747e-04,,,8389,3.2933
46450,0.005514,1.747e-04,,,8398,3.2936
46500,0.012340,1.746e-04,,,8408,3.2934
46550,0.003626,1.746e-04,,,8417,3.2934
46600,0.015003,1.745e-04,,,8426,3.2939
46650,0.016975,1.745e-04,,,8435,3.2942
46700,0.022971,1.744e-04,,,8444,3.2942
46750,0.010301,1.744e-04,,,8453,3.2936
46800,0.013410,1.743e-04,,,8462,3.2938
46850,0.017228,1.743e-04,,,8471,3.2935
46900,0.014611,1.742e-04,,,8480,3.2937
46950,0.011115,1.741e-04,,,8489,3.2943
47000,0.018125,1.741e-04,,,8498,3.2941
47050,0.015341,1.740e-04,,,8507,3.2942
47100,0.016869,1.740e-04,,,8516,3.2940
47150,0.010269,1.739e-04,,,8525,3.2939
47200,0.013267,1.739e-04,,,8534,3.2940
47250,0.013174,1.738e-04,,,8543,3.2939
47300,0.018437,1.738e-04,,,8552,3.2940
47350,0.017747,1.737e-04,,,8561,3.2940
47400,0.007704,1.737e-04,,,8570,3.2938
47450,0.015755,1.736e-04,,,8579,3.2938
47500,0.017073,1.736e-04,,,8588,3.2942
47550,0.008676,1.735e-04,,,8597,3.2934
47600,0.007679,1.735e-04,,,8606,3.2938
47650,0.007353,1.734e-04,,,8615,3.2941
47700,0.008219,1.734e-04,,,8624,3.2941
47750,0.010076,1.733e-04,,,8633,3.2939
47800,0.016243,1.732e-04,,,8642,3.2937
47850,0.009619,1.732e-04,,,8651,3.2942
47900,0.014422,1.731e-04,,,8660,3.2935
47950,0.009169,1.731e-04,,,8669,3.2939
48000,0.009071,1.730e-04,,,8679,3.2938
48000,,,21.501,29.606,8679,
48050,0.011045,1.730e-04,,,8688,3.2942
48100,0.004357,1.729e-04,,,8697,3.2940
48150,0.008651,1.729e-04,,,8706,3.2940
48200,0.008463,1.728e-04,,,8715,3.2938
48250,0.015501,1.728e-04,,,8724,3.2936
48300,0.012469,1.727e-04,,,8733,3.2933
48350,0.005810,1.727e-04,,,8742,3.2941
48400,0.002577,1.726e-04,,,8751,3.2938
48450,0.010395,1.725e-04,,,8760,3.2940
48500,0.008925,1.725e-04,,,8769,3.2944
48550,0.013280,1.724e-04,,,8778,3.2938
48600,0.014769,1.724e-04,,,8787,3.2939
48650,0.007479,1.723e-04,,,8796,3.2941
48700,0.012333,1.723e-04,,,8805,3.2939
48750,0.016905,1.722e-04,,,8814,3.2943
48800,0.014067,1.722e-04,,,8824,3.2942
48850,0.012632,1.721e-04,,,8833,3.2943
48900,0.021697,1.721e-04,,,8842,3.2939
48950,0.004705,1.720e-04,,,8851,3.2938
49000,0.017461,1.720e-04,,,8860,3.2938
49050,0.007766,1.719e-04,,,8869,3.2939
49100,0.013885,1.718e-04,,,8878,3.2946
49150,0.011082,1.718e-04,,,8887,3.2943
49200,0.007713,1.717e-04,,,8896,3.2945
49250,0.012537,1.717e-04,,,8905,3.2943
49300,0.018180,1.716e-04,,,8914,3.2943
49350,0.011070,1.716e-04,,,8923,3.2936
49400,0.011279,1.715e-04,,,8932,3.2936
49450,0.015846,1.715e-04,,,8941,3.2937
49500,0.007606,1.714e-04,,,8950,3.2939
49550,0.018189,1.714e-04,,,8959,3.2939
49600,0.007029,1.713e-04,,,8968,3.2939
49650,0.015621,1.712e-04,,,8977,3.2940
49700,0.014253,1.712e-04,,,8986,3.2944
49750,0.008939,1.711e-04,,,8995,3.2941
49800,0.013445,1.711e-04,,,9004,3.2940
49850,0.014152,1.710e-04,,,9013,3.2940
49900,0.029705,1.710e-04,,,9022,3.2941
49950,0.012327,1.709e-04,,,9031,3.2939
50000,0.009042,1.709e-04,,,9040,3.2943
50000,,,21.501,29.598,9040,
50050,0.008898,1.708e-04,,,9049,3.2940
50100,0.014214,1.707e-04,,,9058,3.2942
50150,-0.000187,1.707e-04,,,9068,3.2943
50200,0.013907,1.706e-04,,,9077,3.2940
50250,0.004208,1.706e-04,,,9086,3.2944
50300,0.010314,1.705e-04,,,9095,3.2935
50350,0.004903,1.705e-04,,,9104,3.2940
50400,0.016738,1.704e-04,,,9113,3.2940
50450,0.006253,1.704e-04,,,9122,3.2940
50500,0.012142,1.703e-04,,,9131,3.2941
50550,0.017581,1.702e-04,,,9140,3.2938
50600,0.010251,1.702e-04,,,9149,3.2940
50650,0.015469,1.701e-04,,,9158,3.2941
50700,0.004028,1.701e-04,,,9167,3.2939
50750,0.012712,1.700e-04,,,9176,3.2938
50800,0.011218,1.700e-04,,,9185,3.2938
50850,0.019432,1.699e-04,,,9194,3.2947
50900,0.003822,1.699e-04,,,9203,3.2941
50950,0.013773,1.698e-04,,,9212,3.2936
51000,0.010401,1.697e-04,,,9221,3.2941
51050,0.008967,1.697e-04,,,9230,3.2941
51100,0.008194,1.696e-04,,,9239,3.2939
51150,0.018859,1.696e-04,,,9248,3.2939
51200,0.013537,1.695e-04,,,9258,3.2941
51250,0.015330,1.695e-04,,,9267,3.2943
51300,0.011466,1.694e-04,,,9276,3.2944
51350,0.008808,1.693e-04,,,9285,3.2941
51400,0.006909,1.693e-04,,,9294,3.2939
51450,0.014086,1.692e-04,,,9303,3.2942
51500,0.017309,1.692e-04,,,9312,3.2941
51550,0.013364,1.691e-04,,,9321,3.2939
51600,0.013554,1.691e-04,,,9330,3.2939
51650,0.011061,1.690e-04,,,9339,3.2942
51700,0.014157,1.690e-04,,,9348,3.2939
51750,0.019066,1.689e-04,,,9357,3.2946
51800,0.008240,1.688e-04,,,9366,3.2940
51850,0.009537,1.688e-04,,,9375,3.2937
51900,0.005381,1.687e-04,,,9384,3.2938
51950,0.025224,1.687e-04,,,9393,3.2938
52000,0.011600,1.686e-04,,,9402,3.2939
52000,,,21.501,29.698,9402,
52050,0.008826,1.686e-04,,,9412,3.2943
52100,0.013193,1.685e-04,,,9421,3.2942
52150,0.014181,1.684e-04,,,9430,3.2943
52200,0.023683,1.684e-04,,,9439,3.2943
52250,0.010084,1.683e-04,,,9448,3.2942
52300,0.006705,1.683e-04,,,9457,3.2937
52350,0.001727,1.682e-04,,,9466,3.2938
52400,0.017046,1.682e-04,,,9475,3.2944
52450,0.010192,1.681e-04,,,9484,3.2940
52500,0.006090,1.680e-04,,,9493,3.2939
52550,0.011018,1.680e-04,,,9502,3.2942
52600,0.005344,1.679e-04,,,9511,3.2939
52650,0.010831,1.679e-04,,,9520,3.2942
52700,0.014372,1.678e-04,,,9529,3.2940
52750,0.006673,1.678e-04,,,9538,3.2941
52800,0.015369,1.677e-04,,,9547,3.2944
52850,0.019012,1.676e-04,,,9556,3.2941
52900,0.007934,1.676e-04,,,9566,3.2940
52950,0.019103,1.675e-04,,,9575,3.2939
53000,0.015577,1.675e-04,,,9584,3.2937
53050,0.012903,1.674e-04,,,9593,3.2940
53100,0.006212,1.673e-04,,,9602,3.2937
53150,0.018253,1.673e-04,,,9611,3.2938
53200,0.006223,1.672e-04,,,9620,3.2943
53250,0.009273,1.672e-04,,,9629,3.2939
53300,0.013930,1.671e-04,,,9638,3.2944
53350,0.024404,1.671e-04,,,9647,3.2944
53400,0.019971,1.670e-04,,,9656,3.2944
53450,0.012649,1.669e-04,,,9665,3.2940
53500,0.000627,1.669e-04,,,9674,3.2938
53550,0.008198,1.668e-04,,,9683,3.2938
53600,0.019605,1.668e-04,,,9692,3.2943
53650,0.002144,1.667e-04,,,9701,3.2939
53700,0.010971,1.667e-04,,,9710,3.2937
53750,0.017281,1.666e-04,,,9719,3.2941
53800,0.011791,1.665e-04,,,9728,3.2939
53850,0.008179,1.665e-04,,,9737,3.2941
53900,0.016237,1.664e-04,,,9746,3.2941
53950,0.026054,1.664e-04,,,9755,3.2940
54000,0.008798,1.663e-04,,,9764,3.2939
54000,,,21.501,29.857,9764,
54050,0.014498,1.662e-04,,,9773,3.2941
54100,0.011198,1.662e-04,,,9783,3.2940
54150,0.004935,1.661e-04,,,9792,3.2940
54200,0.017899,1.661e-04,,,9801,3.2941
54250,0.021150,1.660e-04,,,9810,3.2941
54300,0.009564,1.659e-04,,,9819,3.2940
54350,0.014535,1.659e-04,,,9828,3.2936
54400,0.015937,1.658e-04,,,9837,3.2941
54450,0.005844,1.658e-04,,,9846,3.2942
54500,0.017357,1.657e-04,,,9855,3.2942
54550,0.008058,1.657e-04,,,9864,3.2936
54600,0.015891,1.656e-04,,,9873,3.2941
54650,0.016573,1.655e-04,,,9882,3.2940
54700,0.006887,1.655e-04,,,9891,3.2942
54750,0.021030,1.654e-04,,,9900,3.2938
54800,0.004409,1.654e-04,,,9909,3.2936
54850,0.010912,1.653e-04,,,9918,3.2937
54900,0.004577,1.652e-04,,,9927,3.2938
54950,0.011932,1.652e-04,,,9936,3.2939
55000,0.008081,1.651e-04,,,9945,3.2939
55050,0.019455,1.651e-04,,,9954,3.2938
55100,0.015869,1.650e-04,,,9963,3.2942
55150,0.009016,1.649e-04,,,9972,3.2943
55200,0.018149,1.649e-04,,,9981,3.2938
55250,0.006662,1.648e-04,,,9990,3.2937
55300,0.016287,1.648e-04,,,9999,3.2941
55350,0.015699,1.647e-04,,,10008,3.2940
55400,0.010803,1.646e-04,,,10017,3.2941
55450,0.008529,1.646e-04,,,10026,3.2938
55500,0.009234,1.645e-04,,,10035,3.2938
55550,0.016630,1.645e-04,,,10045,3.2939
55600,0.009172,1.644e-04,,,10054,3.2939
55650,0.012064,1.643e-04,,,10063,3.2938
55700,0.014310,1.643e-04,,,10072,3.2937
55750,0.014283,1.642e-04,,,10081,3.2941
55800,0.012971,1.642e-04,,,10090,3.2938
55850,0.014846,1.641e-04,,,10099,3.2936
55900,0.016634,1.640e-04,,,10108,3.2938
55950,0.016998,1.640e-04,,,10117,3.2942
56000,0.020964,1.639e-04,,,10126,3.2942
56000,,,21.501,29.777,10126,
56050,0.006393,1.639e-04,,,10135,3.2934
56100,0.007613,1.638e-04,,,10144,3.2939
56150,0.015059,1.637e-04,,,10153,3.2936
56200,0.009841,1.637e-04,,,10162,3.2939
56250,0.007519,1.636e-04,,,10171,3.2934
56300,0.017511,1.636e-04,,,10180,3.2938
56350,0.006532,1.635e-04,,,10189,3.2936
56400,0.005010,1.634e-04,,,10198,3.2935
56450,0.025907,1.634e-04,,,10207,3.2938
56500,0.013475,1.633e-04,,,10216,3.2941
56550,0.021081,1.633e-04,,,10225,3.2940
56600,0.004827,1.632e-04,,,10234,3.2932
56650,0.004668,1.631e-04,,,10243,3.2938
56700,0.004196,1.631e-04,,,10252,3.2931
56750,0.013252,1.630e-04,,,10261,3.2933
56800,0.019490,1.630e-04,,,10271,3.2937
56850,0.010299,1.629e-04,,,10280,3.2937
56900,0.001294,1.628e-04,,,10289,3.2938
56950,0.014990,1.628e-04,,,10298,3.2939
57000,0.009756,1.627e-04,,,10307,3.2941
57050,0.016749,1.627e-04,,,10316,3.2930
57100,0.009767,1.626e-04,,,10325,3.2934
57150,0.012620,1.625e-04,,,10334,3.2935
57200,0.013352,1.625e-04,,,10343,3.2936
57250,0.008084,1.624e-04,,,10352,3.2932
57300,0.014161,1.623e-04,,,10361,3.2938
57350,0.000310,1.623e-04,,,10370,3.2934
57400,0.012123,1.622e-04,,,10379,3.2933
57450,0.003740,1.622e-04,,,10388,3.2932
57500,0.014653,1.621e-04,,,10397,3.2938
57550,0.017572,1.620e-04,,,10406,3.2941
57600,0.007938,1.620e-04,,,10415,3.2936
57650,0.006301,1.619e-04,,,10424,3.2935
57700,0.006244,1.619e-04,,,10433,3.2940
57750,0.017116,1.618e-04,,,10442,3.2932
57800,0.006529,1.617e-04,,,10451,3.2934
57850,0.015785,1.617e-04,,,10460,3.2936
57900,0.018639,1.616e-04,,,10469,3.2934
57950,0.015582,1.615e-04,,,10478,3.2934
58000,0.006805,1.615e-04,,,10487,3.2939
58000,,,21.501,30.014,10487,
58050,0.015055,1.614e-04,,,10497,3.2936
58100,0.012887,1.614e-04,,,10506,3.2939
58150,0.014968,1.613e-04,,,10515,3.2936
58200,0.026861,1.612e-04,,,10524,3.2940
58250,0.016671,1.612e-04,,,10533,3.2942
58300,0.008649,1.611e-04,,,10542,3.2939
58350,0.007520,1.611e-04,,,10551,3.2933
58400,0.021492,1.610e-04,,,10560,3.2938
58450,0.016536,1.609e-04,,,10569,3.2937
58500,0.015843,1.609e-04,,,10578,3.2940
58550,0.011442,1.608e-04,,,10587,3.2936
58600,0.019535,1.607e-04,,,10596,3.2936
58650,0.015006,1.607e-04,,,10605,3.2936
58700,0.015995,1.606e-04,,,10614,3.2939
58750,0.003446,1.606e-04,,,10623,3.2936
58800,0.017739,1.605e-04,,,10632,3.2934
58850,0.020381,1.604e-04,,,10641,3.2933
58900,0.014682,1.604e-04,,,10650,3.2935
58950,0.015254,1.603e-04,,,10659,3.2934
59000,0.016816,1.602e-04,,,10668,3.2940
59050,0.015644,1.602e-04,,,10677,3.2929
59100,0.012690,1.601e-04,,,10686,3.2929
59150,0.016017,1.601e-04,,,10695,3.2934
59200,0.016178,1.600e-04,,,10704,3.2935
59250,0.006306,1.599e-04,,,10713,3.2928
59300,0.001339,1.599e-04,,,10722,3.2927
59350,0.018355,1.598e-04,,,10731,3.2933
59400,0.012021,1.597e-04,,,10740,3.2934
59450,0.013997,1.597e-04,,,10749,3.2929
59500,0.008424,1.596e-04,,,10759,3.2937
59550,0.014290,1.596e-04,,,10768,3.2937
59600,0.018677,1.595e-04,,,10777,3.2941
59650,0.014290,1.594e-04,,,10786,3.2932
59700,0.008270,1.594e-04,,,10795,3.2928
59750,0.015529,1.593e-04,,,10804,3.2929
59800,0.009923,1.592e-04,,,10813,3.2933
59850,0.009280,1.592e-04,,,10822,3.2927
59900,0.014007,1.591e-04,,,10831,3.2931
59950,0.009003,1.590e-04,,,10840,3.2935
60000,0.018474,1.590e-04,,,10849,3.2941
60000,,,21.501,30.053,10849,
60050,0.010863,1.589e-04,,,10858,3.2932
60100,0.009802,1.589e-04,,,10867,3.2935
60150,0.005826,1.588e-04,,,10876,3.2928
60200,0.013637,1.587e-04,,,10885,3.2932
60250,0.007129,1.587e-04,,,10894,3.2933
60300,0.018971,1.586e-04,,,10903,3.2932
60350,0.014484,1.585e-04,,,10912,3.2935
60400,0.010084,1.585e-04,,,10921,3.2924
60450,0.013762,1.584e-04,,,10930,3.2933
60500,0.013623,1.584e-04,,,10939,3.2932
60550,0.013696,1.583e-04,,,10948,3.2927
60600,0.005243,1.582e-04,,,10957,3.2933
60650,0.017369,1.582e-04,,,10966,3.2933
60700,0.016107,1.581e-04,,,10975,3.2932
60750,0.026103,1.580e-04,,,10984,3.2936
60800,0.011800,1.580e-04,,,10993,3.2932
60850,0.007647,1.579e-04,,,11002,3.2934
60900,0.013742,1.578e-04,,,11011,3.2928
60950,0.009182,1.578e-04,,,11020,3.2931
61000,0.010380,1.577e-04,,,11029,3.2930
61050,0.009258,1.576e-04,,,11039,3.2932
61100,0.010511,1.576e-04,,,11048,3.2935
61150,0.029357,1.575e-04,,,11057,3.2933
61200,0.010186,1.575e-04,,,11066,3.2928
61250,0.004046,1.574e-04,,,11075,3.2925
61300,0.012058,1.573e-04,,,11084,3.2930
61350,0.012756,1.573e-04,,,11093,3.2926
61400,0.003321,1.572e-04,,,11102,3.2932
61450,0.008814,1.571e-04,,,11111,3.2934
61500,0.004302,1.571e-04,,,11120,3.2923
61550,0.016787,1.570e-04,,,11129,3.2933
61600,0.013049,1.569e-04,,,11138,3.2925
61650,0.019437,1.569e-04,,,11147,3.2932
61700,0.005579,1.568e-04,,,11156,3.2936
61750,0.012942,1.568e-04,,,11165,3.2936
61800,0.010047,1.567e-04,,,11174,3.2924
61850,0.011292,1.566e-04,,,11183,3.2930
61900,0.015769,1.566e-04,,,11192,3.2925
61950,0.013136,1.565e-04,,,11201,3.2927
62000,0.015329,1.564e-04,,,11210,3.2930
62000,,,21.501,29.855,11210,
62050,0.014198,1.564e-04,,,11219,3.2929
62100,0.024668,1.563e-04,,,11228,3.2928
62150,0.006225,1.562e-04,,,11237,3.2932
62200,0.018406,1.562e-04,,,11246,3.2934
62250,0.016497,1.561e-04,,,11255,3.2930
62300,0.016418,1.560e-04,,,11264,3.2919
62350,0.017652,1.560e-04,,,11273,3.2932
62400,0.005415,1.559e-04,,,11282,3.2919
62450,0.019674,1.558e-04,,,11292,3.2928
62500,0.021713,1.558e-04,,,11301,3.2930
62550,0.021524,1.557e-04,,,11310,3.2934
62600,0.011071,1.556e-04,,,11319,3.2927
62650,0.013559,1.556e-04,,,11328,3.2927
62700,0.007541,1.555e-04,,,11337,3.2924
62750,0.011748,1.555e-04,,,11346,3.2934
62800,0.009721,1.554e-04,,,11355,3.2931
62850,0.018119,1.553e-04,,,11364,3.2930
62900,0.001341,1.553e-04,,,11373,3.2934
62950,0.011972,1.552e-04,,,11382,3.2931
63000,0.020864,1.551e-04,,,11391,3.2922
63050,0.003243,1.551e-04,,,11400,3.2929
63100,0.010619,1.550e-04,,,11409,3.2938
63150,0.010582,1.549e-04,,,11418,3.2922
63200,0.009542,1.549e-04,,,11427,3.2931
63250,0.012899,1.548e-04,,,11436,3.2926
63300,0.007520,1.547e-04,,,11445,3.2917
63350,0.012275,1.547e-04,,,11454,3.2929
63400,0.008264,1.546e-04,,,11463,3.2921
63450,0.015568,1.545e-04,,,11472,3.2932
63500,0.006177,1.545e-04,,,11481,3.2924
63550,0.009085,1.544e-04,,,11490,3.2921
63600,0.011498,1.543e-04,,,11499,3.2932
63650,0.024579,1.543e-04,,,11508,3.2927
63700,0.011813,1.542e-04,,,11518,3.2926
63750,0.015255,1.541e-04,,,11527,3.2929
63800,0.022701,1.541e-04,,,11536,3.2925
63850,0.006909,1.540e-04,,,11545,3.2933
63900,0.010195,1.539e-04,,,11554,3.2929
63950,0.018088,1.539e-04,,,11563,3.2933
64000,0.004256,1.538e-04,,,11572,3.2923
64000,,,21.501,30.076,11572,
64050,0.001891,1.537e-04,,,11581,3.2924
64100,0.014699,1.537e-04,,,11590,3.2924
64150,0.011592,1.536e-04,,,11599,3.2924
64200,0.005922,1.536e-04,,,11608,3.2924
64250,0.014618,1.535e-04,,,11617,3.2928
64300,0.004445,1.534e-04,,,11626,3.2928
64350,0.003982,1.534e-04,,,11635,3.2925
64400,0.006796,1.533e-04,,,11644,3.2931
64450,0.003857,1.532e-04,,,11653,3.2938
64500,0.013867,1.532e-04,,,11662,3.2920
64550,0.019604,1.531e-04,,,11671,3.2928
64600,-0.000953,1.530e-04,,,11680,3.2926
64650,0.023453,1.530e-04,,,11689,3.2923
64700,0.020030,1.529e-04,,,11699,3.2920
64750,0.024170,1.528e-04,,,11708,3.2925
64800,0.009867,1.528e-04,,,11717,3.2931
64850,0.016422,1.527e-04,,,11726,3.2925
64900,0.018165,1.526e-04,,,11735,3.2925
64950,0.025176,1.526e-04,,,11744,3.2930
65000,0.030713,1.525e-04,,,11753,3.2923
65050,0.015758,1.524e-04,,,11762,3.2927
65100,0.008432,1.524e-04,,,11771,3.2929
65150,0.006436,1.523e-04,,,11780,3.2921
65200,0.023470,1.522e-04,,,11789,3.2929
65250,0.016724,1.522e-04,,,11798,3.2930
65300,0.010616,1.521e-04,,,11807,3.2922
65350,0.007239,1.520e-04,,,11816,3.2925
65400,0.011735,1.520e-04,,,11825,3.2921
65450,0.014159,1.519e-04,,,11834,3.2924
65500,0.013118,1.518e-04,,,11843,3.2932
65550,0.029852,1.518e-04,,,11852,3.2930
65600,0.010785,1.517e-04,,,11861,3.2923
65650,0.013509,1.516e-04,,,11870,3.2923
65700,0.006710,1.516e-04,,,11879,3.2919
65750,0.008029,1.515e-04,,,11888,3.2932
65800,0.015572,1.514e-04,,,11897,3.2929
65850,0.011262,1.514e-04,,,11906,3.2924
65900,0.010346,1.513e-04,,,11915,3.2929
65950,0.007184,1.512e-04,,,11924,3.2925
66000,0.016463,1.511e-04,,,11933,3.2929
66000,,,21.501,30.006,11934,
66050,0.011261,1.511e-04,,,11943,3.2928
66100,0.027659,1.510e-04,,,11952,3.2919
66150,0.012881,1.509e-04,,,11961,3.2932
66200,0.008674,1.509e-04,,,11970,3.2924
66250,0.018989,1.508e-04,,,11979,3.2930
66300,0.014295,1.507e-04,,,11988,3.2933
66350,0.008240,1.507e-04,,,11997,3.2930
66400,0.010200,1.506e-04,,,12006,3.2921
66450,0.004727,1.505e-04,,,12015,3.2924
66500,0.009037,1.505e-04,,,12024,3.2921
66550,0.022088,1.504e-04,,,12033,3.2928
66600,0.019366,1.503e-04,,,12042,3.2924
66650,0.007060,1.503e-04,,,12051,3.2926
66700,0.011967,1.502e-04,,,12060,3.2921
66750,0.005029,1.501e-04,,,12069,3.2923
66800,0.006913,1.501e-04,,,12078,3.2929
66850,0.011489,1.500e-04,,,12087,3.2923
66900,0.019058,1.499e-04,,,12096,3.2920
66950,0.009631,1.499e-04,,,12105,3.2930
67000,0.017488,1.498e-04,,,12114,3.2929
67050,0.007574,1.497e-04,,,12123,3.2925
67100,0.011656,1.497e-04,,,12132,3.2924
67150,0.014400,1.496e-04,,,12141,3.2929
67200,0.013810,1.495e-04,,,12150,3.2927
67250,0.009845,1.495e-04,,,12159,3.2935
67300,0.018469,1.494e-04,,,12168,3.2931
67350,0.014112,1.493e-04,,,12178,3.2926
67400,0.019813,1.493e-04,,,12187,3.2923
67450,0.010722,1.492e-04,,,12196,3.2926
67500,0.015911,1.491e-04,,,12205,3.2930
67550,0.014343,1.490e-04,,,12214,3.2921
67600,0.017889,1.490e-04,,,12223,3.2927
67650,0.019514,1.489e-04,,,12232,3.2929
67700,0.021155,1.488e-04,,,12241,3.2928
67750,0.017051,1.488e-04,,,12250,3.2924
67800,0.007455,1.487e-04,,,12259,3.2936
67850,0.002768,1.486e-04,,,12268,3.2923
67900,0.009261,1.486e-04,,,12277,3.2921
67950,0.011631,1.485e-04,,,12286,3.2926
68000,0.010005,1.484e-04,,,12295,3.2924
68000,,,21.501,30.076,12295,
68050,0.021956,1.484e-04,,,12304,3.2928
68100,0.017542,1.483e-04,,,12313,3.2928
68150,0.015610,1.482e-04,,,12322,3.2925
68200,0.012320,1.482e-04,,,12331,3.2924
68250,0.010896,1.481e-04,,,12340,3.2925
68300,0.011541,1.480e-04,,,12349,3.2927
68350,0.002562,1.480e-04,,,12358,3.2914
68400,0.016501,1.479e-04,,,12367,3.2928
68450,0.008064,1.478e-04,,,12376,3.2926
68500,0.013599,1.477e-04,,,12385,3.2930
68550,0.011303,1.477e-04,,,12394,3.2931
68600,0.022229,1.476e-04,,,12403,3.2935
68650,0.005880,1.475e-04,,,12412,3.2930
68700,0.010242,1.475e-04,,,12421,3.2918
68750,0.006350,1.474e-04,,,12430,3.2931
68800,0.018658,1.473e-04,,,12439,3.2923
68850,0.008738,1.473e-04,,,12449,3.2917
68900,0.016697,1.472e-04,,,12458,3.2928
68950,0.006786,1.471e-04,,,12467,3.2928
69000,0.007690,1.471e-04,,,12476,3.2924
69050,0.010066,1.470e-04,,,12485,3.2933
69100,0.019473,1.469e-04,,,12494,3.2925
69150,0.024590,1.469e-04,,,12503,3.2923
69200,0.013346,1.468e-04,,,12512,3.2923
69250,0.015803,1.467e-04,,,12521,3.2933
69300,0.007957,1.466e-04,,,12530,3.2917
69350,0.012660,1.466e-04,,,12539,3.2928
69400,0.015976,1.465e-04,,,12548,3.2924
69450,0.018309,1.464e-04,,,12557,3.2928
69500,0.005429,1.464e-04,,,12566,3.2929
69550,0.011663,1.463e-04,,,12575,3.2931
69600,0.017052,1.462e-04,,,12584,3.2930
69650,0.014144,1.462e-04,,,12593,3.2931
69700,0.018800,1.461e-04,,,12602,3.2935
69750,0.009336,1.460e-04,,,12611,3.2914
69800,0.019532,1.460e-04,,,12620,3.2930
69850,0.009979,1.459e-04,,,12629,3.2928
69900,0.010880,1.458e-04,,,12638,3.2929
69950,0.018306,1.457e-04,,,12647,3.2921
70000,0.013256,1.457e-04,,,12656,3.2921
70000,,,21.501,30.192,12656,
70050,0.011012,1.456e-04,,,12665,3.2929
70100,0.006343,1.455e-04,,,12674,3.2925
70150,0.013436,1.455e-04,,,12683,3.2922
70200,0.012113,1.454e-04,,,12692,3.2929
70250,0.016328,1.453e-04,,,12701,3.2923
70300,0.021202,1.453e-04,,,12710,3.2924
70350,0.015451,1.452e-04,,,12719,3.2930
70400,0.020741,1.451e-04,,,12728,3.2934
70450,0.006741,1.450e-04,,,12738,3.2925
70500,0.009137,1.450e-04,,,12747,3.2928
70550,0.016853,1.449e-04,,,12756,3.2927
70600,0.012742,1.448e-04,,,12765,3.2928
70650,0.014851,1.448e-04,,,12774,3.2920
70700,0.014647,1.447e-04,,,12783,3.2928
70750,0.014469,1.446e-04,,,12792,3.2920
70800,0.010724,1.446e-04,,,12801,3.2929
70850,0.009328,1.445e-04,,,12810,3.2930
70900,0.012478,1.444e-04,,,12819,3.2928
70950,0.009866,1.443e-04,,,12828,3.2925
71000,0.006141,1.443e-04,,,12837,3.2927
71050,0.022580,1.442e-04,,,12846,3.2934
71100,0.012206,1.441e-04,,,12855,3.2926
71150,0.005302,1.441e-04,,,12864,3.2926
71200,0.019577,1.440e-04,,,12873,3.2929
71250,0.013909,1.439e-04,,,12882,3.2913
71300,0.018208,1.439e-04,,,12891,3.2925
71350,0.019819,1.438e-04,,,12900,3.2924
71400,0.011663,1.437e-04,,,12909,3.2928
71450,0.020932,1.436e-04,,,12918,3.2916
71500,0.014121,1.436e-04,,,12927,3.2925
71550,0.015460,1.435e-04,,,12936,3.2921
71600,0.013472,1.434e-04,,,12945,3.2917
71650,0.009329,1.434e-04,,,12954,3.2919
71700,0.016128,1.433e-04,,,12963,3.2933
71750,0.021696,1.432e-04,,,12972,3.2931
71800,0.021228,1.431e-04,,,12981,3.2931
71850,0.015099,1.431e-04,,,12990,3.2935
71900,0.019594,1.430e-04,,,12999,3.2930
71950,0.003880,1.429e-04,,,13008,3.2919
72000,0.020682,1.429e-04,,,13017,3.2929
72000,,,21.501,30.168,13017,
72050,0.008723,1.428e-04,,,13027,3.2918
72100,0.010617,1.427e-04,,,13036,3.2933
72150,0.018003,1.427e-04,,,13045,3.2920
72200,0.011405,1.426e-04,,,13054,3.2922
72250,0.013104,1.425e-04,,,13063,3.2935
72300,0.012167,1.424e-04,,,13072,3.2925
72350,0.016594,1.424e-04,,,13081,3.2926
72400,0.008487,1.423e-04,,,13090,3.2931
72450,0.014248,1.422e-04,,,13099,3.2932
72500,0.014248,1.422e-04,,,13108,3.2932
72550,0.008858,1.421e-04,,,13117,3.2928
72600,0.015618,1.420e-04,,,13126,3.2931
72650,0.017899,1.419e-04,,,13135,3.2918
72700,0.021303,1.419e-04,,,13144,3.2926
72750,0.021850,1.418e-04,,,13153,3.2925
72800,0.014594,1.417e-04,,,13162,3.2924
72850,0.015400,1.417e-04,,,13171,3.2927
72900,0.011487,1.416e-04,,,13180,3.2926
72950,0.019207,1.415e-04,,,13189,3.2919
73000,0.016706,1.414e-04,,,13198,3.2928
73050,0.023947,1.414e-04,,,13207,3.2936
73100,0.010802,1.413e-04,,,13216,3.2933
73150,0.007593,1.412e-04,,,13225,3.2932
73200,0.028221,1.412e-04,,,13234,3.2932
73250,0.014559,1.411e-04,,,13243,3.2924
73300,0.024949,1.410e-04,,,13252,3.2929
73350,0.021024,1.409e-04,,,13261,3.2926
73400,0.020970,1.409e-04,,,13270,3.2926
73450,0.007815,1.408e-04,,,13279,3.2930
73500,0.011585,1.407e-04,,,13288,3.2929
73550,0.012820,1.407e-04,,,13297,3.2931
73600,0.006635,1.406e-04,,,13306,3.2930
73650,0.011991,1.405e-04,,,13315,3.2935
73700,0.008717,1.404e-04,,,13324,3.2929
73750,0.011752,1.404e-04,,,13333,3.2933
73800,0.029264,1.403e-04,,,13342,3.2933
73850,0.017120,1.402e-04,,,13352,3.2932
73900,0.017240,1.402e-04,,,13361,3.2927
73950,0.017324,1.401e-04,,,13370,3.2927
74000,0.015137,1.400e-04,,,13379,3.2923
74000,,,21.501,30.204,13379,
74050,0.015770,1.399e-04,,,13388,3.2925
74100,0.014997,1.399e-04,,,13397,3.2929
74150,0.010856,1.398e-04,,,13406,3.2929
74200,0.007136,1.397e-04,,,13415,3.2921
74250,0.005027,1.397e-04,,,13424,3.2921
74300,0.022807,1.396e-04,,,13433,3.2931
74350,0.013392,1.395e-04,,,13442,3.2929
74400,0.014372,1.394e-04,,,13451,3.2930
74450,0.009821,1.394e-04,,,13460,3.2925
74500,0.014158,1.393e-04,,,13469,3.2924
74550,0.019903,1.392e-04,,,13478,3.2926
74600,0.011467,1.392e-04,,,13487,3.2928
74650,0.006910,1.391e-04,,,13496,3.2923
74700,0.019615,1.390e-04,,,13505,3.2929
74750,0.008632,1.389e-04,,,13514,3.2923
74800,0.021771,1.389e-04,,,13523,3.2926
74850,0.015515,1.388e-04,,,13532,3.2921
74900,0.012666,1.387e-04,,,13541,3.2926
74950,0.008192,1.386e-04,,,13550,3.2931
75000,0.012460,1.386e-04,,,13559,3.2926
75050,0.008385,1.385e-04,,,13568,3.2922
75100,0.014973,1.384e-04,,,13577,3.2926
75150,0.007803,1.384e-04,,,13586,3.2935
75200,0.010681,1.383e-04,,,13595,3.2932
75250,0.018027,1.382e-04,,,13604,3.2927
75300,0.008047,1.381e-04,,,13613,3.2923
75350,0.029075,1.381e-04,,,13622,3.2935
75400,0.012405,1.380e-04,,,13632,3.2931
75450,0.014545,1.379e-04,,,13641,3.2922
75500,0.013399,1.379e-04,,,13650,3.2930
75550,0.025395,1.378e-04,,,13659,3.2929
75600,0.005029,1.377e-04,,,13668,3.2913
75650,0.010338,1.376e-04,,,13677,3.2926
75700,0.014680,1.376e-04,,,13686,3.2922
75750,0.012930,1.375e-04,,,13695,3.2935
75800,0.015414,1.374e-04,,,13704,3.2927
75850,0.012037,1.373e-04,,,13713,3.2929
75900,0.016966,1.373e-04,,,13722,3.2921
75950,0.007451,1.372e-04,,,13731,3.2933
76000,0.012929,1.371e-04,,,13740,3.2932
76000,,,21.501,30.205,13740,
76050,0.024613,1.371e-04,,,13749,3.2934
76100,0.012488,1.370e-04,,,13758,3.2939
76150,0.015640,1.369e-04,,,13767,3.2930
76200,0.020129,1.368e-04,,,13776,3.2932
76250,0.021366,1.368e-04,,,13785,3.2931
76300,0.015841,1.367e-04,,,13794,3.2917
76350,0.008414,1.366e-04,,,13803,3.2915
76400,0.018007,1.365e-04,,,13812,3.2923
76450,0.013705,1.365e-04,,,13821,3.2924
76500,0.016502,1.364e-04,,,13830,3.2936
76550,0.009038,1.363e-04,,,13839,3.2921
76600,0.016000,1.363e-04,,,13848,3.2927
76650,0.020171,1.362e-04,,,13857,3.2930
76700,0.009473,1.361e-04,,,13866,3.2926
76750,0.019680,1.360e-04,,,13875,3.2928
76800,0.010087,1.360e-04,,,13884,3.2933
76850,0.012704,1.359e-04,,,13893,3.2926
76900,0.011719,1.358e-04,,,13902,3.2928
76950,0.013484,1.357e-04,,,13911,3.2926
77000,0.014927,1.357e-04,,,13921,3.2929
77050,0.011530,1.356e-04,,,13930,3.2934
77100,0.005589,1.355e-04,,,13939,3.2921
77150,0.015845,1.355e-04,,,13948,3.2932
77200,0.008055,1.354e-04,,,13957,3.2923
77250,0.015990,1.353e-04,,,13966,3.2930
77300,0.023574,1.352e-04,,,13975,3.2935
77350,0.027141,1.352e-04,,,13984,3.2924
77400,0.011748,1.351e-04,,,13993,3.2923
77450,0.019656,1.350e-04,,,14002,3.2927
77500,0.007380,1.349e-04,,,14011,3.2926
77550,0.009994,1.349e-04,,,14020,3.2924
77600,0.021467,1.348e-04,,,14029,3.2928
77650,0.014413,1.347e-04,,,14038,3.2928
77700,0.009193,1.346e-04,,,14047,3.2921
77750,0.008893,1.346e-04,,,14056,3.2928
77800,0.014597,1.345e-04,,,14065,3.2924
77850,0.013621,1.344e-04,,,14074,3.2923
77900,0.014098,1.344e-04,,,14083,3.2918
77950,0.018960,1.343e-04,,,14092,3.2923
78000,0.007665,1.342e-04,,,14101,3.2927
78000,,,21.501,30.186,14101,
78050,0.015439,1.341e-04,,,14110,3.2928
78100,0.019528,1.341e-04,,,14119,3.2929
78150,0.020145,1.340e-04,,,14128,3.2925
78200,0.016212,1.339e-04,,,14137,3.2921
78250,0.013140,1.338e-04,,,14146,3.2933
78300,0.012058,1.338e-04,,,14155,3.2934
78350,0.007789,1.337e-04,,,14164,3.2925
78400,0.019927,1.336e-04,,,14173,3.2921
78450,0.015031,1.335e-04,,,14182,3.2925
78500,0.012061,1.335e-04,,,14191,3.2923
78550,0.005254,1.334e-04,,,14200,3.2927
78600,0.014772,1.333e-04,,,14209,3.2918
78650,0.020372,1.332e-04,,,14218,3.2930
78700,0.011454,1.332e-04,,,14227,3.2921
78750,0.013869,1.331e-04,,,14236,3.2922
78800,0.020246,1.330e-04,,,14245,3.2928
78850,0.019676,1.330e-04,,,14254,3.2928
78900,0.007416,1.329e-04,,,14263,3.2923
78950,0.020363,1.328e-04,,,14272,3.2924
79000,0.018604,1.327e-04,,,14281,3.2926
79050,0.008194,1.327e-04,,,14290,3.2928
79100,0.018581,1.326e-04,,,14299,3.2921
79150,0.012748,1.325e-04,,,14308,3.2929
79200,0.010005,1.324e-04,,,14318,3.2931
79250,0.015635,1.324e-04,,,14327,3.2924
79300,0.014930,1.323e-04,,,14336,3.2922
79350,0.010109,1.322e-04,,,14345,3.2932
79400,0.003720,1.321e-04,,,14354,3.2923
79450,0.023949,1.321e-04,,,14363,3.2923
79500,0.031692,1.320e-04,,,14372,3.2931
79550,0.011011,1.319e-04,,,14381,3.2929
79600,0.015997,1.318e-04,,,14390,3.2933
79650,0.022178,1.318e-04,,,14399,3.2931
79700,0.011520,1.317e-04,,,14408,3.2922
79750,0.009614,1.316e-04,,,14417,3.2928
79800,0.014996,1.315e-04,,,14426,3.2926
79850,0.007327,1.315e-04,,,14435,3.2921
79900,0.013358,1.314e-04,,,14444,3.2926
79950,0.016877,1.313e-04,,,14453,3.2924
80000,0.015594,1.312e-04,,,14462,3.2920
80000,,,21.501,30.048,14462,
80050,0.013186,1.312e-04,,,14471,3.2928
80100,0.026714,1.311e-04,,,14480,3.2919
80150,0.016392,1.310e-04,,,14490,3.2923
80200,0.015671,1.309e-04,,,14499,3.2936
80250,0.012181,1.309e-04,,,14508,3.2927
80300,0.019242,1.308e-04,,,14517,3.2930
80350,0.019693,1.307e-04,,,14526,3.2929
80400,0.011024,1.307e-04,,,14535,3.2928
80450,0.009508,1.306e-04,,,14544,3.2923
80500,0.015887,1.305e-04,,,14553,3.2921
80550,0.016877,1.304e-04,,,14562,3.2936
80600,0.023550,1.304e-04,,,14571,3.2933
80650,0.018894,1.303e-04,,,14580,3.2932
80700,0.018755,1.302e-04,,,14589,3.2926
80750,0.015135,1.301e-04,,,14598,3.2924
80800,0.020505,1.301e-04,,,14607,3.2931
80850,0.017123,1.300e-04,,,14616,3.2929
80900,0.014465,1.299e-04,,,14625,3.2931
80950,0.019346,1.298e-04,,,14634,3.2926
81000,0.020486,1.298e-04,,,14643,3.2927
81050,0.017573,1.297e-04,,,14652,3.2928
81100,0.009622,1.296e-04,,,14661,3.2933
81150,0.024064,1.295e-04,,,14670,3.2927
81200,0.008639,1.295e-04,,,14679,3.2930
81250,0.017900,1.294e-04,,,14688,3.2931
81300,0.023856,1.293e-04,,,14697,3.2920
81350,0.017928,1.292e-04,,,14706,3.2919
81400,0.013608,1.292e-04,,,14715,3.2929
81450,0.012847,1.291e-04,,,14724,3.2916
81500,0.012907,1.290e-04,,,14733,3.2927
81550,0.009300,1.289e-04,,,14742,3.2920
81600,0.010098,1.289e-04,,,14751,3.2931
81650,0.012988,1.288e-04,,,14760,3.2924
81700,0.013744,1.287e-04,,,14769,3.2928
81750,0.013061,1.286e-04,,,14778,3.2930
81800,0.008776,1.286e-04,,,14787,3.2931
81850,0.020384,1.285e-04,,,14796,3.2929
81900,0.009092,1.284e-04,,,14805,3.2933
81950,0.007660,1.283e-04,,,14814,3.2927
82000,0.016058,1.283e-04,,,14823,3.2928
82000,,,21.501,30.302,14824,
82050,0.011683,1.282e-04,,,14833,3.2932
82100,0.006292,1.281e-04,,,14842,3.2927
82150,0.016123,1.280e-04,,,14851,3.2924
82200,0.009227,1.280e-04,,,14860,3.2928
82250,0.032567,1.279e-04,,,14869,3.2926
82300,0.014622,1.278e-04,,,14878,3.2929
82350,0.008522,1.277e-04,,,14887,3.2929
82400,0.014989,1.277e-04,,,14896,3.2927
82450,0.019033,1.276e-04,,,14905,3.2926
82500,0.013716,1.275e-04,,,14914,3.2932
82550,0.008266,1.274e-04,,,14923,3.2932
82600,0.019057,1.274e-04,,,14932,3.2934
82650,0.019186,1.273e-04,,,14941,3.2923
82700,0.017297,1.272e-04,,,14950,3.2935
82750,0.009656,1.271e-04,,,14959,3.2931
82800,0.019657,1.271e-04,,,14968,3.2928
82850,0.014934,1.270e-04,,,14977,3.2923
82900,0.027161,1.269e-04,,,14986,3.2925
82950,0.006800,1.268e-04,,,14995,3.2920
83000,0.015358,1.268e-04,,,15004,3.2933
83050,0.017641,1.267e-04,,,15013,3.2925
83100,0.017636,1.266e-04,,,15022,3.2927
83150,0.010945,1.265e-04,,,15031,3.2928
83200,0.013122,1.265e-04,,,15040,3.2934
83250,0.014333,1.264e-04,,,15049,3.2928
83300,0.018310,1.263e-04,,,15058,3.2927
83350,0.020053,1.262e-04,,,15067,3.2924
83400,0.017715,1.262e-04,,,15076,3.2920
83450,0.014283,1.261e-04,,,15085,3.2928
83500,0.006557,1.260e-04,,,15094,3.2920
83550,0.016622,1.259e-04,,,15103,3.2924
83600,0.024048,1.258e-04,,,15112,3.2928
83650,0.025149,1.258e-04,,,15121,3.2920
83700,0.012741,1.257e-04,,,15130,3.2923
83750,0.019207,1.256e-04,,,15139,3.2926
83800,0.020100,1.255e-04,,,15148,3.2926
83850,0.010348,1.255e-04,,,15157,3.2929
83900,0.014652,1.254e-04,,,15166,3.2934
83950,0.024109,1.253e-04,,,15175,3.2929
84000,0.019867,1.252e-04,,,15184,3.2929
84000,,,21.501,30.184,15185,
84050,0.021127,1.252e-04,,,15194,3.2929
84100,0.008287,1.251e-04,,,15203,3.2925
84150,0.014031,1.250e-04,,,15212,3.2929
84200,0.011483,1.249e-04,,,15221,3.2924
84250,0.025649,1.249e-04,,,15230,3.2931
84300,0.018533,1.248e-04,,,15239,3.2932
84350,0.011732,1.247e-04,,,15248,3.2924
84400,0.010438,1.246e-04,,,15257,3.2913
84450,0.013181,1.246e-04,,,15266,3.2932
84500,0.007718,1.245e-04,,,15275,3.2924
84550,0.007928,1.244e-04,,,15284,3.2926
84600,0.029096,1.243e-04,,,15293,3.2921
84650,0.019704,1.243e-04,,,15302,3.2922
84700,0.007746,1.242e-04,,,15311,3.2920
84750,0.011688,1.241e-04,,,15320,3.2930
84800,0.010636,1.240e-04,,,15329,3.2920
84850,0.023956,1.240e-04,,,15338,3.2933
84900,0.018642,1.239e-04,,,15347,3.2928
84950,0.011065,1.238e-04,,,15356,3.2925
85000,0.017761,1.237e-04,,,15366,3.2918
85050,0.017085,1.237e-04,,,15375,3.2925
85100,0.008897,1.236e-04,,,15384,3.2925
85150,0.017282,1.235e-04,,,15393,3.2931
85200,0.015980,1.234e-04,,,15402,3.2923
85250,0.015844,1.233e-04,,,15411,3.2927
85300,0.017401,1.233e-04,,,15420,3.2923
85350,0.019830,1.232e-04,,,15429,3.2930
85400,0.017334,1.231e-04,,,15438,3.2929
85450,0.013953,1.230e-04,,,15447,3.2922
85500,0.007498,1.230e-04,,,15456,3.2927
85550,0.016716,1.229e-04,,,15465,3.2926
85600,0.009206,1.228e-04,,,15474,3.2933
85650,0.013362,1.227e-04,,,15483,3.2931
85700,0.008830,1.227e-04,,,15492,3.2915
85750,0.020323,1.226e-04,,,15501,3.2926
85800,0.019291,1.225e-04,,,15510,3.2928
85850,0.015463,1.224e-04,,,15519,3.2925
85900,0.014951,1.224e-04,,,15528,3.2926
85950,0.009024,1.223e-04,,,15537,3.2934
86000,0.007280,1.222e-04,,,15546,3.2925
86000,,,21.501,30.240,15546,
86050,0.017472,1.221e-04,,,15556,3.2929
86100,0.019857,1.221e-04,,,15565,3.2921
86150,0.008723,1.220e-04,,,15574,3.2929
86200,0.015709,1.219e-04,,,15583,3.2928
86250,0.022050,1.218e-04,,,15592,3.2928
86300,0.021050,1.217e-04,,,15601,3.2929
86350,0.023550,1.217e-04,,,15610,3.2929
86400,0.011062,1.216e-04,,,15619,3.2921
86450,0.010474,1.215e-04,,,15628,3.2927
86500,0.017352,1.214e-04,,,15637,3.2923
86550,0.015610,1.214e-04,,,15646,3.2927
86600,0.018649,1.213e-04,,,15655,3.2930
86650,0.011021,1.212e-04,,,15664,3.2927
86700,0.009009,1.211e-04,,,15673,3.2922
86750,0.030275,1.211e-04,,,15682,3.2926
86800,0.010944,1.210e-04,,,15691,3.2928
86850,0.007636,1.209e-04,,,15700,3.2924
86900,0.017390,1.208e-04,,,15709,3.2926
86950,0.017143,1.208e-04,,,15718,3.2931
87000,0.004696,1.207e-04,,,15727,3.2923
87050,0.013189,1.206e-04,,,15736,3.2922
87100,0.019437,1.205e-04,,,15745,3.2927
87150,0.013845,1.204e-04,,,15754,3.2931
87200,0.016305,1.204e-04,,,15764,3.2928
87250,0.008794,1.203e-04,,,15773,3.2929
87300,0.027528,1.202e-04,,,15782,3.2928
87350,0.007392,1.201e-04,,,15791,3.2925
87400,0.008006,1.201e-04,,,15800,3.2933
87450,0.015906,1.200e-04,,,15809,3.2921
87500,0.016204,1.199e-04,,,15818,3.2931
87550,0.013457,1.198e-04,,,15827,3.2929
87600,0.008411,1.198e-04,,,15836,3.2924
87650,0.029257,1.197e-04,,,15845,3.2923
87700,0.017798,1.196e-04,,,15854,3.2922
87750,0.018267,1.195e-04,,,15863,3.2927
87800,0.019421,1.195e-04,,,15872,3.2926
87850,0.015961,1.194e-04,,,15881,3.2934
87900,0.015735,1.193e-04,,,15890,3.2929
87950,0.017587,1.192e-04,,,15899,3.2929
88000,0.015901,1.191e-04,,,15908,3.2927
88000,,,21.501,30.251,15908,
88050,0.018647,1.191e-04,,,15917,3.2928
88100,0.007255,1.190e-04,,,15926,3.2920
88150,0.008389,1.189e-04,,,15935,3.2930
88200,0.018232,1.188e-04,,,15944,3.2927
88250,0.023933,1.188e-04,,,15953,3.2929
88300,0.017901,1.187e-04,,,15962,3.2933
88350,0.009446,1.186e-04,,,15972,3.2928
88400,0.015006,1.185e-04,,,15981,3.2931
88450,0.013064,1.185e-04,,,15990,3.2932
88500,0.022444,1.184e-04,,,15999,3.2920
88550,0.018632,1.183e-04,,,16008,3.2929
88600,0.012256,1.182e-04,,,16017,3.2921
88650,0.006229,1.181e-04,,,16026,3.2932
88700,0.009739,1.181e-04,,,16035,3.2913
88750,0.013465,1.180e-04,,,16044,3.2928
88800,0.011373,1.179e-04,,,16053,3.2934
88850,0.014844,1.178e-04,,,16062,3.2927
88900,0.004461,1.178e-04,,,16071,3.2920
88950,0.015645,1.177e-04,,,16080,3.2931
89000,0.018430,1.176e-04,,,16089,3.2928
89050,0.016893,1.175e-04,,,16098,3.2928
89100,0.005296,1.175e-04,,,16107,3.2924
89150,0.020634,1.174e-04,,,16116,3.2927
89200,0.009894,1.173e-04,,,16125,3.2919
89250,0.011590,1.172e-04,,,16134,3.2928
89300,0.019635,1.171e-04,,,16143,3.2930
89350,0.015055,1.171e-04,,,16152,3.2928
89400,0.019481,1.170e-04,,,16161,3.2930
89450,0.019918,1.169e-04,,,16170,3.2934
89500,0.011615,1.168e-04,,,16179,3.2924
89550,0.017682,1.168e-04,,,16188,3.2932
89600,0.020847,1.167e-04,,,16197,3.2931
89650,0.013980,1.166e-04,,,16207,3.2930
89700,0.024981,1.165e-04,,,16216,3.2928
89750,0.020802,1.165e-04,,,16225,3.2923
89800,0.013209,1.164e-04,,,16234,3.2935
89850,0.027815,1.163e-04,,,16243,3.2933
89900,0.021423,1.162e-04,,,16252,3.2926
89950,0.020338,1.161e-04,,,16261,3.2928
90000,0.023481,1.161e-04,,,16270,3.2928
90000,,,21.501,30.236,16270,
90050,0.026549,1.160e-04,,,16279,3.2932
90100,0.011098,1.159e-04,,,16288,3.2928
90150,0.015990,1.158e-04,,,16297,3.2927
90200,0.009704,1.158e-04,,,16306,3.2931
90250,0.016787,1.157e-04,,,16315,3.2931
90300,0.020472,1.156e-04,,,16324,3.2928
90350,0.014729,1.155e-04,,,16333,3.2924
90400,0.010753,1.154e-04,,,16342,3.2933
90450,0.009145,1.154e-04,,,16351,3.2933
90500,0.027355,1.153e-04,,,16360,3.2921
90550,0.017967,1.152e-04,,,16369,3.2928
90600,0.015667,1.151e-04,,,16378,3.2923
90650,0.016504,1.151e-04,,,16387,3.2929
90700,0.019534,1.150e-04,,,16397,3.2922
90750,0.017300,1.149e-04,,,16406,3.2928
90800,0.020857,1.148e-04,,,16415,3.2928
90850,0.021747,1.148e-04,,,16424,3.2928
90900,0.013988,1.147e-04,,,16433,3.2926
90950,0.006908,1.146e-04,,,16442,3.2928
91000,0.011267,1.145e-04,,,16451,3.2927
91050,0.015405,1.144e-04,,,16460,3.2927
91100,0.012228,1.144e-04,,,16469,3.2927
91150,0.025008,1.143e-04,,,16478,3.2927
91200,0.015602,1.142e-04,,,16487,3.2933
91250,0.015191,1.141e-04,,,16496,3.2931
91300,0.016833,1.141e-04,,,16505,3.2919
91350,0.013657,1.140e-04,,,16514,3.2926
91400,0.008917,1.139e-04,,,16523,3.2925
91450,0.012161,1.138e-04,,,16532,3.2926
91500,0.006647,1.137e-04,,,16541,3.2920
91550,0.012302,1.137e-04,,,16550,3.2933
91600,0.015447,1.136e-04,,,16559,3.2930
91650,0.018775,1.135e-04,,,16568,3.2922
91700,0.015321,1.134e-04,,,16577,3.2926
91750,0.009493,1.134e-04,,,16587,3.2923
91800,0.029339,1.133e-04,,,16596,3.2935
91850,0.010821,1.132e-04,,,16605,3.2933
91900,0.011979,1.131e-04,,,16614,3.2930
91950,0.022267,1.130e-04,,,16623,3.2926
92000,0.017000,1.130e-04,,,16632,3.2925
92000,,,21.501,30.295,16632,
92050,0.015190,1.129e-04,,,16641,3.2926
92100,0.014122,1.128e-04,,,16650,3.2927
92150,0.014806,1.127e-04,,,16659,3.2920
92200,0.021796,1.127e-04,,,16668,3.2928
92250,0.016291,1.126e-04,,,16677,3.2933
92300,0.014385,1.125e-04,,,16686,3.2918
92350,0.018150,1.124e-04,,,16695,3.2928
92400,0.022941,1.124e-04,,,16704,3.2918
92450,0.014239,1.123e-04,,,16713,3.2937
92500,0.023399,1.122e-04,,,16722,3.2928
92550,0.007961,1.121e-04,,,16731,3.2927
92600,0.009756,1.120e-04,,,16740,3.2925
92650,0.009609,1.120e-04,,,16749,3.2933
92700,0.009181,1.119e-04,,,16758,3.2927
92750,0.008597,1.118e-04,,,16767,3.2926
92800,0.015863,1.117e-04,,,16776,3.2933
92850,0.013426,1.117e-04,,,16786,3.2929
92900,0.022403,1.116e-04,,,16795,3.2925
92950,0.010475,1.115e-04,,,16804,3.2922
93000,0.023549,1.114e-04,,,16813,3.2928
93050,0.015790,1.113e-04,,,16822,3.2925
93100,0.016891,1.113e-04,,,16831,3.2936
93150,0.022413,1.112e-04,,,16840,3.2931
93200,0.012625,1.111e-04,,,16849,3.2932
93250,0.017582,1.110e-04,,,16858,3.2926
93300,0.026020,1.110e-04,,,16867,3.2930
93350,0.010931,1.109e-04,,,16876,3.2922
93400,0.019330,1.108e-04,,,16885,3.2928
93450,0.009918,1.107e-04,,,16894,3.2920
93500,0.016617,1.106e-04,,,16903,3.2922
93550,0.016786,1.106e-04,,,16912,3.2927
93600,0.018565,1.105e-04,,,16921,3.2929
93650,0.025313,1.104e-04,,,16930,3.2924
93700,0.008490,1.103e-04,,,16939,3.2915
93750,0.013851,1.103e-04,,,16948,3.2927
93800,0.012942,1.102e-04,,,16957,3.2929
93850,0.014457,1.101e-04,,,16966,3.2921
93900,0.012995,1.100e-04,,,16975,3.2927
93950,0.018392,1.099e-04,,,16985,3.2928
94000,0.008480,1.099e-04,,,16994,3.2933
94000,,,21.501,30.216,16994,
94050,0.020448,1.098e-04,,,17003,3.2931
94100,0.025783,1.097e-04,,,17012,3.2930
94150,0.022524,1.096e-04,,,17021,3.2925
94200,0.022885,1.096e-04,,,17030,3.2927
94250,0.012934,1.095e-04,,,17039,3.2923
94300,0.008740,1.094e-04,,,17048,3.2929
94350,0.014389,1.093e-04,,,17057,3.2917
94400,0.011411,1.092e-04,,,17066,3.2927
94450,0.016537,1.092e-04,,,17075,3.2930
94500,0.012761,1.091e-04,,,17084,3.2927
94550,0.013857,1.090e-04,,,17094,3.2932
94600,0.017725,1.089e-04,,,17103,3.2923
94650,0.023891,1.089e-04,,,17112,3.2917
94700,0.019680,1.088e-04,,,17121,3.2921
94750,0.015581,1.087e-04,,,17130,3.2930
94800,0.006408,1.086e-04,,,17139,3.2921
94850,0.018556,1.085e-04,,,17148,3.2932
94900,0.017520,1.085e-04,,,17157,3.2929
94950,0.014830,1.084e-04,,,17166,3.2927
95000,0.025840,1.083e-04,,,17175,3.2929
95050,0.019832,1.082e-04,,,17184,3.2931
95100,0.017193,1.082e-04,,,17193,3.2927
95150,0.018481,1.081e-04,,,17202,3.2926
95200,0.014705,1.080e-04,,,17211,3.2932
95250,0.014691,1.079e-04,,,17220,3.2922
95300,0.012756,1.078e-04,,,17229,3.2926
95350,0.018194,1.078e-04,,,17238,3.2924
95400,0.020077,1.077e-04,,,17247,3.2925
95450,0.012297,1.076e-04,,,17256,3.2933
95500,0.024719,1.075e-04,,,17265,3.2935
95550,0.010392,1.074e-04,,,17274,3.2924
95600,0.016264,1.074e-04,,,17283,3.2930
95650,0.016332,1.073e-04,,,17292,3.2921
95700,0.018467,1.072e-04,,,17301,3.2923
95750,0.014079,1.071e-04,,,17310,3.2919
95800,0.015718,1.071e-04,,,17320,3.2926
95850,0.018493,1.070e-04,,,17329,3.2921
95900,0.012702,1.069e-04,,,17338,3.2929
95950,0.014927,1.068e-04,,,17347,3.2932
96000,0.013235,1.067e-04,,,17356,3.2923
96000,,,21.501,30.275,17356,
96050,0.016685,1.067e-04,,,17365,3.2929
96100,0.015948,1.066e-04,,,17374,3.2925
96150,0.013914,1.065e-04,,,17383,3.2911
96200,0.015981,1.064e-04,,,17392,3.2924
96250,0.017828,1.064e-04,,,17401,3.2924
96300,0.024252,1.063e-04,,,17410,3.2923
96350,0.022346,1.062e-04,,,17419,3.2910
96400,0.013269,1.061e-04,,,17428,3.2915
96450,0.027213,1.060e-04,,,17437,3.2921
96500,0.014536,1.060e-04,,,17446,3.2920
96550,0.024384,1.059e-04,,,17455,3.2930
96600,0.013987,1.058e-04,,,17464,3.2922
96650,0.015973,1.057e-04,,,17473,3.2923
96700,0.021276,1.057e-04,,,17482,3.2922
96750,0.013145,1.056e-04,,,17491,3.2920
96800,0.016391,1.055e-04,,,17500,3.2927
96850,0.024191,1.054e-04,,,17510,3.2925
96900,0.016103,1.053e-04,,,17519,3.2930
96950,0.030775,1.053e-04,,,17528,3.2933
97000,0.021790,1.052e-04,,,17537,3.2925
97050,0.021982,1.051e-04,,,17546,3.2918
97100,0.017421,1.050e-04,,,17555,3.2914
97150,0.014742,1.050e-04,,,17564,3.2927
97200,0.017255,1.049e-04,,,17573,3.2929
97250,0.019482,1.048e-04,,,17582,3.2920
97300,0.015325,1.047e-04,,,17591,3.2926
97350,0.012640,1.046e-04,,,17600,3.2929
97400,0.021342,1.046e-04,,,17609,3.2921
97450,0.023964,1.045e-04,,,17618,3.2935
97500,0.021699,1.044e-04,,,17627,3.2917
97550,0.016920,1.043e-04,,,17636,3.2921
97600,0.018313,1.043e-04,,,17645,3.2927
97650,0.017778,1.042e-04,,,17654,3.2909
97700,0.022991,1.041e-04,,,17663,3.2925
97750,0.025204,1.040e-04,,,17672,3.2921
97800,0.023211,1.039e-04,,,17681,3.2927
97850,0.017147,1.039e-04,,,17690,3.2921
97900,0.020643,1.038e-04,,,17699,3.2930
97950,0.016017,1.037e-04,,,17708,3.2926
98000,0.024729,1.036e-04,,,17717,3.2925
98000,,,21.501,30.288,17718,
98050,0.023231,1.035e-04,,,17727,3.2926
98100,0.016977,1.035e-04,,,17736,3.2916
98150,0.024459,1.034e-04,,,17745,3.2925
98200,0.021745,1.033e-04,,,17754,3.2923
98250,0.016478,1.032e-04,,,17763,3.2920
98300,0.005236,1.032e-04,,,17772,3.2920
98350,0.015048,1.031e-04,,,17781,3.2923
98400,0.016738,1.030e-04,,,17790,3.2932
98450,0.008421,1.029e-04,,,17799,3.2926
98500,0.013074,1.028e-04,,,17808,3.2926
98550,0.015140,1.028e-04,,,17817,3.2934
98600,0.013568,1.027e-04,,,17826,3.2915
98650,0.015719,1.026e-04,,,17835,3.2926
98700,0.024599,1.025e-04,,,17844,3.2924
98750,0.028997,1.025e-04,,,17853,3.2924
98800,0.024131,1.024e-04,,,17862,3.2924
98850,0.019444,1.023e-04,,,17871,3.2921
98900,0.012910,1.022e-04,,,17880,3.2934
98950,0.021715,1.021e-04,,,17889,3.2920
99000,0.017116,1.021e-04,,,17898,3.2916
99050,0.010813,1.020e-04,,,17907,3.2922
99100,0.028401,1.019e-04,,,17916,3.2936
99150,0.017994,1.018e-04,,,17925,3.2926
99200,0.012391,1.018e-04,,,17935,3.2918
99250,0.022089,1.017e-04,,,17944,3.2929
99300,0.025523,1.016e-04,,,17953,3.2912
99350,0.019829,1.015e-04,,,17962,3.2919
99400,0.030594,1.014e-04,,,17971,3.2932
99450,0.013156,1.014e-04,,,17980,3.2920
99500,0.016786,1.013e-04,,,17989,3.2936
99550,0.024005,1.012e-04,,,17998,3.2921
99600,0.014823,1.011e-04,,,18007,3.2924
99650,0.014594,1.010e-04,,,18016,3.2922
99700,0.017079,1.010e-04,,,18025,3.2924
99750,0.007944,1.009e-04,,,18034,3.2918
99800,0.023225,1.008e-04,,,18043,3.2930
99850,0.019680,1.007e-04,,,18052,3.2920
99900,0.007380,1.007e-04,,,18062,3.2918
99950,0.017192,1.006e-04,,,18071,3.2923
100000,0.010541,1.005e-04,,,18080,3.2929
100000,,,21.501,30.395,18080,
100050,0.022746,1.004e-04,,,18089,3.2918
100100,0.016443,1.003e-04,,,18098,3.2925
100150,0.017498,1.003e-04,,,18107,3.2916
100200,0.035064,1.002e-04,,,18116,3.2917
100250,0.023229,1.001e-04,,,18125,3.2923
100300,0.018152,1.000e-04,,,18134,3.2931
100350,0.015544,9.995e-05,,,18143,3.2930
100400,0.017521,9.987e-05,,,18152,3.2926
100450,0.010800,9.980e-05,,,18161,3.2919
100500,0.013806,9.972e-05,,,18170,3.2923
100550,0.012885,9.964e-05,,,18179,3.2924
100600,0.029342,9.956e-05,,,18188,3.2923
100650,0.024491,9.948e-05,,,18197,3.2926
100700,0.025390,9.941e-05,,,18206,3.2927
100750,0.010448,9.933e-05,,,18215,3.2925
100800,0.018360,9.925e-05,,,18224,3.2910
100850,0.027755,9.917e-05,,,18233,3.2916
100900,0.033683,9.909e-05,,,18242,3.2929
100950,0.012752,9.902e-05,,,18251,3.2922
101000,0.018823,9.894e-05,,,18260,3.2929
101050,0.027010,9.886e-05,,,18269,3.2922
101100,0.007617,9.878e-05,,,18279,3.2926
101150,0.021267,9.870e-05,,,18288,3.2916
101200,0.022195,9.862e-05,,,18297,3.2933
101250,0.020842,9.855e-05,,,18306,3.2920
101300,0.021475,9.847e-05,,,18315,3.2925
101350,0.010112,9.839e-05,,,18324,3.2922
101400,0.021834,9.831e-05,,,18333,3.2926
101450,0.014494,9.823e-05,,,18342,3.2915
101500,0.011841,9.816e-05,,,18351,3.2920
101550,0.023256,9.808e-05,,,18360,3.2926
101600,0.015409,9.800e-05,,,18369,3.2909
101650,0.017146,9.792e-05,,,18378,3.2928
101700,0.014745,9.784e-05,,,18387,3.2924
101750,0.016026,9.777e-05,,,18396,3.2923
101800,0.010830,9.769e-05,,,18405,3.2925
101850,0.017177,9.761e-05,,,18414,3.2922
101900,0.021475,9.753e-05,,,18423,3.2913
101950,0.015018,9.745e-05,,,18432,3.2924
102000,0.023908,9.737e-05,,,18441,3.2927
102000,,,21.501,30.384,18441,
102050,0.016567,9.730e-05,,,18450,3.2916
102100,0.016269,9.722e-05,,,18459,3.2932
102150,0.032747,9.714e-05,,,18468,3.2917
102200,0.019081,9.706e-05,,,18477,3.2922
102250,0.011443,9.698e-05,,,18486,3.2923
102300,0.022316,9.691e-05,,,18496,3.2922
102350,0.020533,9.683e-05,,,18505,3.2921
102400,0.020982,9.675e-05,,,18514,3.2921
102450,0.016855,9.667e-05,,,18523,3.2919
102500,0.016770,9.659e-05,,,18532,3.2925
102550,0.015065,9.652e-05,,,18541,3.2923
102600,0.016519,9.644e-05,,,18550,3.2921
102650,0.017412,9.636e-05,,,18559,3.2923
102700,0.011284,9.628e-05,,,18568,3.2919
102750,0.014321,9.620e-05,,,18577,3.2922
102800,0.012556,9.613e-05,,,18586,3.2924
102850,0.009956,9.605e-05,,,18595,3.2924
102900,0.013114,9.597e-05,,,18604,3.2930
102950,0.022751,9.589e-05,,,18613,3.2924
103000,0.015404,9.581e-05,,,18622,3.2919
103050,0.008945,9.573e-05,,,18631,3.2933
103100,0.011274,9.566e-05,,,18640,3.2916
103150,0.021537,9.558e-05,,,18650,3.2923
103200,0.017669,9.550e-05,,,18659,3.2925
103250,0.017401,9.542e-05,,,18668,3.2922
103300,0.039843,9.534e-05,,,18677,3.2921
103350,0.036763,9.527e-05,,,18686,3.2924
103400,0.023331,9.519e-05,,,18695,3.2927
103450,0.022745,9.511e-05,,,18704,3.2927
103500,0.017030,9.503e-05,,,18713,3.2914
103550,0.010064,9.495e-05,,,18722,3.2924
103600,0.019346,9.488e-05,,,18731,3.2913
103650,0.015690,9.480e-05,,,18740,3.2918
103700,0.020904,9.472e-05,,,18749,3.2930
103750,0.034889,9.464e-05,,,18758,3.2923
103800,0.014017,9.456e-05,,,18767,3.2915
103850,0.027341,9.449e-05,,,18776,3.2919
103900,0.021130,9.441e-05,,,18785,3.2932
103950,0.020767,9.433e-05,,,18794,3.2922
104000,0.010583,9.425e-05,,,18803,3.2925
104000,,,21.501,30.326,18803,
104050,0.011801,9.417e-05,,,18812,3.2926
104100,0.022164,9.410e-05,,,18822,3.2918
104150,0.016963,9.402e-05,,,18831,3.2915
104200,0.015740,9.394e-05,,,18840,3.2921
104250,0.022578,9.386e-05,,,18849,3.2915
104300,0.027027,9.378e-05,,,18858,3.2925
104350,0.014396,9.371e-05,,,18867,3.2921
104400,0.015552,9.363e-05,,,18876,3.2924
104450,0.030318,9.355e-05,,,18885,3.2921
104500,0.009943,9.347e-05,,,18894,3.2921
104550,0.015629,9.339e-05,,,18903,3.2913
104600,0.019618,9.332e-05,,,18912,3.2918
104650,0.024893,9.324e-05,,,18921,3.2921
104700,0.013708,9.316e-05,,,18930,3.2926
104750,0.016756,9.308e-05,,,18939,3.2914
104800,0.018799,9.300e-05,,,18948,3.2921
104850,0.015737,9.293e-05,,,18957,3.2918
104900,0.022282,9.285e-05,,,18966,3.2917
104950,0.016121,9.277e-05,,,18975,3.2908
105000,0.015568,9.269e-05,,,18984,3.2922
105050,0.025777,9.262e-05,,,18993,3.2925
105100,0.018618,9.254e-05,,,19002,3.2916
105150,0.026532,9.246e-05,,,19011,3.2927
105200,0.017810,9.238e-05,,,19020,3.2921
105250,0.011498,9.230e-05,,,19029,3.2929
105300,0.022364,9.223e-05,,,19038,3.2927
105350,0.014220,9.215e-05,,,19047,3.2916
105400,0.014854,9.207e-05,,,19056,3.2921
105450,0.007794,9.199e-05,,,19065,3.2915
105500,0.022083,9.191e-05,,,19074,3.2928
105550,0.022712,9.184e-05,,,19083,3.2925
105600,0.016164,9.176e-05,,,19092,3.2934
105650,0.017763,9.168e-05,,,19102,3.2924
105700,0.017604,9.160e-05,,,19111,3.2916
105750,0.018268,9.153e-05,,,19120,3.2923
105800,0.008316,9.145e-05,,,19129,3.2909
105850,0.015930,9.137e-05,,,19138,3.2934
105900,0.015217,9.129e-05,,,19147,3.2925
105950,0.020934,9.121e-05,,,19156,3.2912
106000,0.015563,9.114e-05,,,19165,3.2915
106000,,,21.501,30.331,19165,
106050,0.020373,9.106e-05,,,19174,3.2915
106100,0.014410,9.098e-05,,,19183,3.2918
106150,0.022050,9.090e-05,,,19192,3.2923
106200,0.022973,9.083e-05,,,19201,3.2925
106250,0.014613,9.075e-05,,,19210,3.2927
106300,0.015878,9.067e-05,,,19219,3.2919
106350,0.011077,9.059e-05,,,19228,3.2916
106400,0.018427,9.051e-05,,,19237,3.2910
106450,0.021377,9.044e-05,,,19246,3.2910
106500,0.018853,9.036e-05,,,19255,3.2924
106550,0.028026,9.028e-05,,,19264,3.2919
106600,0.021937,9.020e-05,,,19273,3.2926
106650,0.022033,9.013e-05,,,19282,3.2923
106700,0.013872,9.005e-05,,,19291,3.2910
106750,0.017635,8.997e-05,,,19300,3.2920
106800,0.020470,8.989e-05,,,19309,3.2916
106850,0.025031,8.981e-05,,,19319,3.2909
106900,0.035130,8.974e-05,,,19328,3.2930
106950,0.016409,8.966e-05,,,19337,3.2915
107000,0.009560,8.958e-05,,,19346,3.2909
107050,0.020822,8.950e-05,,,19355,3.2918
107100,0.026803,8.943e-05,,,19364,3.2920
107150,0.011816,8.935e-05,,,19373,3.2907
107200,0.011431,8.927e-05,,,19382,3.2921
107250,0.014122,8.919e-05,,,19391,3.2910
107300,0.018748,8.912e-05,,,19400,3.2927
107350,0.027463,8.904e-05,,,19409,3.2927
107400,0.021874,8.896e-05,,,19418,3.2922
107450,0.015325,8.888e-05,,,19427,3.2915
107500,0.014491,8.881e-05,,,19436,3.2909
107550,0.015078,8.873e-05,,,19445,3.2921
107600,0.017133,8.865e-05,,,19454,3.2915
107650,0.021729,8.857e-05,,,19463,3.2916
107700,0.017074,8.849e-05,,,19472,3.2921
107750,0.017645,8.842e-05,,,19481,3.2915
107800,0.020174,8.834e-05,,,19490,3.2916
107850,0.013250,8.826e-05,,,19499,3.2911
107900,0.027248,8.818e-05,,,19509,3.2924
107950,0.024480,8.811e-05,,,19518,3.2928
108000,0.024927,8.803e-05,,,19527,3.2916
108000,,,21.501,30.365,19527,
108050,0.021468,8.795e-05,,,19536,3.2924
108100,0.012037,8.787e-05,,,19545,3.2916
108150,0.026213,8.780e-05,,,19554,3.2931
108200,0.015020,8.772e-05,,,19563,3.2919
108250,0.014418,8.764e-05,,,19572,3.2918
108300,0.012471,8.756e-05,,,19581,3.2917
108350,0.017947,8.749e-05,,,19590,3.2923
108400,0.017557,8.741e-05,,,19599,3.2917
108450,0.021007,8.733e-05,,,19608,3.2921
108500,0.017095,8.725e-05,,,19617,3.2916
108550,0.030870,8.718e-05,,,19626,3.2919
108600,0.016203,8.710e-05,,,19635,3.2907
108650,0.032292,8.702e-05,,,19644,3.2912
108700,0.019958,8.694e-05,,,19653,3.2920
108750,0.020524,8.687e-05,,,19662,3.2914
108800,0.019974,8.679e-05,,,19671,3.2919
108850,0.021295,8.671e-05,,,19680,3.2917
108900,0.013435,8.664e-05,,,19689,3.2921
108950,0.014613,8.656e-05,,,19699,3.2916
109000,0.019334,8.648e-05,,,19708,3.2919
109050,0.025229,8.640e-05,,,19717,3.2929
109100,0.013313,8.633e-05,,,19726,3.2922
109150,0.030987,8.625e-05,,,19735,3.2917
109200,0.019094,8.617e-05,,,19744,3.2913
109250,0.020742,8.609e-05,,,19753,3.2918
109300,0.010738,8.602e-05,,,19762,3.2915
109350,0.015370,8.594e-05,,,19771,3.2921
109400,0.014706,8.586e-05,,,19780,3.2919
109450,0.015644,8.578e-05,,,19789,3.2905
109500,0.016825,8.571e-05,,,19798,3.2918
109550,0.013591,8.563e-05,,,19807,3.2901
109600,0.020772,8.555e-05,,,19816,3.2908
109650,0.015896,8.548e-05,,,19825,3.2905
109700,0.014592,8.540e-05,,,19834,3.2932
109750,0.023582,8.532e-05,,,19843,3.2914
109800,0.022649,8.524e-05,,,19852,3.2919
109850,0.023787,8.517e-05,,,19861,3.2920
109900,0.011100,8.509e-05,,,19870,3.2920
109950,0.014315,8.501e-05,,,19879,3.2925
110000,0.019924,8.493e-05,,,19888,3.2925
110000,,,21.501,30.327,19888,
110050,0.012345,8.486e-05,,,19897,3.2912
110100,0.023410,8.478e-05,,,19906,3.2913
110150,0.024539,8.470e-05,,,19916,3.2915
110200,0.019977,8.463e-05,,,19925,3.2915
110250,0.015313,8.455e-05,,,19934,3.2920
110300,0.012540,8.447e-05,,,19943,3.2911
110350,0.017705,8.439e-05,,,19952,3.2922
110400,0.023066,8.432e-05,,,19961,3.2912
110450,0.022678,8.424e-05,,,19970,3.2922
110500,0.028909,8.416e-05,,,19979,3.2925
110550,0.013856,8.409e-05,,,19988,3.2915
110600,0.012664,8.401e-05,,,19997,3.2925
110650,0.018926,8.393e-05,,,20006,3.2916
110700,0.019032,8.386e-05,,,20015,3.2893
110750,0.022809,8.378e-05,,,20024,3.2922
110800,0.017449,8.370e-05,,,20033,3.2923
110850,0.022005,8.362e-05,,,20042,3.2909
110900,0.020676,8.355e-05,,,20051,3.2923
110950,0.008618,8.347e-05,,,20060,3.2915
111000,0.016514,8.339e-05,,,20069,3.2911
111050,0.012131,8.332e-05,,,20078,3.2926
111100,0.030374,8.324e-05,,,20087,3.2925
111150,0.012858,8.316e-05,,,20096,3.2920
111200,0.015755,8.309e-05,,,20105,3.2931
111250,0.025078,8.301e-05,,,20114,3.2916
111300,0.015036,8.293e-05,,,20123,3.2903
111350,0.023344,8.285e-05,,,20132,3.2927
111400,0.022275,8.278e-05,,,20141,3.2925
111450,0.015645,8.270e-05,,,20150,3.2917
111500,0.020326,8.262e-05,,,20159,3.2925
111550,0.007018,8.255e-05,,,20168,3.2904
111600,0.028975,8.247e-05,,,20177,3.2910
111650,0.017122,8.239e-05,,,20186,3.2916
111700,0.020042,8.232e-05,,,20195,3.2912
111750,0.020913,8.224e-05,,,20205,3.2908
111800,0.023938,8.216e-05,,,20214,3.2923
111850,0.020765,8.209e-05,,,20223,3.2909
111900,0.016305,8.201e-05,,,20232,3.2929
111950,0.015954,8.193e-05,,,20241,3.2921
112000,0.030648,8.186e-05,,,20250,3.2918
112000,,,21.501,30.343,20250,
112050,0.023010,8.178e-05,,,20259,3.2914
112100,0.015805,8.170e-05,,,20268,3.2911
112150,0.017888,8.163e-05,,,20277,3.2926
112200,0.022590,8.155e-05,,,20286,3.2900
112250,0.026714,8.147e-05,,,20295,3.2924
112300,0.020808,8.140e-05,,,20304,3.2912
112350,0.015400,8.132e-05,,,20313,3.2916
112400,0.023051,8.124e-05,,,20322,3.2920
112450,0.016838,8.117e-05,,,20331,3.2917
112500,0.014336,8.109e-05,,,20340,3.2909
112550,0.024208,8.101e-05,,,20349,3.2919
112600,0.011385,8.094e-05,,,20358,3.2913
112650,0.015453,8.086e-05,,,20368,3.2921
112700,0.017215,8.078e-05,,,20377,3.2911
112750,0.030508,8.071e-05,,,20386,3.2913
112800,0.032205,8.063e-05,,,20395,3.2920
112850,0.021640,8.055e-05,,,20404,3.2923
112900,0.024701,8.048e-05,,,20413,3.2918
112950,0.017434,8.040e-05,,,20422,3.2925
113000,0.019939,8.032e-05,,,20431,3.2931
113050,0.019717,8.025e-05,,,20440,3.2906
113100,0.020527,8.017e-05,,,20449,3.2909
113150,0.019371,8.009e-05,,,20458,3.2927
113200,0.017255,8.002e-05,,,20467,3.2931
113250,0.022383,7.994e-05,,,20476,3.2913
113300,0.019424,7.986e-05,,,20485,3.2913
113350,0.008395,7.979e-05,,,20494,3.2923
113400,0.018105,7.971e-05,,,20503,3.2914
113450,0.024889,7.963e-05,,,20512,3.2913
113500,0.017546,7.956e-05,,,20521,3.2915
113550,0.013933,7.948e-05,,,20530,3.2905
113600,0.013281,7.941e-05,,,20539,3.2919
113650,0.018716,7.933e-05,,,20548,3.2919
113700,0.023818,7.925e-05,,,20557,3.2915
113750,0.018229,7.918e-05,,,20566,3.2914
113800,0.010259,7.910e-05,,,20575,3.2908
113850,0.018225,7.902e-05,,,20584,3.2915
113900,0.020541,7.895e-05,,,20593,3.2920
113950,0.012365,7.887e-05,,,20602,3.2907
114000,0.019718,7.879e-05,,,20611,3.2919
114000,,,21.501,30.441,20611,
114050,0.017010,7.872e-05,,,20621,3.2907
114100,0.016307,7.864e-05,,,20630,3.2910
114150,0.025289,7.857e-05,,,20639,3.2919
114200,0.018077,7.849e-05,,,20648,3.2904
114250,0.022118,7.841e-05,,,20657,3.2921
114300,0.007917,7.834e-05,,,20666,3.2912
114350,0.014242,7.826e-05,,,20675,3.2913
114400,0.024476,7.819e-05,,,20684,3.2919
114450,0.019122,7.811e-05,,,20693,3.2914
114500,0.017614,7.803e-05,,,20702,3.2919
114550,0.021007,7.796e-05,,,20711,3.2917
114600,0.024739,7.788e-05,,,20720,3.2910
114650,0.022944,7.780e-05,,,20729,3.2924
114700,0.018254,7.773e-05,,,20738,3.2910
114750,0.029930,7.765e-05,,,20747,3.2916
114800,0.014318,7.758e-05,,,20756,3.2919
114850,0.024144,7.750e-05,,,20765,3.2912
114900,0.015037,7.742e-05,,,20774,3.2921
114950,0.012299,7.735e-05,,,20783,3.2918
115000,0.018507,7.727e-05,,,20792,3.2917
115050,0.017538,7.720e-05,,,20801,3.2904
115100,0.026120,7.712e-05,,,20810,3.2910
115150,0.018024,7.704e-05,,,20819,3.2921
115200,0.019441,7.697e-05,,,20829,3.2923
115250,0.020398,7.689e-05,,,20838,3.2918
115300,0.012310,7.682e-05,,,20847,3.2916
115350,0.020911,7.674e-05,,,20856,3.2905
115400,0.022275,7.666e-05,,,20865,3.2916
115450,0.032789,7.659e-05,,,20874,3.2907
115500,0.021854,7.651e-05,,,20883,3.2917
115550,0.018599,7.644e-05,,,20892,3.2917
115600,0.024610,7.636e-05,,,20901,3.2931
115650,0.016218,7.629e-05,,,20910,3.2907
115700,0.017850,7.621e-05,,,20919,3.2922
115750,0.016460,7.613e-05,,,20928,3.2914
115800,0.016701,7.606e-05,,,20937,3.2907
115850,0.020819,7.598e-05,,,20946,3.2912
115900,0.025708,7.591e-05,,,20955,3.2913
115950,0.019795,7.583e-05,,,20964,3.2910
116000,0.027474,7.576e-05,,,20974,3.2903
116000,,,21.501,30.285,20974,
116050,0.015566,7.568e-05,,,20983,3.2915
116100,0.031332,7.560e-05,,,20992,3.2910
116150,0.021057,7.553e-05,,,21001,3.2922
116200,0.022943,7.545e-05,,,21010,3.2927
116250,0.020746,7.538e-05,,,21019,3.2912
116300,0.022467,7.530e-05,,,21028,3.2906
116350,0.015795,7.523e-05,,,21037,3.2918
116400,0.021950,7.515e-05,,,21046,3.2908
116450,0.008972,7.507e-05,,,21055,3.2908
116500,0.026943,7.500e-05,,,21064,3.2893
116550,0.025561,7.492e-05,,,21073,3.2923
116600,0.023947,7.485e-05,,,21082,3.2919
116650,0.024252,7.477e-05,,,21091,3.2914
116700,0.029587,7.470e-05,,,21100,3.2906
116750,0.020264,7.462e-05,,,21109,3.2898
116800,0.024138,7.455e-05,,,21118,3.2905
116850,0.021154,7.447e-05,,,21128,3.2913
116900,0.015985,7.440e-05,,,21137,3.2905
116950,0.012273,7.432e-05,,,21146,3.2903
117000,0.020198,7.424e-05,,,21155,3.2912
117050,0.029027,7.417e-05,,,21164,3.2915
117100,0.017537,7.409e-05,,,21173,3.2916
117150,0.025064,7.402e-05,,,21182,3.2898
117200,0.010338,7.394e-05,,,21191,3.2906
117250,0.024162,7.387e-05,,,21200,3.2922
117300,0.015980,7.379e-05,,,21209,3.2910
117350,0.021194,7.372e-05,,,21218,3.2920
117400,0.018370,7.364e-05,,,21227,3.2911
117450,0.015613,7.357e-05,,,21236,3.2916
117500,0.017941,7.349e-05,,,21245,3.2905
117550,0.023909,7.342e-05,,,21254,3.2920
117600,0.023957,7.334e-05,,,21263,3.2915
117650,0.026259,7.327e-05,,,21272,3.2909
117700,0.019075,7.319e-05,,,21281,3.2923
117750,0.013945,7.312e-05,,,21290,3.2910
117800,0.012889,7.304e-05,,,21299,3.2931
117850,0.020578,7.297e-05,,,21309,3.2914
117900,0.017195,7.289e-05,,,21318,3.2919
117950,0.028992,7.282e-05,,,21327,3.2910
118000,0.025337,7.274e-05,,,21336,3.2916
118000,,,21.501,30.259,21336,
118050,0.009406,7.267e-05,,,21345,3.2905
118100,0.019611,7.259e-05,,,21354,3.2903
118150,0.020697,7.252e-05,,,21363,3.2924
118200,0.028637,7.244e-05,,,21372,3.2902
118250,0.024043,7.237e-05,,,21381,3.2915
118300,0.023191,7.229e-05,,,21390,3.2895
118350,0.019351,7.222e-05,,,21399,3.2919
118400,0.030192,7.214e-05,,,21408,3.2909
118450,0.026864,7.207e-05,,,21417,3.2920
118500,0.018443,7.199e-05,,,21426,3.2914
118550,0.012660,7.192e-05,,,21435,3.2922
118600,0.020083,7.184e-05,,,21444,3.2915
118650,0.013409,7.177e-05,,,21454,3.2927
118700,0.028605,7.169e-05,,,21463,3.2920
118750,0.013672,7.162e-05,,,21472,3.2926
118800,0.021595,7.154e-05,,,21481,3.2907
118850,0.017628,7.147e-05,,,21490,3.2917
118900,0.024779,7.139e-05,,,21499,3.2909
118950,0.016840,7.132e-05,,,21508,3.2896
119000,0.020310,7.124e-05,,,21517,3.2916
119050,0.012984,7.117e-05,,,21526,3.2910
119100,0.022813,7.109e-05,,,21535,3.2913
119150,0.024242,7.102e-05,,,21544,3.2911
119200,0.021967,7.094e-05,,,21553,3.2908
119250,0.022285,7.087e-05,,,21562,3.2922
119300,0.029292,7.080e-05,,,21571,3.2917
119350,0.020955,7.072e-05,,,21580,3.2903
119400,0.023909,7.065e-05,,,21589,3.2924
119450,0.023641,7.057e-05,,,21598,3.2917
119500,0.023572,7.050e-05,,,21607,3.2911
119550,0.021200,7.042e-05,,,21616,3.2921
119600,0.026047,7.035e-05,,,21625,3.2919
119650,0.025889,7.027e-05,,,21634,3.2907
119700,0.019149,7.020e-05,,,21643,3.2922
119750,0.022619,7.012e-05,,,21653,3.2912
119800,0.033420,7.005e-05,,,21662,3.2924
119850,0.024444,6.998e-05,,,21671,3.2922
119900,0.019930,6.990e-05,,,21680,3.2898
119950,0.012992,6.983e-05,,,21689,3.2893
120000,0.020652,6.975e-05,,,21698,3.2905
120000,,,21.501,30.403,21698,
120050,0.026416,6.968e-05,,,21707,3.2907
120100,0.028013,6.960e-05,,,21716,3.2906
120150,0.022306,6.953e-05,,,21725,3.2898
120200,0.021350,6.946e-05,,,21734,3.2917
120250,0.022098,6.938e-05,,,21743,3.2906
120300,0.017731,6.931e-05,,,21752,3.2898
120350,0.019987,6.923e-05,,,21761,3.2908
120400,0.027342,6.916e-05,,,21770,3.2914
120450,0.020899,6.908e-05,,,21779,3.2909
120500,0.021025,6.901e-05,,,21788,3.2905
120550,0.012194,6.894e-05,,,21798,3.2913
120600,0.017768,6.886e-05,,,21807,3.2925
120650,0.029504,6.879e-05,,,21816,3.2908
120700,0.031365,6.871e-05,,,21825,3.2904
120750,0.014771,6.864e-05,,,21834,3.2919
120800,0.016310,6.857e-05,,,21843,3.2913
120850,0.019138,6.849e-05,,,21852,3.2921
120900,0.027805,6.842e-05,,,21861,3.2899
120950,0.021965,6.834e-05,,,21870,3.2910
121000,0.025223,6.827e-05,,,21879,3.2907
121050,0.027687,6.820e-05,,,21888,3.2893
121100,0.022151,6.812e-05,,,21897,3.2904
121150,0.018572,6.805e-05,,,21906,3.2927
121200,0.019654,6.797e-05,,,21915,3.2913
121250,0.015171,6.790e-05,,,21924,3.2907
121300,0.019405,6.783e-05,,,21933,3.2906
121350,0.017933,6.775e-05,,,21942,3.2915
121400,0.015148,6.768e-05,,,21951,3.2901
121450,0.024066,6.761e-05,,,21960,3.2913
121500,0.015299,6.753e-05,,,21969,3.2912
121550,0.015408,6.746e-05,,,21978,3.2910
121600,0.020059,6.738e-05,,,21988,3.2916
121650,0.022354,6.731e-05,,,21997,3.2908
121700,0.019913,6.724e-05,,,22006,3.2923
121750,0.022366,6.716e-05,,,22015,3.2917
121800,0.022998,6.709e-05,,,22024,3.2907
121850,0.021205,6.702e-05,,,22033,3.2912
121900,0.026668,6.694e-05,,,22042,3.2906
121950,0.027642,6.687e-05,,,22051,3.2910
122000,0.014164,6.680e-05,,,22060,3.2900
122000,,,21.501,30.318,22060,
122050,0.012766,6.672e-05,,,22069,3.2890
122100,0.016728,6.665e-05,,,22078,3.2916
122150,0.022410,6.658e-05,,,22087,3.2911
122200,0.023787,6.650e-05,,,22096,3.2898
122250,0.016174,6.643e-05,,,22105,3.2901
122300,0.020444,6.635e-05,,,22114,3.2917
122350,0.015589,6.628e-05,,,22123,3.2899
122400,0.022832,6.621e-05,,,22132,3.2886
122450,0.017306,6.613e-05,,,22142,3.2920
122500,0.022445,6.606e-05,,,22151,3.2917
122550,0.025088,6.599e-05,,,22160,3.2922
122600,0.020219,6.591e-05,,,22169,3.2913
122650,0.016976,6.584e-05,,,22178,3.2896
122700,0.024081,6.577e-05,,,22187,3.2915
122750,0.016620,6.570e-05,,,22196,3.2910
122800,0.023355,6.562e-05,,,22205,3.2922
122850,0.023211,6.555e-05,,,22214,3.2915
122900,0.021558,6.548e-05,,,22223,3.2914
122950,0.023669,6.540e-05,,,22232,3.2907
123000,0.022617,6.533e-05,,,22241,3.2912
123050,0.023255,6.526e-05,,,22250,3.2905
123100,0.016593,6.518e-05,,,22259,3.2909
123150,0.024185,6.511e-05,,,22268,3.2906
123200,0.028988,6.504e-05,,,22277,3.2913
123250,0.031441,6.496e-05,,,22286,3.2913
123300,0.027219,6.489e-05,,,22296,3.2920
123350,0.018756,6.482e-05,,,22305,3.2905
123400,0.025432,6.475e-05,,,22314,3.2895
123450,0.012504,6.467e-05,,,22323,3.2912
123500,0.022209,6.460e-05,,,22332,3.2913
123550,0.021639,6.453e-05,,,22341,3.2904
123600,0.026358,6.445e-05,,,22350,3.2902
123650,0.029886,6.438e-05,,,22359,3.2925
123700,0.021433,6.431e-05,,,22368,3.2914
123750,0.023196,6.424e-05,,,22377,3.2905
123800,0.030182,6.416e-05,,,22386,3.2918
123850,0.015027,6.409e-05,,,22395,3.2920
123900,0.019427,6.402e-05,,,22404,3.2905
123950,0.036676,6.394e-05,,,22413,3.2916
124000,0.022142,6.387e-05,,,22422,3.2908
124000,,,21.501,30.373,22422,
124050,0.024167,6.380e-05,,,22431,3.2912
124100,0.013823,6.373e-05,,,22440,3.2913
124150,0.022459,6.365e-05,,,22449,3.2899
124200,0.023365,6.358e-05,,,22458,3.2901
124250,0.014776,6.351e-05,,,22467,3.2917
124300,0.018782,6.344e-05,,,22476,3.2919
124350,0.014643,6.336e-05,,,22485,3.2902
124400,0.017397,6.329e-05,,,22494,3.2917
124450,0.022582,6.322e-05,,,22503,3.2903
124500,0.033370,6.315e-05,,,22512,3.2908
124550,0.024335,6.307e-05,,,22522,3.2910
124600,0.015885,6.300e-05,,,22531,3.2895
124650,0.022656,6.293e-05,,,22540,3.2918
124700,0.030664,6.286e-05,,,22549,3.2905
124750,0.026442,6.278e-05,,,22558,3.2904
124800,0.020559,6.271e-05,,,22567,3.2913
124850,0.013666,6.264e-05,,,22576,3.2901
124900,0.028962,6.257e-05,,,22585,3.2911
124950,0.009946,6.250e-05,,,22594,3.2901
125000,0.028483,6.242e-05,,,22603,3.2910
125050,0.023506,6.235e-05,,,22612,3.2907
125100,0.029014,6.228e-05,,,22621,3.2908
125150,0.020581,6.221e-05,,,22630,3.2906
125200,0.027078,6.213e-05,,,22639,3.2903
125250,0.025953,6.206e-05,,,22648,3.2897
125300,0.027578,6.199e-05,,,22657,3.2921
125350,0.018561,6.192e-05,,,22666,3.2898
125400,0.023480,6.185e-05,,,22676,3.2918
125450,0.022582,6.177e-05,,,22685,3.2903
125500,0.014872,6.170e-05,,,22694,3.2900
125550,0.016038,6.163e-05,,,22703,3.2907
125600,0.025098,6.156e-05,,,22712,3.2915
125650,0.026902,6.149e-05,,,22721,3.2899
125700,0.016854,6.141e-05,,,22730,3.2908
125750,0.023319,6.134e-05,,,22739,3.2907
125800,0.030889,6.127e-05,,,22748,3.2895
125850,0.028341,6.120e-05,,,22757,3.2908
125900,0.010022,6.113e-05,,,22766,3.2889
125950,0.026431,6.106e-05,,,22775,3.2913
126000,0.026587,6.098e-05,,,22784,3.2900
126000,,,21.501,30.392,22784,
126050,0.027900,6.091e-05,,,22793,3.2900
126100,0.016277,6.084e-05,,,22802,3.2892
126150,0.017523,6.077e-05,,,22812,3.2920
126200,0.024006,6.070e-05,,,22821,3.2894
126250,0.029127,6.063e-05,,,22830,3.2908
126300,0.030841,6.055e-05,,,22839,3.2918
126350,0.022723,6.048e-05,,,22848,3.2905
126400,0.021017,6.041e-05,,,22857,3.2911
126450,0.027595,6.034e-05,,,22866,3.2904
126500,0.015347,6.027e-05,,,22875,3.2897
126550,0.019721,6.020e-05,,,22884,3.2913
126600,0.024247,6.012e-05,,,22893,3.2916
126650,0.029320,6.005e-05,,,22902,3.2914
126700,0.028249,5.998e-05,,,22911,3.2903
126750,0.017522,5.991e-05,,,22920,3.2908
126800,0.013101,5.984e-05,,,22929,3.2905
126850,0.020934,5.977e-05,,,22938,3.2917
126900,0.017521,5.970e-05,,,22947,3.2909
126950,0.018870,5.963e-05,,,22957,3.2883
127000,0.024842,5.955e-05,,,22966,3.2898
127050,0.013637,5.948e-05,,,22975,3.2915
127100,0.021165,5.941e-05,,,22984,3.2890
127150,0.024373,5.934e-05,,,22993,3.2907
127200,0.025857,5.927e-05,,,23002,3.2899
127250,0.021519,5.920e-05,,,23011,3.2915
127300,0.032458,5.913e-05,,,23020,3.2912
127350,0.024366,5.906e-05,,,23029,3.2905
127400,0.011904,5.899e-05,,,23038,3.2890
127450,0.022116,5.891e-05,,,23047,3.2909
127500,0.034642,5.884e-05,,,23056,3.2897
127550,0.019487,5.877e-05,,,23065,3.2911
127600,0.023445,5.870e-05,,,23074,3.2911
127650,0.021213,5.863e-05,,,23083,3.2904
127700,0.015013,5.856e-05,,,23092,3.2909
127750,0.022515,5.849e-05,,,23101,3.2894
127800,0.026208,5.842e-05,,,23110,3.2916
127850,0.013801,5.835e-05,,,23119,3.2890
127900,0.017538,5.828e-05,,,23128,3.2926
127950,0.017501,5.821e-05,,,23137,3.2885
128000,0.023860,5.813e-05,,,23146,3.2919
128000,,,21.501,30.363,23146,
128050,0.026397,5.806e-05,,,23156,3.2918
128100,0.022241,5.799e-05,,,23165,3.2917
128150,0.020105,5.792e-05,,,23174,3.2910
128200,0.020661,5.785e-05,,,23183,3.2897
128250,0.025457,5.778e-05,,,23192,3.2904
128300,0.031248,5.771e-05,,,23201,3.2900
128350,0.016415,5.764e-05,,,23210,3.2900
128400,0.020589,5.757e-05,,,23219,3.2888
128450,0.020654,5.750e-05,,,23228,3.2924
128500,0.015240,5.743e-05,,,23237,3.2901
128550,0.023418,5.736e-05,,,23246,3.2907
128600,0.026700,5.729e-05,,,23255,3.2905
128650,0.018181,5.722e-05,,,23264,3.2905
128700,0.022564,5.715e-05,,,23273,3.2891
128750,0.021968,5.708e-05,,,23282,3.2897
128800,0.014006,5.701e-05,,,23291,3.2901
128850,0.018653,5.694e-05,,,23300,3.2913
128900,0.017625,5.687e-05,,,23309,3.2899
128950,0.022017,5.680e-05,,,23318,3.2921
129000,0.034967,5.673e-05,,,23327,3.2897
129050,0.022825,5.666e-05,,,23336,3.2902
129100,0.019641,5.659e-05,,,23345,3.2899
129150,0.015475,5.652e-05,,,23354,3.2896
129200,0.025940,5.645e-05,,,23363,3.2908
129250,0.015965,5.638e-05,,,23372,3.2891
129300,0.020036,5.631e-05,,,23381,3.2900
129350,0.018728,5.624e-05,,,23390,3.2909
129400,0.027474,5.617e-05,,,23399,3.2912
129450,0.037539,5.610e-05,,,23409,3.2914
129500,0.014992,5.603e-05,,,23418,3.2896
129550,0.023003,5.596e-05,,,23427,3.2919
129600,0.033253,5.589e-05,,,23436,3.2877
129650,0.014721,5.582e-05,,,23445,3.2902
129700,0.020168,5.575e-05,,,23454,3.2916
129750,0.027037,5.568e-05,,,23463,3.2900
129800,0.026899,5.561e-05,,,23472,3.2879
129850,0.018010,5.554e-05,,,23481,3.2896
129900,0.017749,5.547e-05,,,23490,3.2898
129950,0.014259,5.540e-05,,,23499,3.2906
130000,0.023120,5.533e-05,,,23508,3.2896
130000,,,21.501,30.352,23508,
130050,0.010359,5.526e-05,,,23517,3.2897
130100,0.029705,5.519e-05,,,23526,3.2913
130150,0.031701,5.512e-05,,,23535,3.2886
130200,0.022537,5.505e-05,,,23544,3.2898
130250,0.015282,5.498e-05,,,23553,3.2916
130300,0.014994,5.491e-05,,,23562,3.2905
130350,0.032417,5.484e-05,,,23571,3.2907
130400,0.016768,5.477e-05,,,23580,3.2895
130450,0.019928,5.470e-05,,,23589,3.2891
130500,0.020086,5.463e-05,,,23598,3.2887
130550,0.013261,5.456e-05,,,23608,3.2902
130600,0.030264,5.449e-05,,,23617,3.2911
130650,0.024058,5.443e-05,,,23626,3.2918
130700,0.015608,5.436e-05,,,23635,3.2897
130750,0.021372,5.429e-05,,,23644,3.2909
130800,0.014703,5.422e-05,,,23653,3.2896
130850,0.020324,5.415e-05,,,23662,3.2919
130900,0.027183,5.408e-05,,,23671,3.2886
130950,0.024055,5.401e-05,,,23680,3.2912
131000,0.022790,5.394e-05,,,23689,3.2907
131050,0.021892,5.387e-05,,,23698,3.2907
131100,0.026838,5.380e-05,,,23707,3.2873
131150,0.021029,5.373e-05,,,23716,3.2903
131200,0.020872,5.366e-05,,,23725,3.2897
131250,0.030981,5.360e-05,,,23734,3.2907
131300,0.017577,5.353e-05,,,23743,3.2903
131350,0.022379,5.346e-05,,,23752,3.2900
131400,0.017828,5.339e-05,,,23761,3.2904
131450,0.019167,5.332e-05,,,23770,3.2909
131500,0.015833,5.325e-05,,,23779,3.2891
131550,0.025474,5.318e-05,,,23788,3.2907
131600,0.023479,5.311e-05,,,23797,3.2897
131650,0.021568,5.305e-05,,,23806,3.2913
131700,0.020977,5.298e-05,,,23815,3.2900
131750,0.026638,5.291e-05,,,23825,3.2893
131800,0.024467,5.284e-05,,,23834,3.2914
131850,0.019097,5.277e-05,,,23843,3.2912
131900,0.012903,5.270e-05,,,23852,3.2893
131950,0.022568,5.263e-05,,,23861,3.2890
132000,0.029722,5.257e-05,,,23870,3.2877
132000,,,21.501,30.415,23870,
132050,0.019545,5.250e-05,,,23879,3.2903
132100,0.025142,5.243e-05,,,23888,3.2894
132150,0.016278,5.236e-05,,,23897,3.2892
132200,0.021801,5.229e-05,,,23906,3.2900
132250,0.018620,5.222e-05,,,23915,3.2902
132300,0.021738,5.216e-05,,,23924,3.2878
132350,0.025648,5.209e-05,,,23933,3.2904
132400,0.025687,5.202e-05,,,23942,3.2902
132450,0.022211,5.195e-05,,,23951,3.2909
132500,0.017761,5.188e-05,,,23960,3.2902
132550,0.023955,5.181e-05,,,23969,3.2906
132600,0.024929,5.175e-05,,,23978,3.2905
132650,0.014327,5.168e-05,,,23987,3.2906
132700,0.016977,5.161e-05,,,23996,3.2888
132750,0.019496,5.154e-05,,,24005,3.2890
132800,0.030214,5.147e-05,,,24014,3.2922
132850,0.019188,5.141e-05,,,24024,3.2893
132900,0.018838,5.134e-05,,,24033,3.2890
132950,0.020680,5.127e-05,,,24042,3.2900
133000,0.026282,5.120e-05,,,24051,3.2912
133050,0.021326,5.113e-05,,,24060,3.2898
133100,0.017069,5.107e-05,,,24069,3.2892
133150,0.025683,5.100e-05,,,24078,3.2890
133200,0.020125,5.093e-05,,,24087,3.2913
133250,0.025016,5.086e-05,,,24096,3.2881
133300,0.029372,5.080e-05,,,24105,3.2900
133350,0.041863,5.073e-05,,,24114,3.2910
133400,0.019722,5.066e-05,,,24123,3.2905
133450,0.025497,5.059e-05,,,24132,3.2897
133500,0.016173,5.052e-05,,,24141,3.2899
133550,0.013238,5.046e-05,,,24150,3.2895
133600,0.030679,5.039e-05,,,24159,3.2915
133650,0.022641,5.032e-05,,,24168,3.2911
133700,0.020360,5.025e-05,,,24178,3.2902
133750,0.020932,5.019e-05,,,24187,3.2906
133800,0.022843,5.012e-05,,,24196,3.2901
133850,0.020437,5.005e-05,,,24205,3.2904
133900,0.017091,4.998e-05,,,24214,3.2899
133950,0.020201,4.992e-05,,,24223,3.2902
134000,0.011578,4.985e-05,,,24232,3.2871
134000,,,21.501,30.443,24232,
134050,0.033094,4.978e-05,,,24241,3.2896
134100,0.029174,4.972e-05,,,24250,3.2895
134150,0.026391,4.965e-05,,,24259,3.2912
134200,0.030018,4.958e-05,,,24268,3.2909
134250,0.029372,4.951e-05,,,24277,3.2903
134300,0.018374,4.945e-05,,,24286,3.2915
134350,0.020553,4.938e-05,,,24295,3.2894
134400,0.020097,4.931e-05,,,24304,3.2879
134450,0.031238,4.925e-05,,,24313,3.2913
134500,0.024167,4.918e-05,,,24323,3.2909
134550,0.009022,4.911e-05,,,24332,3.2903
134600,0.016522,4.905e-05,,,24341,3.2901
134650,0.021997,4.898e-05,,,24350,3.2891
134700,0.030610,4.891e-05,,,24359,3.2911
134750,0.023853,4.884e-05,,,24368,3.2889
134800,0.019185,4.878e-05,,,24377,3.2885
134850,0.021769,4.871e-05,,,24386,3.2893
134900,0.020708,4.864e-05,,,24395,3.2903
134950,0.028202,4.858e-05,,,24404,3.2903
135000,0.030456,4.851e-05,,,24413,3.2909
135050,0.019924,4.844e-05,,,24422,3.2897
135100,0.019889,4.838e-05,,,24431,3.2910
135150,0.014698,4.831e-05,,,24440,3.2898
135200,0.022876,4.825e-05,,,24449,3.2899
135250,0.029472,4.818e-05,,,24458,3.2878
135300,0.017966,4.811e-05,,,24467,3.2889
135350,0.019720,4.805e-05,,,24477,3.2908
135400,0.026268,4.798e-05,,,24486,3.2909
135450,0.012414,4.791e-05,,,24495,3.2895
135500,0.032382,4.785e-05,,,24504,3.2907
135550,0.027034,4.778e-05,,,24513,3.2892
135600,0.017503,4.771e-05,,,24522,3.2898
135650,0.025118,4.765e-05,,,24531,3.2906
135700,0.019930,4.758e-05,,,24540,3.2877
135750,0.025104,4.752e-05,,,24549,3.2902
135800,0.028126,4.745e-05,,,24558,3.2910
135850,0.023389,4.738e-05,,,24567,3.2903
135900,0.029574,4.732e-05,,,24576,3.2897
135950,0.030184,4.725e-05,,,24585,3.2904
136000,0.020146,4.719e-05,,,24594,3.2896
136000,,,21.501,30.341,24594,
136050,0.027043,4.712e-05,,,24604,3.2911
136100,0.013608,4.705e-05,,,24613,3.2914
136150,0.016676,4.699e-05,,,24622,3.2904
136200,0.018761,4.692e-05,,,24631,3.2893
136250,0.018304,4.686e-05,,,24640,3.2889
136300,0.031947,4.679e-05,,,24649,3.2893
136350,0.015370,4.672e-05,,,24658,3.2895
136400,0.025423,4.666e-05,,,24667,3.2912
136450,0.032232,4.659e-05,,,24676,3.2895
136500,0.022458,4.653e-05,,,24685,3.2886
136550,0.028822,4.646e-05,,,24694,3.2890
136600,0.034081,4.640e-05,,,24703,3.2901
136650,0.022711,4.633e-05,,,24712,3.2892
136700,0.022007,4.626e-05,,,24721,3.2885
136750,0.018062,4.620e-05,,,24730,3.2900
136800,0.021208,4.613e-05,,,24739,3.2905
136850,0.024925,4.607e-05,,,24748,3.2926
136900,0.028217,4.600e-05,,,24757,3.2908
136950,0.031052,4.594e-05,,,24766,3.2901
137000,0.023217,4.587e-05,,,24776,3.2913
137050,0.019999,4.581e-05,,,24785,3.2905
137100,0.018458,4.574e-05,,,24794,3.2910
137150,0.023658,4.568e-05,,,24803,3.2878
137200,0.029614,4.561e-05,,,24812,3.2889
137250,0.016165,4.555e-05,,,24821,3.2894
137300,0.028012,4.548e-05,,,24830,3.2880
137350,0.024461,4.542e-05,,,24839,3.2900
137400,0.022264,4.535e-05,,,24848,3.2894
137450,0.018905,4.529e-05,,,24857,3.2893
137500,0.028106,4.522e-05,,,24866,3.2910
137550,0.018317,4.516e-05,,,24875,3.2913
137600,0.018101,4.509e-05,,,24884,3.2889
137650,0.010904,4.503e-05,,,24893,3.2893
137700,0.033598,4.496e-05,,,24902,3.2883
137750,0.031557,4.490e-05,,,24911,3.2901
137800,0.025863,4.483e-05,,,24920,3.2887
137850,0.019920,4.477e-05,,,24929,3.2901
137900,0.029501,4.470e-05,,,24939,3.2880
137950,0.024243,4.464e-05,,,24948,3.2893
138000,0.018074,4.457e-05,,,24957,3.2894
138000,,,21.501,30.417,24957,
138050,0.023182,4.451e-05,,,24966,3.2897
138100,0.032206,4.444e-05,,,24975,3.2887
138150,0.016386,4.438e-05,,,24984,3.2894
138200,0.020417,4.431e-05,,,24993,3.2890
138250,0.015610,4.425e-05,,,25002,3.2903
138300,0.022052,4.419e-05,,,25011,3.2884
138350,0.019969,4.412e-05,,,25020,3.2886
138400,0.014059,4.406e-05,,,25029,3.2896
138450,0.022784,4.399e-05,,,25038,3.2900
138500,0.019707,4.393e-05,,,25047,3.2900
138550,0.018117,4.386e-05,,,25056,3.2893
138600,0.021226,4.380e-05,,,25065,3.2897
138650,0.021381,4.374e-05,,,25074,3.2904
138700,0.020237,4.367e-05,,,25084,3.2897
138750,0.033955,4.361e-05,,,25093,3.2884
138800,0.029988,4.354e-05,,,25102,3.2878
138850,0.020848,4.348e-05,,,25111,3.2898
138900,0.024080,4.341e-05,,,25120,3.2882
138950,0.025582,4.335e-05,,,25129,3.2906
139000,0.025526,4.329e-05,,,25138,3.2888
139050,0.025607,4.322e-05,,,25147,3.2894
139100,0.020924,4.316e-05,,,25156,3.2890
139150,0.026874,4.310e-05,,,25165,3.2891
139200,0.015623,4.303e-05,,,25174,3.2884
139250,0.023956,4.297e-05,,,25183,3.2909
139300,0.023513,4.290e-05,,,25192,3.2878
139350,0.022893,4.284e-05,,,25201,3.2874
139400,0.021435,4.278e-05,,,25211,3.2872
139450,0.019140,4.271e-05,,,25220,3.2913
139500,0.024620,4.265e-05,,,25229,3.2895
139550,0.035139,4.259e-05,,,25238,3.2882
139600,0.028149,4.252e-05,,,25247,3.2903
139650,0.027868,4.246e-05,,,25256,3.2874
139700,0.019843,4.240e-05,,,25265,3.2886
139750,0.025374,4.233e-05,,,25274,3.2888
139800,0.033462,4.227e-05,,,25283,3.2906
139850,0.019817,4.221e-05,,,25292,3.2885
139900,0.019365,4.214e-05,,,25301,3.2899
139950,0.022878,4.208e-05,,,25310,3.2909
140000,0.019919,4.202e-05,,,25319,3.2878
140000,,,21.501,30.468,25319,
140050,0.029190,4.195e-05,,,25328,3.2904
140100,0.028572,4.189e-05,,,25337,3.2906
140150,0.030517,4.183e-05,,,25346,3.2879
140200,0.010960,4.176e-05,,,25356,3.2882
140250,0.019669,4.170e-05,,,25365,3.2895
140300,0.021770,4.164e-05,,,25374,3.2892
140350,0.015855,4.157e-05,,,25383,3.2886
140400,0.022210,4.151e-05,,,25392,3.2885
140450,0.020839,4.145e-05,,,25401,3.2920
140500,0.023266,4.138e-05,,,25410,3.2876
140550,0.032057,4.132e-05,,,25419,3.2884
140600,0.023995,4.126e-05,,,25428,3.2887
140650,0.024655,4.120e-05,,,25437,3.2915
140700,0.016626,4.113e-05,,,25446,3.2877
140750,0.036583,4.107e-05,,,25455,3.2890
140800,0.030091,4.101e-05,,,25464,3.2890
140850,0.021390,4.095e-05,,,25473,3.2889
140900,0.024467,4.088e-05,,,25482,3.2894
140950,0.018338,4.082e-05,,,25492,3.2888
141000,0.031844,4.076e-05,,,25501,3.2877
141050,0.027959,4.070e-05,,,25510,3.2880
141100,0.017514,4.063e-05,,,25519,3.2907
141150,0.023250,4.057e-05,,,25528,3.2872
141200,0.019644,4.051e-05,,,25537,3.2883
141250,0.033281,4.045e-05,,,25546,3.2917
141300,0.030495,4.038e-05,,,25555,3.2904
141350,0.027994,4.032e-05,,,25564,3.2911
141400,0.012031,4.026e-05,,,25573,3.2878
141450,0.022211,4.020e-05,,,25582,3.2894
141500,0.015129,4.014e-05,,,25591,3.2894
141550,0.020407,4.007e-05,,,25600,3.2874
141600,0.030408,4.001e-05,,,25609,3.2901
141650,0.026784,3.995e-05,,,25618,3.2886
141700,0.021829,3.989e-05,,,25628,3.2905
141750,0.020154,3.982e-05,,,25637,3.2890
141800,0.027669,3.976e-05,,,25646,3.2901
141850,0.015201,3.970e-05,,,25655,3.2895
141900,0.028993,3.964e-05,,,25664,3.2893
141950,0.023967,3.958e-05,,,25673,3.2905
142000,0.015571,3.952e-05,,,25682,3.2885
142000,,,21.501,30.454,25682,
142050,0.029453,3.945e-05,,,25691,3.2887
142100,0.029520,3.939e-05,,,25700,3.2898
142150,0.028099,3.933e-05,,,25709,3.2906
142200,0.021793,3.927e-05,,,25718,3.2900
142250,0.020565,3.921e-05,,,25727,3.2897
142300,0.026487,3.915e-05,,,25736,3.2912
142350,0.018088,3.908e-05,,,25745,3.2894
142400,0.013727,3.902e-05,,,25754,3.2883
142450,0.020132,3.896e-05,,,25764,3.2903
142500,0.019611,3.890e-05,,,25773,3.2877
142550,0.021596,3.884e-05,,,25782,3.2902
142600,0.019392,3.878e-05,,,25791,3.2890
142650,0.020633,3.872e-05,,,25800,3.2887
142700,0.012182,3.865e-05,,,25809,3.2882
142750,0.017924,3.859e-05,,,25818,3.2878
142800,0.036107,3.853e-05,,,25827,3.2895
142850,0.031046,3.847e-05,,,25836,3.2896
142900,0.025831,3.841e-05,,,25845,3.2881
142950,0.019318,3.835e-05,,,25854,3.2879
143000,0.029767,3.829e-05,,,25863,3.2914
143050,0.027480,3.823e-05,,,25872,3.2888
143100,0.032441,3.817e-05,,,25881,3.2879
143150,0.020204,3.811e-05,,,25890,3.2896
143200,0.023336,3.804e-05,,,25900,3.2901
143250,0.021202,3.798e-05,,,25909,3.2889
143300,0.020756,3.792e-05,,,25918,3.2891
143350,0.024210,3.786e-05,,,25927,3.2911
143400,0.026735,3.780e-05,,,25936,3.2848
143450,0.025962,3.774e-05,,,25945,3.2892
143500,0.024961,3.768e-05,,,25954,3.2883
143550,0.029569,3.762e-05,,,25963,3.2888
143600,0.020310,3.756e-05,,,25972,3.2885
143650,0.017977,3.750e-05,,,25981,3.2889
143700,0.020909,3.744e-05,,,25990,3.2894
143750,0.026528,3.738e-05,,,25999,3.2876
143800,0.024191,3.732e-05,,,26008,3.2896
143850,0.026249,3.726e-05,,,26017,3.2895
143900,0.013813,3.720e-05,,,26026,3.2891
143950,0.018816,3.714e-05,,,26036,3.2894
144000,0.022960,3.708e-05,,,26045,3.2892
144000,,,21.501,30.529,26045,
144050,0.019405,3.702e-05,,,26054,3.2892
144100,0.021733,3.696e-05,,,26063,3.2903
144150,0.020483,3.690e-05,,,26072,3.2892
144200,0.020369,3.684e-05,,,26081,3.2890
144250,0.028400,3.678e-05,,,26090,3.2894
144300,0.033708,3.672e-05,,,26099,3.2894
144350,0.022699,3.666e-05,,,26108,3.2894
144400,0.030259,3.660e-05,,,26117,3.2886
144450,0.022572,3.654e-05,,,26126,3.2896
144500,0.028172,3.648e-05,,,26135,3.2890
144550,0.016377,3.642e-05,,,26144,3.2890
144600,0.019171,3.636e-05,,,26154,3.2871
144650,0.016962,3.630e-05,,,26163,3.2870
144700,0.033890,3.624e-05,,,26172,3.2905
144750,0.024037,3.618e-05,,,26181,3.2890
144800,0.025449,3.612e-05,,,26190,3.2873
144850,0.026913,3.606e-05,,,26199,3.2890
144900,0.029549,3.600e-05,,,26208,3.2896
144950,0.025421,3.594e-05,,,26217,3.2905
145000,0.025730,3.588e-05,,,26226,3.2890
145050,0.023129,3.582e-05,,,26235,3.2884
145100,0.027022,3.576e-05,,,26244,3.2884
145150,0.024512,3.570e-05,,,26253,3.2883
145200,0.022163,3.564e-05,,,26262,3.2915
145250,0.030122,3.558e-05,,,26271,3.2896
145300,0.019280,3.552e-05,,,26280,3.2899
145350,0.021021,3.546e-05,,,26289,3.2888
145400,0.023322,3.541e-05,,,26298,3.2889
145450,0.020212,3.535e-05,,,26308,3.2890
145500,0.020963,3.529e-05,,,26317,3.2897
145550,0.022652,3.523e-05,,,26326,3.2887
145600,0.021684,3.517e-05,,,26335,3.2865
145650,0.030712,3.511e-05,,,26344,3.2870
145700,0.024382,3.505e-05,,,26353,3.2854
145750,0.020465,3.499e-05,,,26362,3.2864
145800,0.018437,3.493e-05,,,26371,3.2877
145850,0.025761,3.488e-05,,,26380,3.2898
145900,0.023704,3.482e-05,,,26389,3.2883
145950,0.020931,3.476e-05,,,26398,3.2873
146000,0.018794,3.470e-05,,,26407,3.2870
146000,,,21.501,30.441,26408,
146050,0.026369,3.464e-05,,,26417,3.2909
146100,0.029953,3.458e-05,,,26426,3.2868
146150,0.026244,3.452e-05,,,26435,3.2880
146200,0.019633,3.447e-05,,,26444,3.2890
146250,0.026450,3.441e-05,,,26453,3.2891
146300,0.019898,3.435e-05,,,26462,3.2896
146350,0.018496,3.429e-05,,,26471,3.2899
146400,0.027800,3.423e-05,,,26480,3.2899
146450,0.027603,3.417e-05,,,26489,3.2893
146500,0.029793,3.412e-05,,,26498,3.2891
146550,0.027984,3.406e-05,,,26507,3.2901
146600,0.020733,3.400e-05,,,26516,3.2901
146650,0.023029,3.394e-05,,,26525,3.2892
146700,0.014932,3.388e-05,,,26534,3.2861
146750,0.030683,3.382e-05,,,26543,3.2861
146800,0.028818,3.377e-05,,,26552,3.2888
146850,0.029277,3.371e-05,,,26561,3.2882
146900,0.022761,3.365e-05,,,26570,3.2891
146950,0.026552,3.359e-05,,,26579,3.2883
147000,0.029398,3.354e-05,,,26589,3.2886
147050,0.011327,3.348e-05,,,26598,3.2880
147100,0.032280,3.342e-05,,,26607,3.2842
147150,0.021046,3.336e-05,,,26616,3.2879
147200,0.024588,3.330e-05,,,26625,3.2864
147250,0.016817,3.325e-05,,,26634,3.2859
147300,0.028827,3.319e-05,,,26643,3.2878
147350,0.026206,3.313e-05,,,26652,3.2885
147400,0.026514,3.307e-05,,,26661,3.2908
147450,0.032056,3.302e-05,,,26670,3.2905
147500,0.026045,3.296e-05,,,26679,3.2890
147550,0.038742,3.290e-05,,,26688,3.2869
147600,0.023559,3.284e-05,,,26697,3.2885
147650,0.016775,3.279e-05,,,26706,3.2867
147700,0.022870,3.273e-05,,,26715,3.2876
147750,0.022525,3.267e-05,,,26725,3.2886
147800,0.026326,3.262e-05,,,26734,3.2886
147850,0.025876,3.256e-05,,,26743,3.2899
147900,0.023270,3.250e-05,,,26752,3.2889
147950,0.023540,3.244e-05,,,26761,3.2866
148000,0.026013,3.239e-05,,,26770,3.2877
148000,,,21.501,30.491,26770,
148050,0.024688,3.233e-05,,,26779,3.2894
148100,0.020335,3.227e-05,,,26788,3.2900
148150,0.021199,3.222e-05,,,26797,3.2878
148200,0.020887,3.216e-05,,,26806,3.2880
148250,0.014376,3.210e-05,,,26815,3.2867
148300,0.036822,3.205e-05,,,26824,3.2908
148350,0.022373,3.199e-05,,,26833,3.2890
148400,0.021957,3.193e-05,,,26842,3.2861
148450,0.024575,3.188e-05,,,26851,3.2882
148500,0.025187,3.182e-05,,,26860,3.2873
148550,0.026652,3.176e-05,,,26869,3.2882
148600,0.018935,3.171e-05,,,26878,3.2885
148650,0.018795,3.165e-05,,,26887,3.2883
148700,0.018196,3.159e-05,,,26896,3.2889
148750,0.023256,3.154e-05,,,26905,3.2898
148800,0.029189,3.148e-05,,,26915,3.2875
148850,0.020816,3.143e-05,,,26924,3.2868
148900,0.035201,3.137e-05,,,26933,3.2893
148950,0.028111,3.131e-05,,,26942,3.2866
149000,0.028064,3.126e-05,,,26951,3.2874
149050,0.025520,3.120e-05,,,26960,3.2877
149100,0.024235,3.114e-05,,,26969,3.2880
149150,0.030115,3.109e-05,,,26978,3.2881
149200,0.021135,3.103e-05,,,26987,3.2876
149250,0.014246,3.098e-05,,,26996,3.2859
149300,0.028164,3.092e-05,,,27005,3.2878
149350,0.025800,3.086e-05,,,27015,3.2884
149400,0.028888,3.081e-05,,,27024,3.2884
149450,0.037042,3.075e-05,,,27033,3.2894
149500,0.020831,3.070e-05,,,27042,3.2871
149550,0.032985,3.064e-05,,,27051,3.2855
149600,0.025879,3.059e-05,,,27060,3.2856
149650,0.024908,3.053e-05,,,27069,3.2893
149700,0.018633,3.048e-05,,,27078,3.2858
149750,0.027115,3.042e-05,,,27087,3.2871
149800,0.019110,3.036e-05,,,27096,3.2904
149850,0.020838,3.031e-05,,,27105,3.2907
149900,0.025099,3.025e-05,,,27114,3.2897
149950,0.018366,3.020e-05,,,27123,3.2883
150000,0.025170,3.014e-05,,,27132,3.2894
150000,,,21.501,30.478,27132,
150050,0.026372,3.009e-05,,,27141,3.2869
150100,0.032791,3.003e-05,,,27150,3.2879
150150,0.023690,2.998e-05,,,27159,3.2877
150200,0.020694,2.992e-05,,,27168,3.2885
150250,0.014275,2.987e-05,,,27178,3.2880
150300,0.030794,2.981e-05,,,27187,3.2885
150350,0.033211,2.976e-05,,,27196,3.2895
150400,0.029228,2.970e-05,,,27205,3.2877
150450,0.021403,2.965e-05,,,27214,3.2889
150500,0.025972,2.959e-05,,,27223,3.2888
150550,0.027631,2.954e-05,,,27232,3.2871
150600,0.021612,2.948e-05,,,27241,3.2881
150650,0.018344,2.943e-05,,,27250,3.2854
150700,0.018212,2.937e-05,,,27259,3.2874
150750,0.031515,2.932e-05,,,27268,3.2882
150800,0.021895,2.926e-05,,,27277,3.2882
150850,0.024990,2.921e-05,,,27286,3.2886
150900,0.033460,2.916e-05,,,27295,3.2861
150950,0.021301,2.910e-05,,,27304,3.2879
151000,0.023458,2.905e-05,,,27313,3.2874
151050,0.022201,2.899e-05,,,27322,3.2880
151100,0.021372,2.894e-05,,,27332,3.2849
151150,0.024264,2.888e-05,,,27341,3.2886
151200,0.025905,2.883e-05,,,27350,3.2888
151250,0.025946,2.878e-05,,,27359,3.2892
151300,0.023558,2.872e-05,,,27368,3.2851
151350,0.026631,2.867e-05,,,27377,3.2887
151400,0.024852,2.861e-05,,,27386,3.2893
151450,0.035111,2.856e-05,,,27395,3.2883
151500,0.023046,2.850e-05,,,27404,3.2883
151550,0.022015,2.845e-05,,,27413,3.2882
151600,0.031500,2.840e-05,,,27422,3.2864
151650,0.028789,2.834e-05,,,27431,3.2879
151700,0.020899,2.829e-05,,,27440,3.2907
151750,0.034930,2.824e-05,,,27449,3.2891
151800,0.022322,2.818e-05,,,27458,3.2890
151850,0.025747,2.813e-05,,,27467,3.2876
151900,0.022902,2.807e-05,,,27476,3.2889
151950,0.028021,2.802e-05,,,27485,3.2861
152000,0.026131,2.797e-05,,,27494,3.2883
152000,,,21.501,30.439,27494,
152050,0.020013,2.791e-05,,,27504,3.2853
152100,0.020478,2.786e-05,,,27513,3.2872
152150,0.023521,2.781e-05,,,27522,3.2837
152200,0.024718,2.775e-05,,,27531,3.2852
152250,0.030567,2.770e-05,,,27540,3.2893
152300,0.020948,2.765e-05,,,27549,3.2868
152350,0.030903,2.759e-05,,,27558,3.2847
152400,0.023767,2.754e-05,,,27567,3.2883
152450,0.027074,2.749e-05,,,27576,3.2857
152500,0.032057,2.743e-05,,,27585,3.2886
152550,0.020955,2.738e-05,,,27594,3.2884
152600,0.025331,2.733e-05,,,27603,3.2876
152650,0.031848,2.728e-05,,,27612,3.2895
152700,0.021616,2.722e-05,,,27621,3.2905
152750,0.025326,2.717e-05,,,27630,3.2857
152800,0.015720,2.712e-05,,,27639,3.2884
152850,0.023691,2.706e-05,,,27648,3.2881
152900,0.031566,2.701e-05,,,27657,3.2880
152950,0.019735,2.696e-05,,,27667,3.2874
153000,0.029764,2.691e-05,,,27676,3.2887
153050,0.038123,2.685e-05,,,27685,3.2872
153100,0.028894,2.680e-05,,,27694,3.2875
153150,0.026085,2.675e-05,,,27703,3.2885
153200,0.028385,2.670e-05,,,27712,3.2869
153250,0.032752,2.664e-05,,,27721,3.2905
153300,0.019718,2.659e-05,,,27730,3.2890
153350,0.033716,2.654e-05,,,27739,3.2891
153400,0.023617,2.649e-05,,,27748,3.2893
153450,0.030492,2.644e-05,,,27757,3.2872
153500,0.027557,2.638e-05,,,27766,3.2857
153550,0.028545,2.633e-05,,,27775,3.2876
153600,0.026456,2.628e-05,,,27784,3.2907
153650,0.038472,2.623e-05,,,27793,3.2899
153700,0.027988,2.617e-05,,,27802,3.2880
153750,0.028403,2.612e-05,,,27811,3.2875
153800,0.021730,2.607e-05,,,27820,3.2844
153850,0.022288,2.602e-05,,,27830,3.2883
153900,0.024900,2.597e-05,,,27839,3.2892
153950,0.026127,2.592e-05,,,27848,3.2863
154000,0.021333,2.586e-05,,,27857,3.2857
154000,,,21.501,30.484,27857,
154050,0.028738,2.581e-05,,,27866,3.2870
154100,0.037592,2.576e-05,,,27875,3.2885
154150,0.013170,2.571e-05,,,27884,3.2868
154200,0.022472,2.566e-05,,,27893,3.2881
154250,0.034959,2.561e-05,,,27902,3.2874
154300,0.035984,2.555e-05,,,27911,3.2897
154350,0.029689,2.550e-05,,,27920,3.2894
154400,0.023818,2.545e-05,,,27929,3.2887
154450,0.025797,2.540e-05,,,27938,3.2888
154500,0.025375,2.535e-05,,,27947,3.2857
154550,0.019123,2.530e-05,,,27957,3.2875
154600,0.024877,2.525e-05,,,27966,3.2884
154650,0.025117,2.520e-05,,,27975,3.2863
154700,0.045634,2.514e-05,,,27984,3.2884
154750,0.028960,2.509e-05,,,27993,3.2882
154800,0.027521,2.504e-05,,,28002,3.2858
154850,0.027831,2.499e-05,,,28011,3.2860
154900,0.030603,2.494e-05,,,28020,3.2874
154950,0.022836,2.489e-05,,,28029,3.2833
155000,0.024110,2.484e-05,,,28038,3.2889
155050,0.018177,2.479e-05,,,28047,3.2892
155100,0.025151,2.474e-05,,,28056,3.2877
155150,0.032710,2.469e-05,,,28065,3.2883
155200,0.036043,2.464e-05,,,28074,3.2867
155250,0.031603,2.459e-05,,,28083,3.2863
155300,0.029771,2.454e-05,,,28092,3.2880
155350,0.025564,2.449e-05,,,28102,3.2876
155400,0.028571,2.444e-05,,,28111,3.2885
155450,0.029558,2.438e-05,,,28120,3.2907
155500,0.027158,2.433e-05,,,28129,3.2881
155550,0.019186,2.428e-05,,,28138,3.2843
155600,0.020847,2.423e-05,,,28147,3.2880
155650,0.029359,2.418e-05,,,28156,3.2876
155700,0.025985,2.413e-05,,,28165,3.2878
155750,0.027231,2.408e-05,,,28174,3.2897
155800,0.028840,2.403e-05,,,28183,3.2879
155850,0.027368,2.398e-05,,,28192,3.2887
155900,0.017516,2.393e-05,,,28201,3.2874
155950,0.023835,2.388e-05,,,28210,3.2862
156000,0.028475,2.383e-05,,,28219,3.2884
156000,,,21.501,30.467,28219,
156050,0.025949,2.378e-05,,,28229,3.2859
156100,0.029289,2.373e-05,,,28238,3.2895
156150,0.022704,2.368e-05,,,28247,3.2856
156200,0.021463,2.364e-05,,,28256,3.2856
156250,0.023002,2.359e-05,,,28265,3.2840
156300,0.031134,2.354e-05,,,28274,3.2863
156350,0.022637,2.349e-05,,,28283,3.2886
156400,0.024665,2.344e-05,,,28292,3.2897
156450,0.027544,2.339e-05,,,28301,3.2853
156500,0.025307,2.334e-05,,,28310,3.2908
156550,0.029173,2.329e-05,,,28319,3.2894
156600,0.026481,2.324e-05,,,28328,3.2869
156650,0.028873,2.319e-05,,,28337,3.2885
156700,0.020941,2.314e-05,,,28346,3.2867
156750,0.018252,2.309e-05,,,28355,3.2872
156800,0.025860,2.304e-05,,,28364,3.2849
156850,0.025366,2.299e-05,,,28373,3.2884
156900,0.018905,2.294e-05,,,28382,3.2854
156950,0.031029,2.290e-05,,,28391,3.2876
157000,0.028306,2.285e-05,,,28400,3.2859
157050,0.026961,2.280e-05,,,28409,3.2881
157100,0.023994,2.275e-05,,,28419,3.2891
157150,0.021856,2.270e-05,,,28428,3.2863
157200,0.029077,2.265e-05,,,28437,3.2899
157250,0.026245,2.260e-05,,,28446,3.2852
157300,0.019327,2.255e-05,,,28455,3.2864
157350,0.026355,2.251e-05,,,28464,3.2899
157400,0.027500,2.246e-05,,,28473,3.2855
157450,0.020909,2.241e-05,,,28482,3.2865
157500,0.024513,2.236e-05,,,28491,3.2852
157550,0.025159,2.231e-05,,,28500,3.2866
157600,0.026118,2.226e-05,,,28509,3.2901
157650,0.032628,2.222e-05,,,28518,3.2883
157700,0.036779,2.217e-05,,,28527,3.2872
157750,0.023908,2.212e-05,,,28536,3.2860
157800,0.026894,2.207e-05,,,28545,3.2859
157850,0.038582,2.202e-05,,,28554,3.2873
157900,0.018414,2.198e-05,,,28563,3.2878
157950,0.025433,2.193e-05,,,28572,3.2869
158000,0.020246,2.188e-05,,,28581,3.2895
158000,,,21.501,30.508,28581,
158050,0.023921,2.183e-05,,,28591,3.2878
158100,0.037629,2.178e-05,,,28600,3.2878
158150,0.024010,2.174e-05,,,28609,3.2885
158200,0.019544,2.169e-05,,,28618,3.2865
158250,0.037737,2.164e-05,,,28627,3.2860
158300,0.016659,2.159e-05,,,28636,3.2867
158350,0.030707,2.155e-05,,,28645,3.2876
158400,0.032595,2.150e-05,,,28654,3.2885
158450,0.024076,2.145e-05,,,28663,3.2882
158500,0.025316,2.140e-05,,,28672,3.2871
158550,0.024846,2.136e-05,,,28681,3.2882
158600,0.021381,2.131e-05,,,28690,3.2854
158650,0.021953,2.126e-05,,,28699,3.2855
158700,0.021174,2.121e-05,,,28709,3.2889
158750,0.022053,2.117e-05,,,28718,3.2851
158800,0.026806,2.112e-05,,,28727,3.2883
158850,0.034674,2.107e-05,,,28736,3.2887
158900,0.029117,2.103e-05,,,28745,3.2883
158950,0.029364,2.098e-05,,,28754,3.2847
159000,0.021003,2.093e-05,,,28763,3.2881
159050,0.027545,2.088e-05,,,28772,3.2821
159100,0.025043,2.084e-05,,,28781,3.2877
159150,0.032535,2.079e-05,,,28790,3.2864
159200,0.030889,2.074e-05,,,28799,3.2900
159250,0.033292,2.070e-05,,,28808,3.2879
159300,0.035627,2.065e-05,,,28817,3.2862
159350,0.032699,2.060e-05,,,28826,3.2875
159400,0.024857,2.056e-05,,,28835,3.2882
159450,0.026304,2.051e-05,,,28844,3.2893
159500,0.027657,2.046e-05,,,28853,3.2884
159550,0.030367,2.042e-05,,,28862,3.2855
159600,0.035919,2.037e-05,,,28871,3.2857
159650,0.031834,2.033e-05,,,28880,3.2871
159700,0.028956,2.028e-05,,,28890,3.2899
159750,0.018306,2.023e-05,,,28899,3.2841
159800,0.025652,2.019e-05,,,28908,3.2882
159850,0.022874,2.014e-05,,,28917,3.2887
159900,0.031373,2.009e-05,,,28926,3.2891
159950,0.029145,2.005e-05,,,28935,3.2883
160000,0.021793,2.000e-05,,,28944,3.2849
160000,,,21.501,30.499,28944,
160050,0.025644,1.996e-05,,,28953,3.2856
160100,0.032140,1.991e-05,,,28962,3.2876
160150,0.035853,1.987e-05,,,28971,3.2870
160200,0.023981,1.982e-05,,,28980,3.2892
160250,0.034149,1.977e-05,,,28989,3.2838
160300,0.033138,1.973e-05,,,28998,3.2893
160350,0.025817,1.968e-05,,,29007,3.2840
160400,0.028486,1.964e-05,,,29016,3.2888
160450,0.022793,1.959e-05,,,29026,3.2877
160500,0.026912,1.955e-05,,,29035,3.2864
160550,0.027324,1.950e-05,,,29044,3.2834
160600,0.026046,1.946e-05,,,29053,3.2857
160650,0.028464,1.941e-05,,,29062,3.2862
160700,0.023554,1.936e-05,,,29071,3.2829
160750,0.027562,1.932e-05,,,29080,3.2892
160800,0.016150,1.927e-05,,,29089,3.2885
160850,0.037259,1.923e-05,,,29098,3.2870
160900,0.030485,1.918e-05,,,29107,3.2893
160950,0.024735,1.914e-05,,,29116,3.2850
161000,0.027167,1.909e-05,,,29125,3.2873
161050,0.028243,1.905e-05,,,29134,3.2872
161100,0.020627,1.900e-05,,,29143,3.2856
161150,0.031543,1.896e-05,,,29152,3.2873
161200,0.024914,1.891e-05,,,29161,3.2872
161250,0.040681,1.887e-05,,,29171,3.2889
161300,0.021752,1.883e-05,,,29180,3.2859
161350,0.043319,1.878e-05,,,29189,3.2894
161400,0.024864,1.874e-05,,,29198,3.2892
161450,0.030442,1.869e-05,,,29207,3.2882
161500,0.027790,1.865e-05,,,29216,3.2854
161550,0.024613,1.860e-05,,,29225,3.2853
161600,0.019083,1.856e-05,,,29234,3.2890
161650,0.020041,1.851e-05,,,29243,3.2869
161700,0.033989,1.847e-05,,,29252,3.2857
161750,0.027813,1.843e-05,,,29261,3.2886
161800,0.023127,1.838e-05,,,29270,3.2902
161850,0.027985,1.834e-05,,,29279,3.2889
161900,0.034586,1.829e-05,,,29288,3.2842
161950,0.030086,1.825e-05,,,29297,3.2890
162000,0.040713,1.821e-05,,,29306,3.2884
162000,,,21.501,30.509,29307,
162050,0.018939,1.816e-05,,,29316,3.2864
162100,0.022597,1.812e-05,,,29325,3.2863
162150,0.031059,1.807e-05,,,29334,3.2884
162200,0.037551,1.803e-05,,,29343,3.2860
162250,0.029611,1.799e-05,,,29352,3.2877
162300,0.030662,1.794e-05,,,29361,3.2857
162350,0.025663,1.790e-05,,,29370,3.2884
162400,0.022096,1.786e-05,,,29379,3.2871
162450,0.026660,1.781e-05,,,29388,3.2876
162500,0.033608,1.777e-05,,,29397,3.2876
162550,0.028672,1.773e-05,,,29406,3.2853
162600,0.022551,1.768e-05,,,29415,3.2882
162650,0.022852,1.764e-05,,,29425,3.2862
162700,0.035897,1.760e-05,,,29434,3.2867
162750,0.023337,1.755e-05,,,29443,3.2853
162800,0.032252,1.751e-05,,,29452,3.2837
162850,0.030206,1.747e-05,,,29461,3.2857
162900,0.029276,1.742e-05,,,29470,3.2884
162950,0.028719,1.738e-05,,,29479,3.2888
163000,0.016372,1.734e-05,,,29488,3.2870
163050,0.025518,1.729e-05,,,29497,3.2872
163100,0.021135,1.725e-05,,,29506,3.2840
163150,0.027920,1.721e-05,,,29515,3.2834
163200,0.035650,1.717e-05,,,29524,3.2876
163250,0.029015,1.712e-05,,,29533,3.2882
163300,0.032627,1.708e-05,,,29542,3.2869
163350,0.037662,1.704e-05,,,29551,3.2839
163400,0.025100,1.700e-05,,,29560,3.2877
163450,0.030638,1.695e-05,,,29569,3.2877
163500,0.017655,1.691e-05,,,29578,3.2841
163550,0.022546,1.687e-05,,,29587,3.2866
163600,0.022978,1.683e-05,,,29596,3.2870
163650,0.026352,1.678e-05,,,29606,3.2852
163700,0.029348,1.674e-05,,,29615,3.2868
163750,0.015947,1.670e-05,,,29624,3.2860
163800,0.036870,1.666e-05,,,29633,3.2843
163850,0.033038,1.662e-05,,,29642,3.2843
163900,0.025373,1.657e-05,,,29651,3.2888
163950,0.028108,1.653e-05,,,29660,3.2854
164000,0.038493,1.649e-05,,,29669,3.2872
164000,,,21.501,30.525,29669,
164050,0.024529,1.645e-05,,,29678,3.2865
164100,0.023695,1.641e-05,,,29687,3.2854
164150,0.020846,1.636e-05,,,29696,3.2851
164200,0.028928,1.632e-05,,,29705,3.2863
164250,0.022475,1.628e-05,,,29714,3.2833
164300,0.022180,1.624e-05,,,29723,3.2823
164350,0.019913,1.620e-05,,,29732,3.2881
164400,0.023663,1.616e-05,,,29741,3.2872
164450,0.020151,1.611e-05,,,29750,3.2839
164500,0.025430,1.607e-05,,,29759,3.2841
164550,0.032147,1.603e-05,,,29768,3.2851
164600,0.030325,1.599e-05,,,29778,3.2862
164650,0.034987,1.595e-05,,,29787,3.2871
164700,0.027738,1.591e-05,,,29796,3.2876
164750,0.033913,1.587e-05,,,29805,3.2871
164800,0.021888,1.583e-05,,,29814,3.2865
164850,0.025490,1.579e-05,,,29823,3.2868
164900,0.022476,1.574e-05,,,29832,3.2873
164950,0.025515,1.570e-05,,,29841,3.2809
165000,0.044748,1.566e-05,,,29850,3.2856
165050,0.025546,1.562e-05,,,29859,3.2834
165100,0.024057,1.558e-05,,,29868,3.2875
165150,0.023857,1.554e-05,,,29877,3.2869
165200,0.029329,1.550e-05,,,29886,3.2882
165250,0.025747,1.546e-05,,,29895,3.2841
165300,0.032918,1.542e-05,,,29904,3.2860
165350,0.029891,1.538e-05,,,29913,3.2847
165400,0.023146,1.534e-05,,,29922,3.2865
165450,0.029057,1.530e-05,,,29932,3.2847
165500,0.027486,1.526e-05,,,29941,3.2851
165550,0.040743,1.522e-05,,,29950,3.2837
165600,0.025638,1.518e-05,,,29959,3.2870
165650,0.026324,1.514e-05,,,29968,3.2889
165700,0.026427,1.510e-05,,,29977,3.2875
165750,0.022779,1.506e-05,,,29986,3.2859
165800,0.020952,1.502e-05,,,29995,3.2852
165850,0.027637,1.498e-05,,,30004,3.2854
165900,0.037182,1.494e-05,,,30013,3.2867
165950,0.029633,1.490e-05,,,30022,3.2851
166000,0.028674,1.486e-05,,,30031,3.2851
166000,,,21.501,30.523,30031,
166050,0.030614,1.482e-05,,,30040,3.2862
166100,0.029700,1.478e-05,,,30049,3.2871
166150,0.027509,1.474e-05,,,30058,3.2867
166200,0.032293,1.470e-05,,,30067,3.2875
166250,0.016529,1.466e-05,,,30076,3.2868
166300,0.025220,1.462e-05,,,30086,3.2873
166350,0.029192,1.458e-05,,,30095,3.2844
166400,0.033836,1.454e-05,,,30104,3.2873
166450,0.029554,1.450e-05,,,30113,3.2869
166500,0.019935,1.446e-05,,,30122,3.2860
166550,0.024581,1.442e-05,,,30131,3.2859
166600,0.019000,1.438e-05,,,30140,3.2836
166650,0.034393,1.434e-05,,,30149,3.2853
166700,0.022452,1.430e-05,,,30158,3.2864
166750,0.033590,1.427e-05,,,30167,3.2867
166800,0.025450,1.423e-05,,,30176,3.2879
166850,0.026600,1.419e-05,,,30185,3.2876
166900,0.028712,1.415e-05,,,30194,3.2875
166950,0.031267,1.411e-05,,,30203,3.2856
167000,0.023856,1.407e-05,,,30213,3.2825
167050,0.030892,1.403e-05,,,30222,3.2844
167100,0.024211,1.399e-05,,,30231,3.2875
167150,0.029902,1.396e-05,,,30240,3.2855
167200,0.035785,1.392e-05,,,30249,3.2850
167250,0.028081,1.388e-05,,,30258,3.2857
167300,0.024289,1.384e-05,,,30267,3.2868
167350,0.018078,1.380e-05,,,30276,3.2828
167400,0.036911,1.376e-05,,,30285,3.2845
167450,0.034195,1.372e-05,,,30294,3.2868
167500,0.022474,1.369e-05,,,30303,3.2877
167550,0.034051,1.365e-05,,,30312,3.2865
167600,0.023789,1.361e-05,,,30321,3.2848
167650,0.036346,1.357e-05,,,30330,3.2858
167700,0.020306,1.353e-05,,,30339,3.2855
167750,0.020261,1.350e-05,,,30348,3.2866
167800,0.022186,1.346e-05,,,30357,3.2886
167850,0.029009,1.342e-05,,,30366,3.2837
167900,0.023133,1.338e-05,,,30375,3.2849
167950,0.029812,1.335e-05,,,30384,3.2871
168000,0.028185,1.331e-05,,,30394,3.2833
168000,,,21.501,30.532,30394,
168050,0.039409,1.327e-05,,,30403,3.2856
168100,0.029347,1.323e-05,,,30412,3.2862
168150,0.026219,1.319e-05,,,30421,3.2817
168200,0.030358,1.316e-05,,,30430,3.2867
168250,0.031761,1.312e-05,,,30439,3.2848
168300,0.034837,1.308e-05,,,30448,3.2845
168350,0.029892,1.305e-05,,,30457,3.2841
168400,0.027215,1.301e-05,,,30466,3.2857
168450,0.025857,1.297e-05,,,30475,3.2856
168500,0.026168,1.293e-05,,,30484,3.2878
168550,0.040463,1.290e-05,,,30494,3.2874
168600,0.029613,1.286e-05,,,30503,3.2820
168650,0.032334,1.282e-05,,,30512,3.2854
168700,0.032356,1.279e-05,,,30521,3.2870
168750,0.022057,1.275e-05,,,30530,3.2855
168800,0.027148,1.271e-05,,,30539,3.2861
168850,0.024403,1.268e-05,,,30548,3.2865
168900,0.030751,1.264e-05,,,30557,3.2843
168950,0.041214,1.260e-05,,,30566,3.2837
169000,0.023099,1.257e-05,,,30575,3.2828
169050,0.033996,1.253e-05,,,30584,3.2861
169100,0.034006,1.249e-05,,,30593,3.2857
169150,0.033035,1.246e-05,,,30602,3.2880
169200,0.037937,1.242e-05,,,30611,3.2852
169250,0.028685,1.238e-05,,,30620,3.2875
169300,0.028651,1.235e-05,,,30629,3.2842
169350,0.033936,1.231e-05,,,30638,3.2866
169400,0.026484,1.227e-05,,,30647,3.2896
169450,0.024136,1.224e-05,,,30656,3.2827
169500,0.023904,1.220e-05,,,30665,3.2838
169550,0.030274,1.217e-05,,,30674,3.2872
169600,0.028027,1.213e-05,,,30683,3.2883
169650,0.031628,1.209e-05,,,30693,3.2853
169700,0.030597,1.206e-05,,,30702,3.2838
169750,0.034912,1.202e-05,,,30711,3.2877
169800,0.031113,1.199e-05,,,30720,3.2858
169850,0.025068,1.195e-05,,,30729,3.2838
169900,0.027399,1.192e-05,,,30738,3.2865
169950,0.023091,1.188e-05,,,30747,3.2832
170000,0.022983,1.184e-05,,,30756,3.2856
170000,,,21.501,30.573,30756,
170050,0.032669,1.181e-05,,,30765,3.2845
170100,0.029444,1.177e-05,,,30774,3.2862
170150,0.032727,1.174e-05,,,30783,3.2847
170200,0.027364,1.170e-05,,,30793,3.2848
170250,0.026620,1.167e-05,,,30802,3.2870
170300,0.021155,1.163e-05,,,30811,3.2869
170350,0.020278,1.160e-05,,,30820,3.2891
170400,0.026481,1.156e-05,,,30829,3.2817
170450,0.026423,1.153e-05,,,30838,3.2826
170500,0.043009,1.149e-05,,,30847,3.2865
170550,0.032238,1.146e-05,,,30856,3.2880
170600,0.023194,1.142e-05,,,30865,3.2867
170650,0.029736,1.139e-05,,,30874,3.2875
170700,0.025147,1.135e-05,,,30883,3.2847
170750,0.034396,1.132e-05,,,30892,3.2887
170800,0.037631,1.128e-05,,,30901,3.2876
170850,0.024192,1.125e-05,,,30910,3.2838
170900,0.026811,1.122e-05,,,30919,3.2845
170950,0.021734,1.118e-05,,,30928,3.2856
171000,0.035721,1.115e-05,,,30937,3.2831
171050,0.017240,1.111e-05,,,30946,3.2844
171100,0.020957,1.108e-05,,,30955,3.2868
171150,0.032446,1.104e-05,,,30964,3.2832
171200,0.028281,1.101e-05,,,30974,3.2864
171250,0.035159,1.098e-05,,,30983,3.2839
171300,0.027568,1.094e-05,,,30992,3.2865
171350,0.017146,1.091e-05,,,31001,3.2820
171400,0.022672,1.087e-05,,,31010,3.2869
171450,0.035734,1.084e-05,,,31019,3.2865
171500,0.023293,1.081e-05,,,31028,3.2829
171550,0.036241,1.077e-05,,,31037,3.2857
171600,0.022464,1.074e-05,,,31046,3.2833
171650,0.020999,1.070e-05,,,31055,3.2849
171700,0.038881,1.067e-05,,,31064,3.2866
171750,0.020944,1.064e-05,,,31073,3.2837
171800,0.031623,1.060e-05,,,31082,3.2838
171850,0.024252,1.057e-05,,,31091,3.2847
171900,0.033219,1.054e-05,,,31100,3.2869
171950,0.037229,1.050e-05,,,31109,3.2867
172000,0.023023,1.047e-05,,,31118,3.2837
172000,,,21.501,30.548,31118,
172050,0.030138,1.044e-05,,,31128,3.2837
172100,0.022465,1.040e-05,,,31137,3.2879
172150,0.032452,1.037e-05,,,31146,3.2849
172200,0.039872,1.034e-05,,,31155,3.2836
172250,0.019104,1.030e-05,,,31164,3.2828
172300,0.044647,1.027e-05,,,31173,3.2873
172350,0.024780,1.024e-05,,,31182,3.2839
172400,0.027094,1.021e-05,,,31191,3.2868
172450,0.021974,1.017e-05,,,31200,3.2865
172500,0.029101,1.014e-05,,,31209,3.2875
172550,0.029184,1.011e-05,,,31218,3.2872
172600,0.038277,1.007e-05,,,31227,3.2862
172650,0.028841,1.004e-05,,,31236,3.2853
172700,0.038094,1.001e-05,,,31245,3.2822
172750,0.029062,9.977e-06,,,31254,3.2845
172800,0.024887,9.944e-06,,,31263,3.2827
172850,0.025396,9.912e-06,,,31272,3.2870
172900,0.030294,9.880e-06,,,31281,3.2885
172950,0.032960,9.848e-06,,,31291,3.2845
173000,0.025307,9.815e-06,,,31300,3.2868
173050,0.025485,9.783e-06,,,31309,3.2852
173100,0.030996,9.751e-06,,,31318,3.2860
173150,0.026709,9.719e-06,,,31327,3.2842
173200,0.027549,9.687e-06,,,31336,3.2856
173250,0.022019,9.655e-06,,,31345,3.2836
173300,0.027359,9.623e-06,,,31354,3.2859
173350,0.033499,9.592e-06,,,31363,3.2852
173400,0.041584,9.560e-06,,,31372,3.2854
173450,0.035150,9.528e-06,,,31381,3.2816
173500,0.029053,9.497e-06,,,31390,3.2871
173550,0.027301,9.465e-06,,,31399,3.2885
173600,0.024476,9.434e-06,,,31408,3.2850
173650,0.025398,9.402e-06,,,31417,3.2856
173700,0.024897,9.371e-06,,,31427,3.2852
173750,0.033505,9.339e-06,,,31436,3.2831
173800,0.038790,9.308e-06,,,31445,3.2865
173850,0.024582,9.277e-06,,,31454,3.2824
173900,0.026398,9.246e-06,,,31463,3.2839
173950,0.032203,9.214e-06,,,31472,3.2860
174000,0.032923,9.183e-06,,,31481,3.2875
174000,,,21.501,30.540,31481,
174050,0.028694,9.152e-06,,,31490,3.2841
174100,0.026836,9.121e-06,,,31499,3.2835
174150,0.024519,9.091e-06,,,31508,3.2879
174200,0.020745,9.060e-06,,,31517,3.2844
174250,0.020616,9.029e-06,,,31526,3.2850
174300,0.031803,8.998e-06,,,31535,3.2865
174350,0.021762,8.968e-06,,,31544,3.2802
174400,0.026840,8.937e-06,,,31553,3.2852
174450,0.027696,8.906e-06,,,31563,3.2868
174500,0.018287,8.876e-06,,,31572,3.2866
174550,0.026441,8.845e-06,,,31581,3.2843
174600,0.038180,8.815e-06,,,31590,3.2818
174650,0.022757,8.785e-06,,,31599,3.2834
174700,0.028832,8.754e-06,,,31608,3.2800
174750,0.036062,8.724e-06,,,31617,3.2855
174800,0.031744,8.694e-06,,,31626,3.2871
174850,0.034829,8.664e-06,,,31635,3.2894
174900,0.026858,8.634e-06,,,31644,3.2876
174950,0.022242,8.604e-06,,,31653,3.2829
175000,0.024736,8.574e-06,,,31662,3.2882
175050,0.030389,8.544e-06,,,31671,3.2854
175100,0.026194,8.514e-06,,,31680,3.2883
175150,0.028896,8.485e-06,,,31690,3.2860
175200,0.038588,8.455e-06,,,31699,3.2854
175250,0.021706,8.425e-06,,,31708,3.2872
175300,0.024511,8.396e-06,,,31717,3.2876
175350,0.029280,8.366e-06,,,31726,3.2859
175400,0.027196,8.337e-06,,,31735,3.2853
175450,0.026711,8.307e-06,,,31744,3.2864
175500,0.018782,8.278e-06,,,31753,3.2836
175550,0.022658,8.248e-06,,,31762,3.2821
175600,0.027585,8.219e-06,,,31771,3.2838
175650,0.030054,8.190e-06,,,31780,3.2866
175700,0.032024,8.161e-06,,,31789,3.2835
175750,0.025467,8.132e-06,,,31798,3.2853
175800,0.029798,8.103e-06,,,31807,3.2853
175850,0.024856,8.074e-06,,,31816,3.2845
175900,0.030266,8.045e-06,,,31825,3.2825
175950,0.031647,8.016e-06,,,31834,3.2832
176000,0.033866,7.987e-06,,,31843,3.2891
176000,,,21.501,30.540,31843,
176050,0.027122,7.959e-06,,,31853,3.2855
176100,0.029882,7.930e-06,,,31862,3.2814
176150,0.025974,7.901e-06,,,31871,3.2870
176200,0.023178,7.873e-06,,,31880,3.2815
176250,0.027651,7.844e-06,,,31889,3.2836
176300,0.031610,7.816e-06,,,31898,3.2872
176350,0.029500,7.787e-06,,,31907,3.2840
176400,0.019131,7.759e-06,,,31916,3.2843
176450,0.020649,7.731e-06,,,31925,3.2873
176500,0.022723,7.702e-06,,,31934,3.2823
176550,0.018611,7.674e-06,,,31943,3.2847
176600,0.032469,7.646e-06,,,31952,3.2836
176650,0.025768,7.618e-06,,,31961,3.2840
176700,0.024967,7.590e-06,,,31971,3.2850
176750,0.026771,7.562e-06,,,31980,3.2872
176800,0.030720,7.534e-06,,,31989,3.2850
176850,0.028579,7.506e-06,,,31998,3.2851
176900,0.023060,7.479e-06,,,32007,3.2816
176950,0.041534,7.451e-06,,,32016,3.2834
177000,0.023638,7.423e-06,,,32025,3.2857
177050,0.029508,7.396e-06,,,32034,3.2836
177100,0.025226,7.368e-06,,,32043,3.2883
177150,0.028965,7.341e-06,,,32052,3.2860
177200,0.029044,7.313e-06,,,32061,3.2862
177250,0.020052,7.286e-06,,,32070,3.2840
177300,0.027939,7.259e-06,,,32079,3.2823
177350,0.031187,7.231e-06,,,32088,3.2862
177400,0.031887,7.204e-06,,,32097,3.2859
177450,0.026439,7.177e-06,,,32106,3.2848
177500,0.040929,7.150e-06,,,32115,3.2857
177550,0.037033,7.123e-06,,,32124,3.2859
177600,0.027024,7.096e-06,,,32133,3.2850
177650,0.033843,7.069e-06,,,32143,3.2863
177700,0.041069,7.042e-06,,,32152,3.2855
177750,0.024317,7.015e-06,,,32161,3.2836
177800,0.032130,6.989e-06,,,32170,3.2878
177850,0.027213,6.962e-06,,,32179,3.2865
177900,0.037969,6.935e-06,,,32188,3.2853
177950,0.034298,6.909e-06,,,32197,3.2860
178000,0.037317,6.882e-06,,,32206,3.2865
178000,,,21.501,30.523,32206,
178050,0.031823,6.856e-06,,,32215,3.2867
178100,0.031853,6.830e-06,,,32225,3.2857
178150,0.032235,6.803e-06,,,32234,3.2871
178200,0.030714,6.777e-06,,,32243,3.2800
178250,0.026257,6.751e-06,,,32252,3.2857
178300,0.030022,6.725e-06,,,32261,3.2804
178350,0.044373,6.698e-06,,,32270,3.2874
178400,0.027454,6.672e-06,,,32279,3.2873
178450,0.033075,6.646e-06,,,32288,3.2850
178500,0.027612,6.621e-06,,,32297,3.2843
178550,0.031690,6.595e-06,,,32306,3.2836
178600,0.048269,6.569e-06,,,32315,3.2859
178650,0.024325,6.543e-06,,,32324,3.2871
178700,0.028839,6.517e-06,,,32333,3.2861
178750,0.036690,6.492e-06,,,32342,3.2828
178800,0.029057,6.466e-06,,,32351,3.2848
178850,0.030287,6.441e-06,,,32360,3.2826
178900,0.027484,6.415e-06,,,32370,3.2860
178950,0.028188,6.390e-06,,,32379,3.2834
179000,0.030234,6.365e-06,,,32388,3.2852
179050,0.033962,6.339e-06,,,32397,3.2840
179100,0.035456,6.314e-06,,,32406,3.2840
179150,0.022145,6.289e-06,,,32415,3.2802
179200,0.043335,6.264e-06,,,32424,3.2847
179250,0.027075,6.239e-06,,,32433,3.2871
179300,0.026503,6.214e-06,,,32442,3.2820
179350,0.032238,6.189e-06,,,32451,3.2854
179400,0.029082,6.164e-06,,,32460,3.2841
179450,0.037053,6.139e-06,,,32469,3.2854
179500,0.037644,6.114e-06,,,32478,3.2835
179550,0.033531,6.090e-06,,,32487,3.2860
179600,0.036039,6.065e-06,,,32496,3.2876
179650,0.032011,6.040e-06,,,32505,3.2825
179700,0.037088,6.016e-06,,,32515,3.2879
179750,0.042567,5.991e-06,,,32524,3.2786
179800,0.031931,5.967e-06,,,32533,3.2851
179850,0.044232,5.943e-06,,,32542,3.2866
179900,0.021678,5.918e-06,,,32551,3.2843
179950,0.027648,5.894e-06,,,32560,3.2855
180000,0.026335,5.870e-06,,,32569,3.2828
180000,,,21.501,30.570,32569,
180050,0.027838,5.846e-06,,,32578,3.2876
180100,0.031686,5.822e-06,,,32587,3.2825
180150,0.031753,5.798e-06,,,32596,3.2824
180200,0.023775,5.774e-06,,,32605,3.2864
180250,0.028769,5.750e-06,,,32614,3.2864
180300,0.035193,5.726e-06,,,32623,3.2851
180350,0.023697,5.702e-06,,,32632,3.2851
180400,0.037470,5.679e-06,,,32641,3.2820
180450,0.015546,5.655e-06,,,32651,3.2823
180500,0.029488,5.631e-06,,,32660,3.2809
180550,0.028994,5.608e-06,,,32669,3.2837
180600,0.023679,5.584e-06,,,32678,3.2848
180650,0.031924,5.561e-06,,,32687,3.2840
180700,0.033011,5.538e-06,,,32696,3.2848
180750,0.031246,5.514e-06,,,32705,3.2847
180800,0.037050,5.491e-06,,,32714,3.2822
180850,0.034613,5.468e-06,,,32723,3.2823
180900,0.033014,5.445e-06,,,32732,3.2873
180950,0.023515,5.422e-06,,,32741,3.2856
181000,0.030252,5.399e-06,,,32750,3.2884
181050,0.027628,5.376e-06,,,32759,3.2833
181100,0.030850,5.353e-06,,,32768,3.2845
181150,0.045442,5.330e-06,,,32778,3.2792
181200,0.025797,5.307e-06,,,32787,3.2833
181250,0.033750,5.284e-06,,,32796,3.2837
181300,0.034829,5.262e-06,,,32805,3.2841
181350,0.029919,5.239e-06,,,32814,3.2807
181400,0.031352,5.217e-06,,,32823,3.2855
181450,0.026782,5.194e-06,,,32832,3.2793
181500,0.035328,5.172e-06,,,32841,3.2838
181550,0.024090,5.149e-06,,,32850,3.2848
181600,0.029080,5.127e-06,,,32859,3.2841
181650,0.033223,5.105e-06,,,32868,3.2848
181700,0.024261,5.083e-06,,,32877,3.2878
181750,0.029222,5.061e-06,,,32886,3.2843
181800,0.039587,5.038e-06,,,32895,3.2844
181850,0.029791,5.016e-06,,,32904,3.2844
181900,0.031636,4.995e-06,,,32913,3.2837
181950,0.023812,4.973e-06,,,32923,3.2846
182000,0.027449,4.951e-06,,,32932,3.2856
182000,,,21.501,30.551,32932,
182050,0.040671,4.929e-06,,,32941,3.2826
182100,0.033881,4.907e-06,,,32950,3.2841
182150,0.026892,4.886e-06,,,32959,3.2814
182200,0.042114,4.864e-06,,,32968,3.2841
182250,0.020728,4.843e-06,,,32977,3.2821
182300,0.031747,4.821e-06,,,32986,3.2855
182350,0.033969,4.800e-06,,,32995,3.2858
182400,0.036947,4.778e-06,,,33004,3.2851
182450,0.036725,4.757e-06,,,33013,3.2832
182500,0.034230,4.736e-06,,,33022,3.2819
182550,0.022509,4.715e-06,,,33031,3.2795
182600,0.024049,4.693e-06,,,33040,3.2844
182650,0.038558,4.672e-06,,,33049,3.2863
182700,0.029217,4.651e-06,,,33058,3.2840
182750,0.030883,4.630e-06,,,33068,3.2818
182800,0.030067,4.609e-06,,,33077,3.2847
182850,0.036290,4.589e-06,,,33086,3.2851
182900,0.034912,4.568e-06,,,33095,3.2860
182950,0.025669,4.547e-06,,,33104,3.2829
183000,0.030852,4.527e-06,,,33113,3.2867
183050,0.033545,4.506e-06,,,33122,3.2831
183100,0.026337,4.485e-06,,,33131,3.2850
183150,0.033950,4.465e-06,,,33140,3.2850
183200,0.027791,4.445e-06,,,33149,3.2825
183250,0.027852,4.424e-06,,,33158,3.2864
183300,0.036907,4.404e-06,,,33167,3.2834
183350,0.026869,4.384e-06,,,33176,3.2826
183400,0.028504,4.363e-06,,,33185,3.2844
183450,0.049109,4.343e-06,,,33194,3.2797
183500,0.028696,4.323e-06,,,33203,3.2852
183550,0.030391,4.303e-06,,,33213,3.2807
183600,0.039274,4.283e-06,,,33222,3.2853
183650,0.030695,4.263e-06,,,33231,3.2815
183700,0.026589,4.244e-06,,,33240,3.2809
183750,0.028494,4.224e-06,,,33249,3.2852
183800,0.044619,4.204e-06,,,33258,3.2847
183850,0.032772,4.185e-06,,,33267,3.2831
183900,0.019029,4.165e-06,,,33276,3.2819
183950,0.032810,4.145e-06,,,33285,3.2871
184000,0.036083,4.126e-06,,,33294,3.2826
184000,,,21.501,30.574,33294,
184050,0.043556,4.107e-06,,,33303,3.2813
184100,0.030980,4.087e-06,,,33312,3.2825
184150,0.028572,4.068e-06,,,33322,3.2823
184200,0.034169,4.049e-06,,,33331,3.2850
184250,0.034073,4.030e-06,,,33340,3.2851
184300,0.030984,4.010e-06,,,33349,3.2822
184350,0.034063,3.991e-06,,,33358,3.2825
184400,0.030933,3.972e-06,,,33367,3.2852
184450,0.033849,3.953e-06,,,33376,3.2841
184500,0.042997,3.935e-06,,,33385,3.2861
184550,0.026177,3.916e-06,,,33394,3.2833
184600,0.041482,3.897e-06,,,33403,3.2820
184650,0.032998,3.878e-06,,,33412,3.2857
184700,0.028587,3.860e-06,,,33421,3.2845
184750,0.036132,3.841e-06,,,33430,3.2830
184800,0.034154,3.823e-06,,,33439,3.2844
184850,0.035796,3.804e-06,,,33448,3.2854
184900,0.027647,3.786e-06,,,33457,3.2859
184950,0.032783,3.767e-06,,,33466,3.2830
185000,0.035513,3.749e-06,,,33476,3.2853
185050,0.036709,3.731e-06,,,33485,3.2835
185100,0.031305,3.713e-06,,,33494,3.2834
185150,0.035428,3.695e-06,,,33503,3.2848
185200,0.029806,3.677e-06,,,33512,3.2820
185250,0.029629,3.659e-06,,,33521,3.2829
185300,0.031704,3.641e-06,,,33530,3.2808
185350,0.031877,3.623e-06,,,33539,3.2818
185400,0.038802,3.605e-06,,,33548,3.2807
185450,0.031435,3.587e-06,,,33557,3.2820
185500,0.034667,3.570e-06,,,33566,3.2832
185550,0.026333,3.552e-06,,,33575,3.2842
185600,0.028155,3.535e-06,,,33584,3.2835
185650,0.033853,3.517e-06,,,33594,3.2856
185700,0.029850,3.500e-06,,,33603,3.2827
185750,0.036547,3.482e-06,,,33612,3.2860
185800,0.032171,3.465e-06,,,33621,3.2864
185850,0.033146,3.448e-06,,,33630,3.2855
185900,0.022815,3.430e-06,,,33639,3.2804
185950,0.030138,3.413e-06,,,33648,3.2810
186000,0.034105,3.396e-06,,,33657,3.2806
186000,,,21.501,30.580,33657,
186050,0.028417,3.379e-06,,,33666,3.2828
186100,0.030411,3.362e-06,,,33675,3.2846
186150,0.026938,3.345e-06,,,33684,3.2854
186200,0.027996,3.329e-06,,,33693,3.2812
186250,0.042481,3.312e-06,,,33702,3.2858
186300,0.033037,3.295e-06,,,33711,3.2867
186350,0.031453,3.278e-06,,,33720,3.2830
186400,0.038683,3.262e-06,,,33729,3.2837
186450,0.032075,3.245e-06,,,33738,3.2811
186500,0.031357,3.229e-06,,,33748,3.2874
186550,0.029423,3.212e-06,,,33757,3.2803
186600,0.023732,3.196e-06,,,33766,3.2821
186650,0.027318,3.180e-06,,,33775,3.2850
186700,0.035981,3.163e-06,,,33784,3.2856
186750,0.021035,3.147e-06,,,33793,3.2828
186800,0.021356,3.131e-06,,,33802,3.2831
186850,0.036226,3.115e-06,,,33811,3.2879
186900,0.028481,3.099e-06,,,33820,3.2819
186950,0.036790,3.083e-06,,,33829,3.2804
187000,0.023401,3.067e-06,,,33838,3.2775
187050,0.036125,3.052e-06,,,33847,3.2803
187100,0.033859,3.036e-06,,,33856,3.2826
187150,0.037240,3.020e-06,,,33865,3.2793
187200,0.035240,3.004e-06,,,33875,3.2860
187250,0.035318,2.989e-06,,,33884,3.2849
187300,0.034727,2.973e-06,,,33893,3.2792
187350,0.039195,2.958e-06,,,33902,3.2827
187400,0.033035,2.942e-06,,,33911,3.2836
187450,0.027147,2.927e-06,,,33920,3.2858
187500,0.045628,2.912e-06,,,33929,3.2809
187550,0.025674,2.897e-06,,,33938,3.2816
187600,0.021061,2.881e-06,,,33947,3.2838
187650,0.034345,2.866e-06,,,33956,3.2877
187700,0.030595,2.851e-06,,,33965,3.2848
187750,0.024631,2.836e-06,,,33974,3.2799
187800,0.028017,2.821e-06,,,33983,3.2803
187850,0.034869,2.807e-06,,,33992,3.2847
187900,0.035181,2.792e-06,,,34001,3.2847
187950,0.036343,2.777e-06,,,34010,3.2844
188000,0.030951,2.762e-06,,,34019,3.2835
188000,,,21.501,30.580,34019,
188050,0.033828,2.748e-06,,,34029,3.2852
188100,0.027482,2.733e-06,,,34038,3.2812
188150,0.030639,2.719e-06,,,34047,3.2851
188200,0.034840,2.704e-06,,,34056,3.2837
188250,0.035965,2.690e-06,,,34065,3.2874
188300,0.044497,2.676e-06,,,34074,3.2835
188350,0.052144,2.661e-06,,,34083,3.2829
188400,0.035088,2.647e-06,,,34092,3.2858
188450,0.024419,2.633e-06,,,34101,3.2830
188500,0.035738,2.619e-06,,,34110,3.2827
188550,0.027816,2.605e-06,,,34119,3.2861
188600,0.033401,2.591e-06,,,34128,3.2824
188650,0.031381,2.577e-06,,,34137,3.2786
188700,0.024309,2.563e-06,,,34146,3.2848
188750,0.039255,2.550e-06,,,34156,3.2851
188800,0.034207,2.536e-06,,,34165,3.2850
188850,0.033813,2.522e-06,,,34174,3.2846
188900,0.018877,2.509e-06,,,34183,3.2806
188950,0.029677,2.495e-06,,,34192,3.2803
189000,0.020231,2.482e-06,,,34201,3.2842
189050,0.032678,2.468e-06,,,34210,3.2828
189100,0.036324,2.455e-06,,,34219,3.2867
189150,0.019904,2.442e-06,,,34228,3.2837
189200,0.031294,2.428e-06,,,34237,3.2849
189250,0.034310,2.415e-06,,,34246,3.2854
189300,0.029559,2.402e-06,,,34255,3.2857
189350,0.021205,2.389e-06,,,34264,3.2818
189400,0.028609,2.376e-06,,,34274,3.2820
189450,0.037604,2.363e-06,,,34283,3.2803
189500,0.029821,2.350e-06,,,34292,3.2805
189550,0.026608,2.337e-06,,,34301,3.2856
189600,0.033984,2.325e-06,,,34310,3.2850
189650,0.031962,2.312e-06,,,34319,3.2833
189700,0.033785,2.299e-06,,,34328,3.2855
189750,0.024674,2.287e-06,,,34337,3.2815
189800,0.026480,2.274e-06,,,34346,3.2848
189850,0.029930,2.262e-06,,,34355,3.2845
189900,0.030904,2.250e-06,,,34364,3.2852
189950,0.027609,2.237e-06,,,34373,3.2844
190000,0.032251,2.225e-06,,,34382,3.2808
190000,,,21.501,30.586,34383,
190050,0.034702,2.213e-06,,,34392,3.2877
190100,0.039781,2.201e-06,,,34401,3.2808
190150,0.033088,2.189e-06,,,34410,3.2816
190200,0.035475,2.177e-06,,,34419,3.2848
190250,0.026383,2.165e-06,,,34428,3.2842
190300,0.029932,2.153e-06,,,34437,3.2825
190350,0.031122,2.141e-06,,,34446,3.2831
190400,0.030995,2.129e-06,,,34455,3.2855
190450,0.031008,2.117e-06,,,34464,3.2795
190500,0.030710,2.106e-06,,,34473,3.2840
190550,0.030907,2.094e-06,,,34482,3.2809
190600,0.029797,2.083e-06,,,34491,3.2812
190650,0.026920,2.071e-06,,,34500,3.2839
190700,0.031736,2.060e-06,,,34509,3.2821
190750,0.028960,2.048e-06,,,34518,3.2823
190800,0.033303,2.037e-06,,,34527,3.2857
190850,0.024949,2.026e-06,,,34537,3.2830
190900,0.029331,2.015e-06,,,34546,3.2850
190950,0.048901,2.004e-06,,,34555,3.2860
191000,0.028141,1.993e-06,,,34564,3.2837
191050,0.043557,1.982e-06,,,34573,3.2835
191100,0.027852,1.971e-06,,,34582,3.2807
191150,0.031508,1.960e-06,,,34591,3.2823
191200,0.038594,1.949e-06,,,34600,3.2812
191250,0.038166,1.938e-06,,,34609,3.2825
191300,0.035158,1.928e-06,,,34618,3.2817
191350,0.027362,1.917e-06,,,34627,3.2799
191400,0.033524,1.907e-06,,,34636,3.2820
191450,0.032336,1.896e-06,,,34645,3.2840
191500,0.035116,1.886e-06,,,34655,3.2806
191550,0.052641,1.875e-06,,,34664,3.2834
191600,0.027737,1.865e-06,,,34673,3.2826
191650,0.026698,1.855e-06,,,34682,3.2837
191700,0.039362,1.844e-06,,,34691,3.2834
191750,0.031231,1.834e-06,,,34700,3.2788
191800,0.024412,1.824e-06,,,34709,3.2846
191850,0.030038,1.814e-06,,,34718,3.2802
191900,0.033606,1.804e-06,,,34727,3.2838
191950,0.024956,1.794e-06,,,34736,3.2833
192000,0.042933,1.785e-06,,,34745,3.2847
192000,,,21.501,30.592,34745,
192050,0.031979,1.775e-06,,,34755,3.2815
192100,0.031064,1.765e-06,,,34764,3.2812
192150,0.034428,1.755e-06,,,34773,3.2833
192200,0.039277,1.746e-06,,,34782,3.2822
192250,0.034891,1.736e-06,,,34791,3.2836
192300,0.031904,1.727e-06,,,34800,3.2849
192350,0.040064,1.718e-06,,,34809,3.2840
192400,0.030851,1.708e-06,,,34818,3.2837
192450,0.038216,1.699e-06,,,34827,3.2834
192500,0.022459,1.690e-06,,,34837,3.2800
192550,0.032450,1.681e-06,,,34846,3.2834
192600,0.040416,1.671e-06,,,34855,3.2824
192650,0.022882,1.662e-06,,,34864,3.2853
192700,0.034036,1.653e-06,,,34873,3.2846
192750,0.041570,1.645e-06,,,34882,3.2820
192800,0.033802,1.636e-06,,,34891,3.2807
192850,0.026148,1.627e-06,,,34900,3.2768
192900,0.030646,1.618e-06,,,34909,3.2793
192950,0.050308,1.609e-06,,,34918,3.2869
193000,0.033998,1.601e-06,,,34927,3.2833
193050,0.031583,1.592e-06,,,34936,3.2829
193100,0.030483,1.584e-06,,,34945,3.2838
193150,0.036653,1.575e-06,,,34954,3.2854
193200,0.037631,1.567e-06,,,34963,3.2847
193250,0.033053,1.559e-06,,,34972,3.2866
193300,0.021690,1.551e-06,,,34982,3.2816
193350,0.026144,1.542e-06,,,34991,3.2842
193400,0.041135,1.534e-06,,,35000,3.2840
193450,0.044958,1.526e-06,,,35009,3.2872
193500,0.029534,1.518e-06,,,35018,3.2852
193550,0.025394,1.510e-06,,,35027,3.2803
193600,0.032282,1.502e-06,,,35036,3.2859
193650,0.031987,1.495e-06,,,35045,3.2833
193700,0.023530,1.487e-06,,,35054,3.2797
193750,0.026490,1.479e-06,,,35063,3.2836
193800,0.033443,1.471e-06,,,35073,3.2888
193850,0.028609,1.464e-06,,,35082,3.2808
193900,0.035255,1.456e-06,,,35091,3.2850
193950,0.034413,1.449e-06,,,35100,3.2824
194000,0.035262,1.442e-06,,,35109,3.2840
194000,,,21.501,30.581,35109,
194050,0.036641,1.434e-06,,,35118,3.2854
194100,0.035161,1.427e-06,,,35127,3.2820
194150,0.027323,1.420e-06,,,35136,3.2866
194200,0.028956,1.413e-06,,,35145,3.2817
194250,0.031706,1.406e-06,,,35154,3.2809
194300,0.037604,1.399e-06,,,35163,3.2822
194350,0.020963,1.392e-06,,,35172,3.2842
194400,0.044370,1.385e-06,,,35181,3.2851
194450,0.025727,1.378e-06,,,35190,3.2806
194500,0.033923,1.371e-06,,,35199,3.2807
194550,0.031572,1.364e-06,,,35208,3.2838
194600,0.022773,1.358e-06,,,35218,3.2776
194650,0.033681,1.351e-06,,,35227,3.2806
194700,0.039664,1.345e-06,,,35236,3.2845
194750,0.029296,1.338e-06,,,35245,3.2835
194800,0.027232,1.332e-06,,,35254,3.2826
194850,0.033859,1.325e-06,,,35263,3.2799
194900,0.043762,1.319e-06,,,35272,3.2827
194950,0.042747,1.313e-06,,,35281,3.2831
195000,0.027233,1.307e-06,,,35290,3.2833
195050,0.036699,1.301e-06,,,35299,3.2792
195100,0.030175,1.295e-06,,,35308,3.2820
195150,0.026312,1.289e-06,,,35317,3.2826
195200,0.031700,1.283e-06,,,35326,3.2842
195250,0.045377,1.277e-06,,,35336,3.2850
195300,0.029860,1.271e-06,,,35345,3.2816
195350,0.028572,1.265e-06,,,35354,3.2790
195400,0.035174,1.260e-06,,,35363,3.2844
195450,0.030620,1.254e-06,,,35372,3.2860
195500,0.032105,1.248e-06,,,35381,3.2823
195550,0.027456,1.243e-06,,,35390,3.2825
195600,0.026086,1.238e-06,,,35399,3.2826
195650,0.038818,1.232e-06,,,35408,3.2814
195700,0.033081,1.227e-06,,,35417,3.2782
195750,0.027078,1.222e-06,,,35426,3.2831
195800,0.031453,1.216e-06,,,35435,3.2816
195850,0.029931,1.211e-06,,,35445,3.2813
195900,0.028538,1.206e-06,,,35454,3.2840
195950,0.028811,1.201e-06,,,35463,3.2844
196000,0.026658,1.196e-06,,,35472,3.2812
196000,,,21.501,30.584,35472,
196050,0.037733,1.191e-06,,,35481,3.2840
196100,0.031125,1.187e-06,,,35490,3.2831
196150,0.031146,1.182e-06,,,35499,3.2833
196200,0.035170,1.177e-06,,,35508,3.2853
196250,0.033532,1.173e-06,,,35517,3.2857
196300,0.038082,1.168e-06,,,35526,3.2851
196350,0.037024,1.163e-06,,,35535,3.2848
196400,0.039375,1.159e-06,,,35544,3.2792
196450,0.034968,1.155e-06,,,35553,3.2821
196500,0.031613,1.150e-06,,,35563,3.2852
196550,0.032821,1.146e-06,,,35572,3.2812
196600,0.032592,1.142e-06,,,35581,3.2824
196650,0.040069,1.138e-06,,,35590,3.2866
196700,0.031802,1.134e-06,,,35599,3.2798
196750,0.032068,1.130e-06,,,35608,3.2810
196800,0.032339,1.126e-06,,,35617,3.2842
196850,0.022185,1.122e-06,,,35626,3.2814
196900,0.032009,1.118e-06,,,35635,3.2837
196950,0.039440,1.114e-06,,,35644,3.2833
197000,0.034821,1.110e-06,,,35653,3.2830
197050,0.026994,1.107e-06,,,35662,3.2811
197100,0.039604,1.103e-06,,,35671,3.2855
197150,0.033093,1.100e-06,,,35681,3.2820
197200,0.028752,1.096e-06,,,35690,3.2838
197250,0.037164,1.093e-06,,,35699,3.2873
197300,0.029618,1.089e-06,,,35708,3.2817
197350,0.038368,1.086e-06,,,35717,3.2812
197400,0.033048,1.083e-06,,,35726,3.2825
197450,0.037498,1.080e-06,,,35735,3.2853
197500,0.038109,1.077e-06,,,35744,3.2831
197550,0.023723,1.074e-06,,,35753,3.2792
197600,0.036183,1.071e-06,,,35762,3.2784
197650,0.033739,1.068e-06,,,35771,3.2816
197700,0.025633,1.065e-06,,,35780,3.2825
197750,0.033676,1.062e-06,,,35789,3.2853
197800,0.032502,1.059e-06,,,35798,3.2822
197850,0.022995,1.057e-06,,,35808,3.2765
197900,0.032754,1.054e-06,,,35817,3.2845
197950,0.028275,1.052e-06,,,35826,3.2841
198000,0.028237,1.049e-06,,,35835,3.2820
198000,,,21.501,30.590,35835,
198050,0.033128,1.047e-06,,,35844,3.2859
198100,0.027847,1.044e-06,,,35853,3.2852
198150,0.032371,1.042e-06,,,35862,3.2835
198200,0.046759,1.040e-06,,,35871,3.2845
198250,0.035452,1.038e-06,,,35880,3.2813
198300,0.037163,1.035e-06,,,35889,3.2790
198350,0.043467,1.033e-06,,,35898,3.2838
198400,0.040938,1.031e-06,,,35907,3.2798
198450,0.034669,1.029e-06,,,35917,3.2838
198500,0.035456,1.028e-06,,,35926,3.2805
198550,0.034060,1.026e-06,,,35935,3.2806
198600,0.033427,1.024e-06,,,35944,3.2826
198650,0.027343,1.022e-06,,,35953,3.2856
198700,0.031532,1.021e-06,,,35962,3.2853
198750,0.035778,1.019e-06,,,35971,3.2823
198800,0.036048,1.018e-06,,,35980,3.2813
198850,0.035052,1.016e-06,,,35989,3.2803
198900,0.031744,1.015e-06,,,35998,3.2836
198950,0.031709,1.014e-06,,,36007,3.2860
199000,0.029675,1.012e-06,,,36016,3.2833
199050,0.025255,1.011e-06,,,36025,3.2792
199100,0.028972,1.010e-06,,,36034,3.2842
199150,0.036593,1.009e-06,,,36044,3.2811
199200,0.032695,1.008e-06,,,36053,3.2834
199250,0.028087,1.007e-06,,,36062,3.2827
199300,0.033177,1.006e-06,,,36071,3.2779
199350,0.037886,1.005e-06,,,36080,3.2851
199400,0.030995,1.004e-06,,,36089,3.2788
199450,0.024198,1.004e-06,,,36098,3.2842
199500,0.043424,1.003e-06,,,36107,3.2826
199550,0.029078,1.002e-06,,,36116,3.2820
199600,0.040876,1.002e-06,,,36125,3.2836
199650,0.035529,1.002e-06,,,36134,3.2786
199700,0.037206,1.001e-06,,,36143,3.2848
199750,0.031065,1.001e-06,,,36152,3.2855
199800,0.026343,1.000e-06,,,36161,3.2828
199850,0.057312,1.000e-06,,,36170,3.2844
199900,0.045899,1.000e-06,,,36179,3.2858
199950,0.028383,1.000e-06,,,36189,3.2784
200000,0.038588,1.000e-06,,,36198,3.2847
200000,,,21.501,30.592,36198,
